{"type":"FeatureCollection","features":[{"type":"Feature","geometry":{"type":"Polygon","coordinates":[[[9.00905,44.45766],[9.00938,44.45802],[9.00954,44.45863],[9.0105,44.45948],[9.01107,44.45981],[9.01138,44.46014],[9.01162,44.4606],[9.01266,44.4614],[9.01158,44.46189],[9.01114,44.46239],[9.01076,44.46247],[9.01013,44.46291],[9.00948,44.46322],[9.009,44.4636],[9.00905,44.46396],[9.00885,44.46415],[9.00896,44.46439],[9.0087,44.46493],[9.00817,44.46533],[9.0084,44.46592],[9.00892,44.46631],[9.00836,44.46668],[9.00861,44.46685],[9.00884,44.46736],[9.00918,44.4677],[9.00898,44.46794],[9.00881,44.46842],[9.00826,44.46893],[9.0081,44.46935],[9.00778,44.46967],[9.00699,44.4699],[9.0065,44.46993],[9.00603,44.46954],[9.00539,44.46988],[9.00523,44.46976],[9.00453,44.4701],[9.00482,44.47043],[9.00541,44.47091],[9.00675,44.47183],[9.00729,44.47272],[9.00737,44.47331],[9.00716,44.47347],[9.00709,44.47395],[9.00692,44.47411],[9.00689,44.47499],[9.00619,44.47552],[9.00605,44.47601],[9.00473,44.4776],[9.00458,44.47791],[9.00462,44.47836],[9.0048,44.47868],[9.00471,44.47889],[9.00481,44.47936],[9.00475,44.48014],[9.00464,44.48048],[9.00497,44.48096],[9.00504,44.48181],[9.00492,44.48208],[9.00487,44.48271],[9.00454,44.48316],[9.00437,44.48395],[9.00437,44.48438],[9.0041,44.48489],[9.00423,44.48523],[9.00269,44.48466],[9.00203,44.4845],[9.00151,44.48421],[9.0011,44.48412],[9.00029,44.48375],[8.9992,44.4834],[8.99796,44.48319],[8.99768,44.48309],[8.99706,44.48307],[8.996,44.4829],[8.99541,44.48267],[8.99452,44.48216],[8.99394,44.48139],[8.99333,44.48122],[8.99218,44.48064],[8.9914,44.48054],[8.99081,44.48016],[8.98991,44.47973],[8.98963,44.47965],[8.98923,44.47912],[8.98788,44.47916],[8.98698,44.47874],[8.98594,44.47802],[8.98545,44.47755],[8.98479,44.47718],[8.98453,44.47677],[8.98409,44.47632],[8.9835,44.47625],[8.98197,44.47626],[8.98062,44.47598],[8.9798,44.47557],[8.97849,44.47513],[8.97752,44.47514],[8.97663,44.47465],[8.97568,44.47444],[8.97493,44.47435],[8.97352,44.47397],[8.97291,44.47395],[8.97197,44.47372],[8.9718,44.47271],[8.97203,44.47261],[8.97181,44.47225],[8.97198,44.47211],[8.97151,44.47176],[8.97148,44.47151],[8.97112,44.47143],[8.97117,44.46999],[8.97162,44.46998],[8.97136,44.46927],[8.97136,44.46886],[8.97111,44.46854],[8.97108,44.46823],[8.97125,44.46791],[8.9713,44.46743],[8.97163,44.46701],[8.9716,44.46644],[8.97174,44.46603],[8.97139,44.46571],[8.97245,44.46533],[8.97268,44.46487],[8.9732,44.46498],[8.97359,44.46453],[8.97406,44.46453],[8.9743,44.46398],[8.9738,44.46384],[8.97369,44.46367],[8.974,44.46339],[8.97463,44.46325],[8.97457,44.46297],[8.97512,44.46263],[8.97525,44.46213],[8.97489,44.462],[8.97499,44.4617],[8.97534,44.46157],[8.97503,44.46069],[8.97535,44.46023],[8.97562,44.46011],[8.97563,44.45956],[8.97499,44.45879],[8.97431,44.45853],[8.97412,44.45818],[8.97434,44.45798],[8.97498,44.45783],[8.97601,44.45789],[8.97657,44.45808],[8.97704,44.45802],[8.97711,44.4583],[8.97756,44.45841],[8.97789,44.45833],[8.97889,44.45839],[8.97948,44.45832],[8.97989,44.45854],[8.98057,44.45943],[8.98096,44.45943],[8.98148,44.45927],[8.98209,44.46012],[8.98256,44.46054],[8.98303,44.46077],[8.98375,44.45999],[8.98406,44.45958],[8.98445,44.45965],[8.98516,44.45919],[8.98545,44.45932],[8.9859,44.45927],[8.98617,44.45956],[8.98672,44.45989],[8.98701,44.46021],[8.98753,44.46024],[8.98779,44.4598],[8.98845,44.45947],[8.9886,44.4592],[8.98913,44.4592],[8.99003,44.45903],[8.99041,44.45902],[8.99189,44.4588],[8.99239,44.45842],[8.99344,44.45846],[8.99359,44.4583],[8.99434,44.45775],[8.99487,44.45761],[8.99525,44.45707],[8.99593,44.4577],[8.9968,44.45807],[8.9967,44.45725],[8.99691,44.45711],[8.99806,44.45699],[8.99858,44.45709],[8.99859,44.45741],[9,44.45747],[9.00052,44.45724],[9.00143,44.45716],[9.0019,44.45738],[9.00186,44.45753],[9.00211,44.45828],[9.00222,44.45827],[9.00308,44.45753],[9.00403,44.4579],[9.00421,44.45763],[9.00456,44.45747],[9.0054,44.45788],[9.00592,44.45826],[9.00675,44.45851],[9.00731,44.45876],[9.00757,44.45914],[9.00796,44.45932],[9.008,44.459],[9.00865,44.45749],[9.00905,44.45766]]]},"properties":{"zona":"D08","linkzona":"GE00003342","fascia":"D","fascia_label":"Periferica","descr":"CARTAGENOVA-VALLE GEIRATO AAB.M (V.GEIRATO-V.RIOMAGGIORE-V.S.FELICE)","semestre":"2025-S2","loc_min":5.1,"loc_max":7.6,"loc_mid":6.35,"sale_min":1250.0,"sale_max":1850.0,"sup":"L","tipologia":"Abitazioni civili","stato":"NORMALE","trend":2.4,"trend_from":"2023-S2"}},{"type":"Feature","geometry":{"type":"Polygon","coordinates":[[[8.81361,44.43247],[8.81336,44.43171],[8.81245,44.43183],[8.81251,44.43231],[8.81289,44.43306],[8.81243,44.43315],[8.81245,44.43279],[8.81229,44.43244],[8.81188,44.43262],[8.81141,44.43227],[8.81135,44.43183],[8.81118,44.43145],[8.81085,44.43134],[8.81042,44.43142],[8.81042,44.43111],[8.80989,44.43065],[8.80907,44.43092],[8.80865,44.43055],[8.80926,44.42976],[8.80972,44.42938],[8.81018,44.4293],[8.81046,44.42893],[8.81044,44.42829],[8.81088,44.42828],[8.81103,44.42768],[8.81148,44.42745],[8.81155,44.42687],[8.81139,44.42681],[8.811,44.42616],[8.8115,44.42558],[8.81217,44.42446],[8.81207,44.42418],[8.81328,44.42412],[8.81388,44.42398],[8.814,44.42363],[8.81449,44.42358],[8.81466,44.42383],[8.81509,44.42387],[8.81549,44.42455],[8.81644,44.42464],[8.81676,44.42456],[8.81761,44.42453],[8.8182,44.42439],[8.81846,44.42407],[8.81893,44.42432],[8.81959,44.42441],[8.81991,44.42379],[8.82087,44.42376],[8.82121,44.42385],[8.82186,44.42423],[8.82193,44.42442],[8.82269,44.42438],[8.82251,44.42493],[8.82264,44.42598],[8.82244,44.42601],[8.82265,44.42748],[8.82237,44.42745],[8.82232,44.42823],[8.82215,44.42871],[8.82169,44.4295],[8.82126,44.4301],[8.82113,44.4304],[8.82079,44.43049],[8.82063,44.43084],[8.82022,44.43134],[8.81985,44.43133],[8.81965,44.43158],[8.81903,44.43109],[8.81845,44.43087],[8.81811,44.43084],[8.81745,44.43104],[8.81725,44.4306],[8.81706,44.42972],[8.8166,44.42981],[8.81674,44.43056],[8.81559,44.43068],[8.81496,44.43035],[8.81488,44.43065],[8.81431,44.43097],[8.81392,44.43156],[8.81388,44.43193],[8.81403,44.43307],[8.81361,44.43288],[8.81361,44.43247]]]},"properties":{"zona":"D41","linkzona":"GE00003393","fascia":"D","fascia_label":"Periferica","descr":"PEGLI PIAZZA BONAVINO (TU.M. V.LUNGOMARE DI PEGLI-V.SABOTINO-V.VESPUCCI...","semestre":"2025-S2","loc_min":5.5,"loc_max":8.1,"loc_mid":6.8,"sale_min":1750.0,"sale_max":2600.0,"sup":"L","tipologia":"Abitazioni civili","stato":"NORMALE","trend":0.0,"trend_from":"2023-S2"}},{"type":"Feature","geometry":{"type":"Polygon","coordinates":[[[8.89398,44.46606],[8.89491,44.46611],[8.8953,44.46606],[8.89496,44.46545],[8.89425,44.46495],[8.8942,44.46455],[8.89503,44.46355],[8.89549,44.4633],[8.89538,44.46311],[8.89557,44.46231],[8.89541,44.46139],[8.89572,44.46127],[8.89548,44.46074],[8.89561,44.46046],[8.89606,44.46026],[8.89726,44.46005],[8.89755,44.45993],[8.89721,44.4596],[8.8977,44.45937],[8.8982,44.45946],[8.89849,44.45896],[8.8989,44.45852],[8.8997,44.45834],[8.89989,44.45894],[8.90012,44.46001],[8.8999,44.46095],[8.90063,44.46104],[8.90112,44.46329],[8.90137,44.46387],[8.90152,44.46455],[8.90222,44.46444],[8.90269,44.46462],[8.90325,44.4643],[8.9035,44.46399],[8.90411,44.46442],[8.90479,44.4639],[8.90425,44.46341],[8.90487,44.46349],[8.90417,44.46293],[8.90501,44.46278],[8.90569,44.46273],[8.90644,44.46232],[8.90688,44.46227],[8.90717,44.46255],[8.90741,44.46301],[8.90806,44.46293],[8.90825,44.4631],[8.90825,44.46341],[8.90872,44.46428],[8.9087,44.46489],[8.90835,44.46519],[8.90769,44.46525],[8.90724,44.46558],[8.90738,44.4662],[8.9071,44.4664],[8.90716,44.46678],[8.90743,44.4668],[8.90781,44.46723],[8.90865,44.46752],[8.90873,44.46782],[8.90841,44.46843],[8.90889,44.46851],[8.90919,44.46835],[8.90999,44.46856],[8.91008,44.46894],[8.90989,44.46919],[8.91062,44.46968],[8.91098,44.4694],[8.911,44.46898],[8.91145,44.4688],[8.91145,44.46852],[8.91198,44.46828],[8.91225,44.46853],[8.9126,44.46863],[8.91328,44.46862],[8.91382,44.46874],[8.91447,44.4687],[8.91483,44.4684],[8.91522,44.46738],[8.91557,44.46708],[8.91462,44.46692],[8.91424,44.46713],[8.91436,44.46655],[8.91403,44.4662],[8.91354,44.46583],[8.9133,44.46527],[8.91321,44.46479],[8.91295,44.46447],[8.91312,44.46397],[8.91436,44.46332],[8.91456,44.46309],[8.91436,44.46259],[8.91478,44.46229],[8.91549,44.4624],[8.91485,44.46179],[8.91482,44.46137],[8.91461,44.46073],[8.91494,44.46058],[8.91541,44.46062],[8.91597,44.4608],[8.91633,44.46108],[8.9173,44.46143],[8.91801,44.46182],[8.91886,44.46207],[8.91954,44.46209],[8.92022,44.46187],[8.92123,44.46175],[8.92176,44.46179],[8.9217,44.46129],[8.92236,44.461],[8.92426,44.46071],[8.92544,44.46094],[8.9263,44.46101],[8.92634,44.46057],[8.92725,44.46045],[8.92836,44.46063],[8.92943,44.4606],[8.93029,44.46076],[8.93143,44.46142],[8.93173,44.46133],[8.93129,44.46186],[8.93124,44.46217],[8.93144,44.46274],[8.93108,44.46317],[8.9304,44.46314],[8.92929,44.46348],[8.92877,44.46347],[8.92911,44.4642],[8.92936,44.46454],[8.92997,44.46474],[8.93057,44.46517],[8.93059,44.46533],[8.93103,44.46566],[8.93095,44.46599],[8.93165,44.46629],[8.93187,44.46605],[8.93296,44.46609],[8.93353,44.46606],[8.93408,44.46613],[8.93402,44.46634],[8.93317,44.46675],[8.93277,44.46727],[8.93359,44.4675],[8.93434,44.46783],[8.93442,44.46825],[8.93486,44.46821],[8.9351,44.46834],[8.93511,44.46878],[8.93526,44.46916],[8.93505,44.46956],[8.93504,44.47002],[8.93379,44.47002],[8.93299,44.47062],[8.93247,44.47008],[8.93186,44.4706],[8.93075,44.47113],[8.93083,44.47134],[8.93062,44.47169],[8.93014,44.47191],[8.92977,44.47233],[8.92957,44.47272],[8.92952,44.47322],[8.92911,44.47352],[8.92862,44.47325],[8.92801,44.47345],[8.92785,44.473],[8.92861,44.47245],[8.92861,44.47216],[8.92825,44.47212],[8.92713,44.47237],[8.92714,44.4731],[8.927,44.47336],[8.92662,44.47367],[8.92646,44.47401],[8.92617,44.47406],[8.92533,44.47453],[8.92495,44.4749],[8.92508,44.47551],[8.92438,44.47555],[8.92424,44.47585],[8.92456,44.47634],[8.92458,44.47661],[8.92503,44.4768],[8.92391,44.47689],[8.92256,44.4771],[8.92215,44.47726],[8.92089,44.47715],[8.92031,44.47692],[8.9175,44.47616],[8.91655,44.47627],[8.91716,44.47709],[8.91779,44.47765],[8.91885,44.4792],[8.91952,44.47991],[8.91972,44.48036],[8.92062,44.48132],[8.9218,44.48313],[8.9218,44.48465],[8.92011,44.48482],[8.91956,44.48502],[8.91919,44.485],[8.91889,44.48517],[8.91827,44.48526],[8.91783,44.48503],[8.91714,44.48489],[8.91629,44.48493],[8.91575,44.48528],[8.91492,44.48479],[8.91276,44.48456],[8.91206,44.48505],[8.91149,44.48513],[8.91112,44.48558],[8.91094,44.48561],[8.91089,44.48531],[8.91071,44.48508],[8.91058,44.48475],[8.91046,44.48468],[8.90971,44.48456],[8.90937,44.48435],[8.90947,44.484],[8.90911,44.48353],[8.90942,44.48305],[8.90966,44.48303],[8.90989,44.48253],[8.90946,44.48099],[8.90938,44.4805],[8.90831,44.47962],[8.90812,44.47936],[8.90771,44.47911],[8.9076,44.47892],[8.90699,44.47868],[8.9062,44.47901],[8.90516,44.4788],[8.90427,44.47823],[8.90434,44.4775],[8.90393,44.47751],[8.90383,44.47776],[8.90335,44.47767],[8.90304,44.47742],[8.90329,44.47711],[8.90255,44.47693],[8.90276,44.4767],[8.90217,44.47666],[8.90304,44.47591],[8.90342,44.4761],[8.90377,44.47552],[8.90416,44.4755],[8.90319,44.475],[8.90278,44.47457],[8.90285,44.47423],[8.90242,44.47371],[8.90192,44.47422],[8.90213,44.47295],[8.90159,44.47307],[8.90182,44.47269],[8.90207,44.47161],[8.90215,44.47076],[8.90215,44.46984],[8.90206,44.46918],[8.90177,44.46771],[8.90185,44.46763],[8.90163,44.46659],[8.90121,44.46642],[8.90067,44.46579],[8.89923,44.46654],[8.89905,44.46743],[8.89885,44.46888],[8.8987,44.46936],[8.89663,44.47039],[8.89553,44.47148],[8.89455,44.47208],[8.89394,44.47228],[8.89322,44.47236],[8.89259,44.47231],[8.89278,44.47123],[8.89305,44.47082],[8.89297,44.47024],[8.89323,44.46968],[8.89386,44.46934],[8.89342,44.46903],[8.89357,44.4686],[8.8934,44.46838],[8.89377,44.468],[8.89409,44.46791],[8.89413,44.46768],[8.89387,44.4675],[8.89426,44.46717],[8.89469,44.46695],[8.89418,44.46674],[8.89386,44.46634],[8.89354,44.46642],[8.89329,44.466],[8.89398,44.46606]]]},"properties":{"zona":"D29","linkzona":"GE00003376","fascia":"D","fascia_label":"Periferica","descr":"VAL SECCA FV.B. (V.MOREGO-V.SARDORELLA-V.LUNGOTORRENTE SECCA-LOC.CREMEN...","semestre":"2025-S2","loc_min":4.8,"loc_max":7.0,"loc_mid":5.9,"sup":"L","tipologia":"Abitazioni di tipo economico","stato":"NORMALE","trend":3.5,"trend_from":"2023-S2"}},{"type":"Feature","geometry":{"type":"Polygon","coordinates":[[[8.9961,44.41046],[8.9955,44.41069],[8.99495,44.41078],[8.99451,44.41071],[8.99423,44.41043],[8.9937,44.41029],[8.99309,44.40978],[8.9931,44.4095],[8.99336,44.40872],[8.99328,44.40824],[8.99299,44.40798],[8.99278,44.40747],[8.99231,44.40697],[8.99248,44.40643],[8.99194,44.40618],[8.99123,44.40567],[8.99167,44.40543],[8.99217,44.40531],[8.99293,44.40548],[8.99364,44.40575],[8.99394,44.40571],[8.99406,44.40534],[8.99461,44.40525],[8.99509,44.40549],[8.99572,44.40599],[8.9963,44.40558],[8.99683,44.40557],[8.99735,44.40573],[8.99734,44.40546],[8.99767,44.40536],[8.99751,44.40501],[8.99768,44.40457],[8.99752,44.40396],[8.99801,44.40381],[8.99893,44.40379],[8.99904,44.40355],[8.99894,44.40321],[8.99912,44.40285],[8.9988,44.40233],[8.99895,44.40223],[8.99851,44.4017],[8.99876,44.4016],[8.99951,44.40095],[9.00012,44.4011],[9.00065,44.40153],[9.00153,44.40181],[9.00205,44.40211],[9.00232,44.40198],[9.00384,44.40104],[9.00402,44.40132],[9.00489,44.401],[9.00528,44.40094],[9.00577,44.40145],[9.00629,44.40151],[9.00748,44.40193],[9.00832,44.40259],[9.00882,44.40288],[9.00916,44.40356],[9.00979,44.4034],[9.01024,44.40378],[9.01072,44.40443],[9.0117,44.40514],[9.01146,44.40536],[9.01139,44.40565],[9.01103,44.40638],[9.01065,44.40672],[9.0103,44.40681],[9.01133,44.40781],[9.01222,44.40856],[9.01284,44.40894],[9.01206,44.4091],[9.01105,44.40947],[9.00997,44.40942],[9.00943,44.40954],[9.00864,44.40951],[9.00799,44.40958],[9.00741,44.40953],[9.0057,44.40969],[9.00574,44.40988],[9.00508,44.40978],[9.00463,44.40987],[9.00434,44.4096],[9.00379,44.40974],[9.00327,44.40955],[9.00273,44.4096],[9.00216,44.40977],[9.00159,44.40975],[9.00128,44.40961],[9.00042,44.40962],[8.99978,44.40995],[8.9996,44.40971],[8.99906,44.41009],[8.99836,44.40986],[8.99739,44.41036],[8.99719,44.41005],[8.99644,44.41057],[8.9961,44.41046]]]},"properties":{"zona":"D17","linkzona":"GE00003335","fascia":"D","fascia_label":"Periferica","descr":"APPARIZIONE AAB.A (V.MONACO SIMONE-V.APPARIZIONE-SALITA CARRUPOLA)","semestre":"2025-S2","loc_min":6.3,"loc_max":9.4,"loc_mid":7.85,"sale_min":1700.0,"sale_max":2500.0,"sup":"L","tipologia":"Abitazioni civili","stato":"NORMALE","trend":0.0,"trend_from":"2023-S2"}},{"type":"Feature","geometry":{"type":"Polygon","coordinates":[[[9.05738,44.48118],[9.05655,44.48182],[9.05563,44.48224],[9.05476,44.48245],[9.054,44.48292],[9.05369,44.48285],[9.05247,44.48232],[9.05192,44.48213],[9.05079,44.48201],[9.04977,44.48152],[9.04887,44.48159],[9.04849,44.48148],[9.04792,44.48152],[9.04725,44.48123],[9.04673,44.48112],[9.04552,44.48102],[9.04467,44.4807],[9.04408,44.4804],[9.04282,44.48017],[9.04251,44.47987],[9.04209,44.47996],[9.0416,44.48072],[9.04111,44.48112],[9.04053,44.48172],[9.04062,44.48219],[9.03897,44.48277],[9.03704,44.48328],[9.03653,44.48346],[9.03553,44.48315],[9.03533,44.48295],[9.03485,44.48312],[9.0344,44.48338],[9.03365,44.48359],[9.03306,44.48366],[9.03255,44.48299],[9.03204,44.48261],[9.03114,44.48226],[9.03095,44.48211],[9.03017,44.48184],[9.02979,44.48142],[9.02987,44.48099],[9.02975,44.48042],[9.02897,44.48],[9.02851,44.47929],[9.0278,44.47882],[9.02781,44.47861],[9.02739,44.47839],[9.0268,44.47791],[9.02666,44.47771],[9.02471,44.47762],[9.02438,44.47748],[9.02348,44.47732],[9.02355,44.47718],[9.02265,44.47647],[9.02205,44.47673],[9.02161,44.47669],[9.0212,44.47683],[9.02043,44.47673],[9.0197,44.47682],[9.01878,44.47705],[9.01813,44.47679],[9.01722,44.47612],[9.01661,44.47581],[9.01607,44.47565],[9.01602,44.47537],[9.01569,44.47459],[9.01485,44.47375],[9.01352,44.4734],[9.01268,44.4731],[9.01192,44.47303],[9.01177,44.4725],[9.01138,44.47228],[9.01024,44.47215],[9.01053,44.47183],[9.01126,44.47149],[9.01134,44.47151],[9.01238,44.47056],[9.01264,44.47027],[9.01297,44.47053],[9.01388,44.47076],[9.01448,44.47037],[9.01487,44.47045],[9.01532,44.47071],[9.01552,44.47046],[9.01601,44.47016],[9.01655,44.46947],[9.01667,44.46911],[9.01655,44.46879],[9.01693,44.46838],[9.01703,44.46813],[9.01747,44.46804],[9.01692,44.46777],[9.01671,44.46738],[9.01677,44.46686],[9.01631,44.46677],[9.0158,44.46638],[9.01534,44.46653],[9.01512,44.46599],[9.0147,44.46536],[9.014,44.46497],[9.01463,44.46464],[9.01511,44.4649],[9.01588,44.46465],[9.01663,44.46449],[9.01793,44.46448],[9.01863,44.46431],[9.01895,44.46466],[9.0196,44.46505],[9.02018,44.46493],[9.02233,44.46505],[9.02301,44.46497],[9.02356,44.46402],[9.02357,44.46366],[9.0245,44.46364],[9.02531,44.46393],[9.02555,44.46369],[9.02607,44.46354],[9.02535,44.46295],[9.02571,44.46271],[9.0254,44.46246],[9.02509,44.46181],[9.02515,44.46143],[9.02555,44.46111],[9.02597,44.4611],[9.02642,44.46095],[9.02685,44.46119],[9.02767,44.4609],[9.02772,44.46057],[9.02751,44.46044],[9.02731,44.4599],[9.02748,44.45897],[9.02802,44.45847],[9.02784,44.45784],[9.02745,44.45735],[9.02765,44.4571],[9.02771,44.45653],[9.02826,44.45618],[9.02862,44.45534],[9.0289,44.45513],[9.02925,44.45451],[9.0293,44.45403],[9.02995,44.45398],[9.02997,44.4535],[9.0302,44.45274],[9.02971,44.45268],[9.02849,44.45281],[9.02846,44.45249],[9.02816,44.45178],[9.0284,44.45146],[9.02978,44.45054],[9.03028,44.4504],[9.03064,44.45041],[9.03103,44.4506],[9.03135,44.45089],[9.03193,44.45174],[9.03232,44.45195],[9.03301,44.45181],[9.03326,44.45135],[9.03345,44.45138],[9.03423,44.45158],[9.03478,44.45138],[9.03504,44.45144],[9.03573,44.45211],[9.03593,44.45259],[9.03559,44.45319],[9.03569,44.45348],[9.03653,44.45407],[9.03671,44.45466],[9.03727,44.45491],[9.03787,44.45616],[9.03858,44.45635],[9.03895,44.45631],[9.03947,44.45606],[9.03985,44.45604],[9.0402,44.4563],[9.04025,44.45667],[9.03977,44.45721],[9.04038,44.45777],[9.04029,44.45814],[9.03943,44.45843],[9.03921,44.45872],[9.03939,44.45904],[9.04016,44.45937],[9.04022,44.45959],[9.0397,44.46047],[9.03982,44.46074],[9.0411,44.46137],[9.04201,44.46164],[9.04236,44.46184],[9.04237,44.46239],[9.04219,44.46276],[9.04229,44.46308],[9.04263,44.46328],[9.04297,44.4633],[9.04341,44.46315],[9.04388,44.46329],[9.04367,44.464],[9.04383,44.4642],[9.04433,44.46433],[9.04431,44.46473],[9.0439,44.4651],[9.04449,44.46529],[9.04505,44.46557],[9.04469,44.46601],[9.04485,44.46622],[9.04531,44.46621],[9.0461,44.46671],[9.04623,44.46689],[9.04674,44.46698],[9.04729,44.46734],[9.0474,44.4677],[9.04789,44.46784],[9.04874,44.4683],[9.04881,44.46873],[9.04914,44.46885],[9.04982,44.46889],[9.05018,44.46909],[9.05056,44.46964],[9.05049,44.47022],[9.05085,44.47056],[9.05153,44.47076],[9.05219,44.47114],[9.05203,44.47182],[9.05168,44.47204],[9.05186,44.47242],[9.05144,44.47277],[9.05107,44.47288],[9.05127,44.47328],[9.05113,44.47353],[9.05142,44.47376],[9.0512,44.47431],[9.05108,44.47491],[9.05199,44.47585],[9.05184,44.47611],[9.05214,44.4766],[9.05265,44.47674],[9.05321,44.47753],[9.05315,44.47791],[9.05334,44.47812],[9.05331,44.47852],[9.05372,44.47887],[9.05456,44.47893],[9.05581,44.47994],[9.05621,44.48043],[9.05738,44.48118]]]},"properties":{"zona":"R1","linkzona":"GE00003364","fascia":"R","fascia_label":"Extraurbana","descr":"CONFINE CON DAVAGNA AAB.B (LOCALITA`NOCETO)","semestre":"2025-S2","loc_min":4.5,"loc_max":6.6,"loc_mid":5.55,"sup":"L","tipologia":"Abitazioni di tipo economico","stato":"NORMALE","trend":0.0,"trend_from":"2023-S2"}},{"type":"Feature","geometry":{"type":"Polygon","coordinates":[[[8.89129,44.44052],[8.89103,44.44046],[8.88985,44.44048],[8.88987,44.4382],[8.88994,44.43509],[8.88987,44.43464],[8.88979,44.43366],[8.88989,44.43337],[8.88996,44.43069],[8.88994,44.43005],[8.88977,44.42932],[8.88861,44.42735],[8.88951,44.42712],[8.89076,44.42667],[8.89103,44.42701],[8.89214,44.42691],[8.89398,44.42781],[8.89608,44.42778],[8.8967,44.42736],[8.8973,44.42727],[8.898,44.42748],[8.89811,44.42731],[8.89882,44.42732],[8.89883,44.42754],[8.89916,44.42856],[8.8995,44.42889],[8.89986,44.42908],[8.90052,44.42994],[8.89994,44.43039],[8.89916,44.43081],[8.89952,44.43177],[8.89927,44.43179],[8.8993,44.43264],[8.89972,44.43294],[8.89894,44.43321],[8.89972,44.43386],[8.89971,44.43418],[8.89945,44.43466],[8.89995,44.4353],[8.90019,44.43535],[8.90065,44.43522],[8.90123,44.43516],[8.901,44.43549],[8.90076,44.43537],[8.90039,44.43563],[8.90056,44.43601],[8.90099,44.43586],[8.90137,44.43616],[8.90091,44.43639],[8.90082,44.43662],[8.90096,44.43706],[8.90135,44.43783],[8.90197,44.43862],[8.90175,44.43873],[8.90301,44.44029],[8.90331,44.44018],[8.90398,44.4412],[8.90303,44.4415],[8.90234,44.44132],[8.90189,44.44112],[8.89984,44.44053],[8.89912,44.44103],[8.8985,44.44067],[8.89765,44.43996],[8.89708,44.44057],[8.8973,44.44075],[8.89699,44.44111],[8.89709,44.44142],[8.89674,44.44161],[8.89624,44.4415],[8.89512,44.44085],[8.89466,44.44048],[8.89384,44.44098],[8.89361,44.44121],[8.89291,44.44092],[8.89257,44.4409],[8.89285,44.44164],[8.89278,44.44183],[8.89298,44.44244],[8.89354,44.44293],[8.89415,44.44396],[8.89287,44.44418],[8.89242,44.44289],[8.8916,44.44072],[8.89129,44.44052]]]},"properties":{"zona":"D49","linkzona":"GE00003404","fascia":"D","fascia_label":"Periferica","descr":"RIVAROLO TU.M. (V.JORI-V.VEZZANI-V.CANEPARI)","semestre":"2025-S2","loc_min":5.6,"loc_max":8.2,"loc_mid":6.9,"sale_min":910.0,"sale_max":1350.0,"sup":"L","tipologia":"Abitazioni civili","stato":"NORMALE","trend":0.0,"trend_from":"2023-S2"}},{"type":"Feature","geometry":{"type":"MultiPolygon","coordinates":[[[[8.79626,44.42471],[8.79625,44.42471],[8.7964,44.42469],[8.79626,44.42471]]],[[[8.79473,44.42423],[8.7948,44.42406],[8.79541,44.42394],[8.79565,44.424],[8.79561,44.42425],[8.79568,44.42477],[8.7951,44.42472],[8.79497,44.42421],[8.79473,44.42423]]],[[[8.7921,44.43194],[8.79274,44.43237],[8.79325,44.43244],[8.79327,44.43222],[8.79369,44.43219],[8.79386,44.43238],[8.79404,44.43266],[8.79398,44.43299],[8.79421,44.43339],[8.79413,44.43359],[8.79259,44.43339],[8.79296,44.43309],[8.79266,44.43287],[8.79184,44.43287],[8.79148,44.43298],[8.79021,44.43287],[8.78942,44.43262],[8.78944,44.43317],[8.78911,44.43314],[8.78924,44.43199],[8.78875,44.43128],[8.78818,44.43172],[8.7877,44.43197],[8.78733,44.43181],[8.78723,44.43156],[8.78678,44.43158],[8.78615,44.43173],[8.786,44.43154],[8.78484,44.43172],[8.78454,44.43169],[8.78442,44.43205],[8.78418,44.43218],[8.78347,44.43192],[8.7824,44.43175],[8.78238,44.43148],[8.78186,44.43139],[8.78127,44.4316],[8.78158,44.43198],[8.78187,44.43212],[8.78211,44.4325],[8.78192,44.43311],[8.78122,44.43321],[8.78071,44.43295],[8.78005,44.43279],[8.77994,44.43298],[8.77881,44.43325],[8.7787,44.43339],[8.77793,44.4334],[8.77806,44.43369],[8.77773,44.43401],[8.77727,44.43363],[8.777,44.43308],[8.77682,44.43305],[8.77616,44.43259],[8.7754,44.43259],[8.77505,44.43247],[8.77493,44.43219],[8.77447,44.43233],[8.77434,44.43257],[8.77325,44.43234],[8.77285,44.43153],[8.77254,44.43127],[8.77178,44.43104],[8.77178,44.43095],[8.77096,44.43077],[8.77016,44.43076],[8.7697,44.43054],[8.76921,44.43048],[8.76889,44.43082],[8.76864,44.43039],[8.76799,44.43018],[8.7673,44.43016],[8.7666,44.43032],[8.76373,44.43043],[8.76315,44.43073],[8.76299,44.43098],[8.76296,44.43071],[8.76255,44.43031],[8.76249,44.4298],[8.76215,44.42965],[8.76187,44.42894],[8.76187,44.42859],[8.7618,44.42808],[8.76188,44.42769],[8.76163,44.42641],[8.76149,44.42618],[8.76132,44.425],[8.7615,44.42401],[8.76187,44.42327],[8.76274,44.42188],[8.76403,44.4206],[8.76536,44.41984],[8.76793,44.41889],[8.7698,44.41842],[8.77746,44.4168],[8.78144,44.41628],[8.78889,44.41537],[8.79747,44.41494],[8.79947,44.42304],[8.7956,44.42364],[8.79306,44.42403],[8.77963,44.42609],[8.77962,44.42609],[8.77928,44.4278],[8.7802,44.42783],[8.78139,44.42796],[8.78212,44.4279],[8.7825,44.42776],[8.78313,44.42783],[8.78375,44.42772],[8.78379,44.42809],[8.78412,44.42796],[8.78486,44.42795],[8.78492,44.42827],[8.78541,44.42824],[8.78551,44.42803],[8.78633,44.42802],[8.78671,44.42791],[8.78717,44.42796],[8.78741,44.42781],[8.78803,44.42765],[8.78929,44.42753],[8.78962,44.42758],[8.79011,44.42749],[8.79025,44.42789],[8.79052,44.42784],[8.79036,44.42741],[8.79109,44.4272],[8.79099,44.42696],[8.79277,44.42659],[8.79284,44.42652],[8.79451,44.42622],[8.79446,44.42582],[8.7931,44.42607],[8.79303,44.42584],[8.79465,44.42555],[8.79461,44.42536],[8.79518,44.42501],[8.79646,44.4248],[8.79652,44.42468],[8.79725,44.42456],[8.79744,44.42459],[8.79741,44.42447],[8.79862,44.42434],[8.79881,44.42441],[8.79938,44.42432],[8.79901,44.42476],[8.79752,44.42504],[8.79756,44.42512],[8.79935,44.4248],[8.79924,44.42497],[8.79939,44.42536],[8.79924,44.42574],[8.7994,44.42601],[8.79992,44.42625],[8.79999,44.4264],[8.79973,44.42677],[8.8001,44.42716],[8.80028,44.42716],[8.80022,44.42803],[8.79985,44.42824],[8.79976,44.42888],[8.79957,44.42935],[8.79921,44.42972],[8.79917,44.43016],[8.79856,44.43056],[8.79874,44.42983],[8.79871,44.42953],[8.79829,44.42941],[8.79794,44.43033],[8.79736,44.43027],[8.79729,44.43006],[8.79687,44.42977],[8.79641,44.43001],[8.79631,44.42977],[8.79545,44.42902],[8.79452,44.42897],[8.79432,44.42945],[8.79385,44.42953],[8.79236,44.42951],[8.79234,44.43043],[8.79269,44.43056],[8.79262,44.43141],[8.79245,44.43186],[8.7921,44.43194]],[[8.79222,44.42908],[8.79234,44.4294],[8.79297,44.42924],[8.79274,44.42901],[8.79222,44.42908]]],[[[8.81026,44.42218],[8.80749,44.42163],[8.8067,44.4214],[8.806,44.42109],[8.80533,44.42065],[8.80325,44.4189],[8.80313,44.41895],[8.7989,44.41541],[8.79886,44.4154],[8.79542,44.41252],[8.79504,44.41219],[8.77003,44.41595],[8.76973,44.41584],[8.79514,44.41201],[8.8052,44.42047],[8.80566,44.42082],[8.8067,44.42135],[8.8074,44.42156],[8.81026,44.42218]]]]},"properties":{"zona":"D37","linkzona":"GE00003388","fascia":"D","fascia_label":"Periferica","descr":"PRA` PALMARO TU.M. (V.RATTO-V.MURTOLA-V.VILLINI NEGRONE-V.SANREMO-V.BRA...","semestre":"2025-S2","loc_min":5.8,"loc_max":8.2,"loc_mid":7.0,"sale_min":1350.0,"sale_max":1950.0,"sup":"L","tipologia":"Abitazioni civili","stato":"NORMALE","trend":0.0,"trend_from":"2023-S2"}},{"type":"Feature","geometry":{"type":"Polygon","coordinates":[[[8.88594,44.49536],[8.88601,44.49528],[8.88601,44.49504],[8.88635,44.49451],[8.88659,44.49452],[8.88696,44.49416],[8.88701,44.49346],[8.88724,44.49321],[8.88803,44.49315],[8.88972,44.49412],[8.89006,44.49402],[8.89048,44.49354],[8.89053,44.49331],[8.89134,44.4928],[8.89152,44.49251],[8.89086,44.49208],[8.89061,44.4918],[8.89114,44.49168],[8.89141,44.49142],[8.8926,44.49147],[8.89285,44.49185],[8.893,44.49253],[8.89344,44.49215],[8.8938,44.49244],[8.89419,44.49216],[8.89444,44.49227],[8.89478,44.49179],[8.89532,44.4926],[8.89603,44.4928],[8.89699,44.49268],[8.8984,44.49206],[8.89989,44.49145],[8.90016,44.49179],[8.90041,44.4919],[8.90093,44.49144],[8.90069,44.49088],[8.90156,44.4905],[8.90219,44.49074],[8.90274,44.49075],[8.90328,44.49092],[8.90387,44.49143],[8.90523,44.49085],[8.90525,44.49104],[8.90462,44.4915],[8.90483,44.49186],[8.90527,44.49171],[8.90563,44.4919],[8.90679,44.49312],[8.90689,44.4934],[8.90748,44.49399],[8.90802,44.49408],[8.90833,44.49458],[8.90883,44.49493],[8.90926,44.49512],[8.90886,44.49602],[8.90855,44.49588],[8.90833,44.49634],[8.9084,44.49689],[8.90833,44.49734],[8.90857,44.49753],[8.90845,44.49794],[8.90783,44.49783],[8.90747,44.49767],[8.90686,44.49717],[8.90662,44.4968],[8.90615,44.49728],[8.90622,44.49745],[8.9057,44.49774],[8.90515,44.49777],[8.90481,44.49808],[8.90476,44.49861],[8.90545,44.49843],[8.90547,44.4987],[8.90572,44.4991],[8.90616,44.49948],[8.90698,44.4998],[8.9079,44.49948],[8.90867,44.50002],[8.90856,44.5001],[8.9088,44.50056],[8.90919,44.50084],[8.90935,44.50116],[8.90884,44.50136],[8.90864,44.50177],[8.90807,44.50183],[8.90709,44.50184],[8.9078,44.50225],[8.9081,44.50289],[8.90782,44.50337],[8.90779,44.50362],[8.90889,44.50506],[8.90944,44.50498],[8.9098,44.50544],[8.90995,44.50544],[8.91061,44.50595],[8.91062,44.50628],[8.91102,44.50711],[8.91217,44.50732],[8.91276,44.50773],[8.91331,44.50835],[8.91341,44.50864],[8.91288,44.50942],[8.9129,44.5101],[8.91346,44.51103],[8.91405,44.51188],[8.9132,44.51233],[8.91246,44.51244],[8.91209,44.51224],[8.91172,44.51231],[8.91114,44.51286],[8.91119,44.51325],[8.91076,44.51366],[8.91053,44.51343],[8.91013,44.51363],[8.90963,44.51373],[8.90861,44.51372],[8.90857,44.51407],[8.90828,44.51433],[8.90772,44.51449],[8.90721,44.51479],[8.90612,44.51474],[8.90577,44.51494],[8.90536,44.51476],[8.90418,44.51509],[8.9033,44.51551],[8.90266,44.51605],[8.90232,44.51625],[8.90121,44.51775],[8.90098,44.51847],[8.90095,44.51895],[8.90104,44.51931],[8.90063,44.51989],[8.89972,44.51954],[8.89945,44.51918],[8.8996,44.51877],[8.89928,44.51851],[8.89835,44.51838],[8.89796,44.51846],[8.8976,44.51826],[8.8973,44.51829],[8.89669,44.51808],[8.89593,44.51773],[8.8951,44.51787],[8.89459,44.51773],[8.89418,44.51776],[8.89269,44.51721],[8.89271,44.51692],[8.89312,44.51651],[8.89381,44.51616],[8.89424,44.51534],[8.89385,44.5152],[8.89405,44.51483],[8.89459,44.51456],[8.89465,44.51408],[8.89493,44.51388],[8.89486,44.51301],[8.89431,44.51183],[8.8945,44.51123],[8.89423,44.51076],[8.89436,44.50997],[8.89489,44.50955],[8.89509,44.50895],[8.89521,44.50819],[8.896,44.50808],[8.89594,44.50784],[8.89549,44.50743],[8.89569,44.5071],[8.89641,44.50689],[8.89628,44.5067],[8.89567,44.50674],[8.895,44.50667],[8.89459,44.50654],[8.89468,44.50632],[8.89571,44.50602],[8.89612,44.50576],[8.89531,44.50558],[8.89479,44.50531],[8.89453,44.50504],[8.89445,44.50464],[8.89601,44.50421],[8.89631,44.50322],[8.89655,44.50283],[8.89696,44.50261],[8.89653,44.50228],[8.8961,44.5022],[8.89533,44.50226],[8.89509,44.50196],[8.8943,44.50182],[8.89396,44.50191],[8.89256,44.50189],[8.89291,44.50155],[8.8926,44.50143],[8.89276,44.50074],[8.89333,44.50021],[8.89303,44.4998],[8.89316,44.49948],[8.89208,44.49882],[8.89168,44.49866],[8.89209,44.49838],[8.89155,44.49808],[8.89087,44.49788],[8.89046,44.49767],[8.89089,44.49752],[8.89093,44.49729],[8.89029,44.49729],[8.88974,44.49754],[8.88862,44.49713],[8.88799,44.49715],[8.88712,44.49703],[8.8862,44.49551],[8.88594,44.49536]]]},"properties":{"zona":"D25","linkzona":"GE00003372","fascia":"D","fascia_label":"Periferica","descr":"PONTEDECIMO-CESINO TU.M (V.ANFOSSI-V.N.GALLINO-V.CAMPOMORONE)","semestre":"2025-S2","loc_min":4.7,"loc_max":7.0,"loc_mid":5.85,"sale_min":920.0,"sale_max":1350.0,"sup":"L","tipologia":"Abitazioni civili","stato":"NORMALE","trend":2.6,"trend_from":"2023-S2"}},{"type":"Feature","geometry":{"type":"Polygon","coordinates":[[[9.01159,44.41638],[9.01147,44.41696],[9.01166,44.41736],[9.01162,44.41823],[9.01206,44.41836],[9.0127,44.41808],[9.01292,44.41756],[9.01317,44.41739],[9.01368,44.4175],[9.01369,44.41782],[9.01402,44.41777],[9.01436,44.41813],[9.01465,44.4179],[9.01572,44.41778],[9.01559,44.41854],[9.01564,44.41871],[9.01618,44.41858],[9.01632,44.41885],[9.01592,44.41912],[9.01669,44.41938],[9.0165,44.4196],[9.01616,44.41958],[9.01589,44.42047],[9.01631,44.42098],[9.01576,44.42152],[9.01626,44.42203],[9.01601,44.42228],[9.01631,44.4231],[9.01629,44.42341],[9.01663,44.42371],[9.01697,44.42369],[9.01725,44.42419],[9.017,44.42433],[9.01773,44.42488],[9.01763,44.42503],[9.01779,44.42547],[9.01688,44.42515],[9.01643,44.42508],[9.01586,44.42552],[9.01553,44.42544],[9.0152,44.42605],[9.01401,44.42587],[9.01335,44.42613],[9.01276,44.42609],[9.01266,44.42588],[9.01194,44.42582],[9.01109,44.42537],[9.01146,44.42464],[9.01168,44.42443],[9.01143,44.42395],[9.01084,44.424],[9.01072,44.42378],[9.00981,44.42379],[9.00926,44.42395],[9.00929,44.42409],[9.00885,44.42442],[9.00888,44.42471],[9.00875,44.42548],[9.00851,44.42546],[9.00855,44.42478],[9.00835,44.42419],[9.00837,44.42381],[9.00773,44.42329],[9.00732,44.42325],[9.00691,44.42281],[9.00653,44.42271],[9.00607,44.4224],[9.00572,44.42203],[9.00531,44.42267],[9.00528,44.42348],[9.00567,44.42399],[9.00622,44.42442],[9.00577,44.42491],[9.00533,44.42527],[9.00504,44.4257],[9.0049,44.42614],[9.00459,44.42654],[9.00435,44.42716],[9.00381,44.42812],[9.00358,44.42905],[9.00362,44.43088],[9.0041,44.43241],[9.00439,44.43296],[9.00365,44.43313],[9.00269,44.43323],[9.00229,44.43313],[9.00152,44.4332],[9.00068,44.43317],[9.0001,44.43325],[8.99968,44.43343],[8.99913,44.43333],[8.9979,44.43241],[8.99739,44.43217],[8.99675,44.43169],[8.99601,44.43068],[8.99586,44.43002],[8.99595,44.42952],[8.99576,44.429],[8.99547,44.4285],[8.99543,44.42785],[8.99558,44.42756],[8.99572,44.42694],[8.99561,44.42602],[8.99518,44.42487],[8.99523,44.42411],[8.99478,44.42319],[8.99443,44.42276],[8.99408,44.42252],[8.99398,44.42226],[8.99356,44.42217],[8.99357,44.42195],[8.99268,44.42183],[8.99167,44.4212],[8.99145,44.42068],[8.99104,44.42014],[8.99083,44.41946],[8.9905,44.41875],[8.99131,44.41836],[8.99264,44.41791],[8.9933,44.41778],[8.99359,44.41753],[8.99395,44.41742],[8.9942,44.41717],[8.99421,44.41626],[8.99435,44.41555],[8.99451,44.41546],[8.9945,44.41493],[8.99432,44.41453],[8.99471,44.41375],[8.99518,44.41373],[8.9961,44.41356],[8.99704,44.41359],[8.99742,44.41367],[8.99773,44.41351],[8.9981,44.41411],[8.99844,44.41431],[8.99885,44.41427],[9.00063,44.41477],[9.00143,44.4153],[9.00192,44.41534],[9.00298,44.41461],[9.00337,44.41453],[9.00351,44.41428],[9.00434,44.41462],[9.00503,44.41459],[9.00589,44.41414],[9.00633,44.41428],[9.00678,44.41458],[9.00649,44.41494],[9.00765,44.41532],[9.00846,44.41515],[9.00954,44.41557],[9.00999,44.41514],[9.01033,44.41516],[9.0111,44.41496],[9.01154,44.41473],[9.01161,44.41502],[9.01183,44.41516],[9.01174,44.41578],[9.01151,44.4161],[9.01159,44.41638]]]},"properties":{"zona":"D13","linkzona":"GE00003348","fascia":"D","fascia_label":"Periferica","descr":"ALTA VALLE STURLA FV.M (V.CADIGHIARA-V.NASCHE-LOC.S.DESIDERIO-LOC.PREMA...","semestre":"2025-S2","loc_min":5.3,"loc_max":7.9,"loc_mid":6.6,"sale_min":1200.0,"sale_max":1750.0,"sup":"L","tipologia":"Abitazioni civili","stato":"NORMALE","trend":0.0,"trend_from":"2023-S2"}},{"type":"Feature","geometry":{"type":"Polygon","coordinates":[[[8.98389,44.42465],[8.9836,44.42476],[8.98268,44.42448],[8.98256,44.42438],[8.98263,44.42378],[8.98166,44.42406],[8.98122,44.42445],[8.97999,44.42483],[8.97967,44.42486],[8.97934,44.42537],[8.97879,44.42577],[8.97801,44.42512],[8.97761,44.425],[8.97678,44.42534],[8.97622,44.42494],[8.97597,44.42457],[8.97527,44.42428],[8.97447,44.42428],[8.97378,44.42391],[8.9732,44.42378],[8.97276,44.42347],[8.97226,44.42382],[8.97217,44.42425],[8.97198,44.42454],[8.97126,44.42443],[8.97097,44.42427],[8.97015,44.42411],[8.96933,44.42386],[8.96916,44.42344],[8.96816,44.42377],[8.96786,44.42398],[8.96748,44.42377],[8.9673,44.42393],[8.96666,44.42396],[8.96555,44.42424],[8.96562,44.4237],[8.96599,44.4228],[8.96638,44.42222],[8.96639,44.42189],[8.96599,44.42133],[8.96529,44.4211],[8.96517,44.42075],[8.96513,44.42006],[8.96445,44.41931],[8.96399,44.41906],[8.96464,44.4184],[8.96286,44.41739],[8.96256,44.41755],[8.96213,44.41756],[8.96222,44.41712],[8.96072,44.41704],[8.95919,44.41678],[8.95934,44.41644],[8.95808,44.4161],[8.9567,44.41515],[8.9573,44.41514],[8.95858,44.41436],[8.95914,44.41433],[8.96192,44.41406],[8.96284,44.41426],[8.96373,44.41351],[8.96416,44.41416],[8.9646,44.41446],[8.96535,44.41477],[8.96595,44.41514],[8.96708,44.41544],[8.96737,44.41571],[8.96796,44.41593],[8.96853,44.41626],[8.96893,44.41638],[8.96947,44.41639],[8.96977,44.41623],[8.97043,44.41608],[8.97152,44.41605],[8.97214,44.41596],[8.97288,44.4163],[8.97323,44.41635],[8.97399,44.41616],[8.97516,44.41632],[8.97583,44.41707],[8.97571,44.41756],[8.97616,44.41766],[8.97535,44.41804],[8.97449,44.41784],[8.97386,44.41778],[8.97339,44.41784],[8.97292,44.41835],[8.97293,44.41875],[8.97279,44.41951],[8.97235,44.41957],[8.97267,44.41987],[8.97291,44.41961],[8.97327,44.41965],[8.97372,44.41986],[8.97451,44.41988],[8.97476,44.41978],[8.97515,44.4194],[8.97574,44.41919],[8.97611,44.41958],[8.97825,44.41897],[8.9793,44.41877],[8.97975,44.41885],[8.98055,44.41881],[8.98155,44.41905],[8.98134,44.41936],[8.98094,44.4197],[8.98128,44.41981],[8.98231,44.4198],[8.98234,44.42011],[8.98206,44.42055],[8.98355,44.42089],[8.98315,44.42143],[8.98261,44.42136],[8.98202,44.42174],[8.98172,44.42224],[8.98121,44.42265],[8.98113,44.42318],[8.98083,44.42342],[8.9806,44.42384],[8.97974,44.42478],[8.98113,44.42439],[8.98169,44.42389],[8.98276,44.42366],[8.98277,44.4242],[8.98295,44.42441],[8.98363,44.42465],[8.98389,44.42465]]]},"properties":{"zona":"D01","linkzona":"GE00003325","fascia":"D","fascia_label":"Periferica","descr":"QUEZZI-FEREGGIANO FV.M (V.DANEO-V.FEREGGIANO-V.FONTANAROSSA-LARGO MERLO...","semestre":"2025-S2","loc_min":5.7,"loc_max":8.4,"loc_mid":7.05,"sale_min":1250.0,"sale_max":1850.0,"sup":"L","tipologia":"Abitazioni civili","stato":"NORMALE","trend":-0.0,"trend_from":"2023-S2"}},{"type":"Feature","geometry":{"type":"Polygon","coordinates":[[[8.93198,44.40161],[8.93238,44.40093],[8.93313,44.40057],[8.93315,44.40032],[8.9328,44.4],[8.93222,44.39982],[8.93209,44.39968],[8.92946,44.39891],[8.92922,44.39833],[8.93226,44.39759],[8.93131,44.39562],[8.92683,44.3967],[8.92676,44.39655],[8.92806,44.39622],[8.93346,44.39492],[8.93411,44.39483],[8.93436,44.39517],[8.93534,44.39485],[8.93595,44.39581],[8.93483,44.39621],[8.93534,44.39703],[8.93549,44.39732],[8.93593,44.39754],[8.93649,44.39754],[8.93676,44.39785],[8.93704,44.39823],[8.93747,44.39821],[8.93746,44.39788],[8.93942,44.39759],[8.94079,44.397],[8.94176,44.39677],[8.94215,44.39679],[8.94197,44.39715],[8.94267,44.39748],[8.94317,44.3984],[8.94344,44.3997],[8.94372,44.40001],[8.9435,44.40017],[8.94331,44.40077],[8.94339,44.40108],[8.94295,44.40105],[8.94249,44.40116],[8.94243,44.4011],[8.94105,44.40148],[8.94074,44.40171],[8.93977,44.40277],[8.93966,44.40266],[8.94035,44.40187],[8.93921,44.40275],[8.93891,44.40287],[8.93939,44.40369],[8.9395,44.40432],[8.93902,44.40443],[8.93881,44.40418],[8.9374,44.40391],[8.93685,44.40442],[8.93613,44.40477],[8.93605,44.4045],[8.93532,44.40336],[8.93474,44.40354],[8.93459,44.40331],[8.93362,44.40298],[8.93357,44.40282],[8.93313,44.40267],[8.9327,44.40179],[8.93182,44.40212],[8.93173,44.40277],[8.93213,44.40293],[8.93171,44.40282],[8.9313,44.40258],[8.93198,44.40161]]]},"properties":{"zona":"B02","linkzona":"GE00003317","fascia":"B","fascia_label":"Centrale","descr":"CARIGNANO TU.A (V.CORSICA-C.SO ANDREA PODESTA`-P.ZZA GALEAZZO ALESSI-V.NI...","semestre":"2025-S2","loc_min":7.2,"loc_max":10.7,"loc_mid":8.95,"sale_min":2250.0,"sale_max":3300.0,"sup":"L","tipologia":"Abitazioni civili","stato":"NORMALE","trend":1.7,"trend_from":"2023-S2"}},{"type":"Feature","geometry":{"type":"Polygon","coordinates":[[[9.0528,44.38944],[9.05198,44.38942],[9.05184,44.38934],[9.05032,44.38903],[9.04779,44.38856],[9.047,44.38848],[9.04564,44.38817],[9.04533,44.38817],[9.04391,44.38801],[9.04356,44.3881],[9.04351,44.38777],[9.04412,44.38754],[9.04551,44.38733],[9.04614,44.38706],[9.04628,44.38684],[9.04772,44.38646],[9.0496,44.38628],[9.04972,44.38617],[9.04916,44.38532],[9.04903,44.38454],[9.04898,44.38357],[9.04916,44.38318],[9.04985,44.38315],[9.05025,44.38267],[9.05029,44.38236],[9.0508,44.38155],[9.05086,44.38125],[9.05142,44.38085],[9.05168,44.38032],[9.05169,44.37999],[9.05197,44.37991],[9.0522,44.37951],[9.053,44.37924],[9.05382,44.37916],[9.05433,44.37933],[9.0547,44.3797],[9.05529,44.37967],[9.05578,44.37978],[9.05642,44.38027],[9.05691,44.38017],[9.05807,44.38014],[9.05806,44.3805],[9.05854,44.38073],[9.05823,44.38126],[9.05825,44.38178],[9.05887,44.38177],[9.05931,44.3819],[9.05969,44.38233],[9.05996,44.38225],[9.06078,44.38256],[9.06104,44.38235],[9.06171,44.38252],[9.06298,44.38231],[9.06435,44.38276],[9.06432,44.38328],[9.0651,44.38377],[9.06551,44.38439],[9.06548,44.38467],[9.06506,44.38543],[9.06474,44.38571],[9.06452,44.38624],[9.06461,44.38689],[9.06429,44.38761],[9.06509,44.38761],[9.06599,44.38754],[9.06676,44.3874],[9.06721,44.38756],[9.06704,44.38787],[9.06699,44.38841],[9.06694,44.3888],[9.06653,44.38896],[9.06648,44.38868],[9.06563,44.38887],[9.06439,44.38894],[9.06383,44.3887],[9.0636,44.3887],[9.06348,44.38904],[9.06258,44.38934],[9.06329,44.38948],[9.06402,44.38987],[9.0643,44.39022],[9.06379,44.39072],[9.06351,44.39042],[9.06305,44.39022],[9.0624,44.39013],[9.06141,44.38983],[9.06044,44.3902],[9.06004,44.39028],[9.05968,44.39019],[9.05903,44.38978],[9.05954,44.38942],[9.05925,44.3888],[9.05892,44.38892],[9.05872,44.38929],[9.05848,44.38938],[9.05862,44.38977],[9.05914,44.39016],[9.05944,44.39081],[9.05891,44.39068],[9.05818,44.39001],[9.05755,44.38977],[9.05722,44.38997],[9.05646,44.38961],[9.05583,44.39001],[9.05554,44.38946],[9.0548,44.38948],[9.05437,44.38959],[9.05357,44.38956],[9.0528,44.38944]]]},"properties":{"zona":"D24","linkzona":"GE00003367","fascia":"D","fascia_label":"Periferica","descr":"S.ILARIO TU.A (V.S.ILARIO-V.CAPOLUNGO)","semestre":"2025-S2","loc_min":8.4,"loc_max":12.5,"loc_mid":10.45,"sale_min":2750.0,"sale_max":4100.0,"sup":"L","tipologia":"Abitazioni civili","stato":"NORMALE","trend":0.0,"trend_from":"2023-S2"}},{"type":"Feature","geometry":{"type":"Polygon","coordinates":[[[8.97155,44.44005],[8.9709,44.43935],[8.97031,44.439],[8.97016,44.43854],[8.97067,44.43827],[8.97015,44.4377],[8.96998,44.43731],[8.97085,44.43746],[8.97142,44.43773],[8.97164,44.43768],[8.97266,44.43782],[8.9734,44.43828],[8.97361,44.43856],[8.97432,44.43835],[8.97482,44.43809],[8.97445,44.43766],[8.97494,44.43766],[8.97473,44.43696],[8.97536,44.43657],[8.97506,44.43616],[8.97476,44.43618],[8.97432,44.43604],[8.97435,44.43578],[8.97469,44.43562],[8.9748,44.43528],[8.97462,44.43444],[8.97492,44.43395],[8.97433,44.43374],[8.97398,44.43375],[8.97407,44.43336],[8.97463,44.43293],[8.97477,44.43271],[8.97549,44.43243],[8.9759,44.43206],[8.97607,44.43228],[8.97659,44.43259],[8.97705,44.43269],[8.97819,44.43314],[8.97923,44.43361],[8.98009,44.4342],[8.98089,44.43444],[8.98172,44.43501],[8.98295,44.43558],[8.98388,44.43584],[8.98551,44.43652],[8.98759,44.43688],[8.98858,44.43719],[8.98941,44.43733],[8.99011,44.43759],[8.99079,44.43773],[8.99191,44.43784],[8.99232,44.43782],[8.99297,44.43757],[8.99379,44.43756],[8.99417,44.43745],[8.9952,44.43679],[8.9959,44.43704],[8.99569,44.43733],[8.99605,44.43755],[8.9969,44.43788],[8.99786,44.43808],[8.99832,44.43808],[8.99864,44.43855],[8.99863,44.43883],[8.99814,44.43891],[8.99846,44.43938],[8.99826,44.4397],[8.99847,44.4399],[8.99809,44.44014],[8.99805,44.44061],[8.99788,44.44078],[8.99738,44.44071],[8.99708,44.44096],[8.99702,44.44135],[8.99787,44.44163],[8.99827,44.44143],[8.99852,44.44166],[8.99882,44.44168],[8.99841,44.44247],[8.99812,44.44244],[8.99726,44.44213],[8.99667,44.44233],[8.99607,44.44222],[8.99587,44.44203],[8.99525,44.44177],[8.99489,44.44228],[8.99585,44.44347],[8.99579,44.44394],[8.99582,44.44456],[8.99465,44.44462],[8.9943,44.44495],[8.99341,44.44519],[8.99321,44.44494],[8.99241,44.44539],[8.9925,44.44571],[8.9928,44.44572],[8.99294,44.44597],[8.99329,44.44616],[8.99305,44.44641],[8.99229,44.44641],[8.99176,44.44663],[8.99092,44.44645],[8.99077,44.44667],[8.99042,44.44677],[8.99023,44.44708],[8.98952,44.44688],[8.98966,44.44636],[8.98921,44.4462],[8.98889,44.44557],[8.98887,44.44529],[8.98861,44.44493],[8.98857,44.44412],[8.988,44.44416],[8.98759,44.44405],[8.98789,44.4446],[8.9864,44.44488],[8.98567,44.44485],[8.98537,44.44534],[8.98443,44.44566],[8.9834,44.4458],[8.98246,44.44542],[8.98173,44.44504],[8.98132,44.44479],[8.98065,44.44455],[8.97969,44.44438],[8.97875,44.44402],[8.97839,44.444],[8.97708,44.44412],[8.9761,44.4439],[8.97493,44.44296],[8.97472,44.44176],[8.97418,44.44097],[8.97306,44.44026],[8.97222,44.44004],[8.97201,44.43991],[8.97155,44.44005]]]},"properties":{"zona":"D12","linkzona":"GE00003345","fascia":"D","fascia_label":"Periferica","descr":"S.EUSEBIO TU.M (V.MOGADISCIO-V.VAL FONTANABUONA-V.MONTELUNGO-V.VAL TREB...","semestre":"2025-S2","loc_min":5.4,"loc_max":7.8,"loc_mid":6.6,"sale_min":1400.0,"sale_max":2050.0,"sup":"L","tipologia":"Abitazioni civili","stato":"NORMALE","trend":0.0,"trend_from":"2023-S2"}},{"type":"Feature","geometry":{"type":"MultiPolygon","coordinates":[[[[8.93213,44.40293],[8.93283,44.40313],[8.93307,44.40339],[8.93289,44.40379],[8.93402,44.40435],[8.93456,44.40549],[8.93436,44.40576],[8.93303,44.40669],[8.93279,44.4069],[8.93296,44.40706],[8.93321,44.4074],[8.93271,44.40765],[8.93241,44.40735],[8.93195,44.40732],[8.93126,44.40749],[8.92935,44.40827],[8.92923,44.40841],[8.92905,44.40848],[8.92875,44.40798],[8.92817,44.40719],[8.9281,44.40686],[8.92771,44.40643],[8.92773,44.40606],[8.92796,44.40565],[8.92831,44.40552],[8.92844,44.40525],[8.9293,44.40441],[8.93056,44.40334],[8.9313,44.40258],[8.93171,44.40282],[8.93213,44.40293]]],[[[8.92756,44.40646],[8.92727,44.4067],[8.92604,44.40748],[8.92594,44.40745],[8.92492,44.40804],[8.92476,44.4078],[8.92495,44.4072],[8.92538,44.40676],[8.9263,44.40625],[8.92663,44.40647],[8.92737,44.40618],[8.92756,44.40646]]]]},"properties":{"zona":"B06","linkzona":"GE00003360","fascia":"B","fascia_label":"Centrale","descr":"MOLO-SARZANO TS.M (P.ZZA SARZANO-V.DEL MOLO-P.ZZA CAVOUR-V.S.LORENZO)","semestre":"2025-S2","loc_min":8.3,"loc_max":12.3,"loc_mid":10.3,"sale_min":2000.0,"sale_max":2950.0,"sup":"L","tipologia":"Abitazioni civili","stato":"NORMALE","trend":0.0,"trend_from":"2023-S2"}},{"type":"Feature","geometry":{"type":"Polygon","coordinates":[[[9.0019,44.45738],[9.00187,44.4565],[9.00126,44.45611],[9.00115,44.45575],[9.00146,44.45531],[9.00246,44.45501],[9.00205,44.45471],[9.00217,44.4545],[9.00158,44.45407],[9.00165,44.45329],[9.00118,44.4532],[9.00117,44.45296],[9.00157,44.45241],[9.00205,44.45213],[9.002,44.45171],[9.00242,44.45161],[9.00308,44.45108],[9.00339,44.4514],[9.00393,44.45162],[9.00444,44.45165],[9.00478,44.45182],[9.00517,44.45167],[9.00562,44.45198],[9.00575,44.45182],[9.00634,44.45218],[9.00668,44.45248],[9.0067,44.45268],[9.00715,44.4528],[9.00729,44.45327],[9.00752,44.45361],[9.00774,44.4536],[9.00803,44.45395],[9.00835,44.4541],[9.00881,44.45469],[9.00966,44.45546],[9.01022,44.45581],[9.01028,44.45554],[9.01074,44.45533],[9.01085,44.45503],[9.01126,44.45471],[9.01126,44.45448],[9.01105,44.45399],[9.01053,44.4538],[9.01016,44.45304],[9.0108,44.45259],[9.01109,44.45254],[9.01161,44.45215],[9.01253,44.4527],[9.01291,44.45278],[9.01328,44.45304],[9.01323,44.45239],[9.01352,44.45223],[9.01432,44.45225],[9.0151,44.45265],[9.01588,44.4527],[9.01633,44.4529],[9.01711,44.45289],[9.01776,44.45269],[9.01842,44.45268],[9.01843,44.45248],[9.01899,44.45229],[9.01956,44.45233],[9.02,44.45224],[9.02005,44.45247],[9.0211,44.45254],[9.02137,44.45241],[9.02193,44.45246],[9.02231,44.45234],[9.02285,44.45261],[9.0227,44.45207],[9.02297,44.45201],[9.02365,44.45149],[9.02388,44.45146],[9.02396,44.45109],[9.02366,44.45081],[9.02384,44.45045],[9.02436,44.45028],[9.0249,44.45088],[9.02538,44.45108],[9.02583,44.45094],[9.02627,44.45048],[9.02661,44.44991],[9.02696,44.44992],[9.02734,44.45016],[9.02814,44.45137],[9.0284,44.45146],[9.02816,44.45178],[9.02846,44.45249],[9.02849,44.45281],[9.02971,44.45268],[9.0302,44.45274],[9.02997,44.4535],[9.02995,44.45398],[9.0293,44.45403],[9.02925,44.45451],[9.0289,44.45513],[9.02862,44.45534],[9.02826,44.45618],[9.02771,44.45653],[9.02765,44.4571],[9.02745,44.45735],[9.02784,44.45784],[9.02802,44.45847],[9.02748,44.45897],[9.02731,44.4599],[9.02751,44.46044],[9.02772,44.46057],[9.02767,44.4609],[9.02685,44.46119],[9.02642,44.46095],[9.02597,44.4611],[9.02555,44.46111],[9.02515,44.46143],[9.02509,44.46181],[9.0254,44.46246],[9.02571,44.46271],[9.02535,44.46295],[9.02607,44.46354],[9.02555,44.46369],[9.02531,44.46393],[9.0245,44.46364],[9.02357,44.46366],[9.02356,44.46402],[9.02301,44.46497],[9.02233,44.46505],[9.02018,44.46493],[9.0196,44.46505],[9.01895,44.46466],[9.01863,44.46431],[9.01793,44.46448],[9.01663,44.46449],[9.01588,44.46465],[9.01511,44.4649],[9.01463,44.46464],[9.014,44.46497],[9.0147,44.46536],[9.01512,44.46599],[9.01534,44.46653],[9.0158,44.46638],[9.01631,44.46677],[9.01677,44.46686],[9.01671,44.46738],[9.01692,44.46777],[9.01747,44.46804],[9.01703,44.46813],[9.01693,44.46838],[9.01655,44.46879],[9.01667,44.46911],[9.01655,44.46947],[9.01601,44.47016],[9.01552,44.47046],[9.01532,44.47071],[9.01487,44.47045],[9.01448,44.47037],[9.01388,44.47076],[9.01297,44.47053],[9.01264,44.47027],[9.01238,44.47056],[9.01134,44.47151],[9.01126,44.47149],[9.01053,44.47182],[9.01022,44.47217],[9.00922,44.47212],[9.00865,44.47242],[9.00847,44.47234],[9.00785,44.47319],[9.00801,44.47345],[9.00789,44.47387],[9.00742,44.47388],[9.00737,44.47331],[9.00729,44.47272],[9.00675,44.47183],[9.00541,44.47091],[9.00482,44.47043],[9.00453,44.4701],[9.00523,44.46976],[9.00539,44.46988],[9.00603,44.46954],[9.0065,44.46993],[9.00699,44.4699],[9.00778,44.46967],[9.0081,44.46935],[9.00826,44.46893],[9.00881,44.46842],[9.00898,44.46794],[9.00918,44.4677],[9.00884,44.46736],[9.00861,44.46685],[9.00836,44.46668],[9.00892,44.46631],[9.0084,44.46592],[9.00817,44.46533],[9.0087,44.46493],[9.00896,44.46439],[9.00885,44.46415],[9.00905,44.46396],[9.009,44.4636],[9.00948,44.46322],[9.01013,44.46291],[9.01076,44.46247],[9.01114,44.46239],[9.01158,44.46189],[9.01266,44.4614],[9.01162,44.4606],[9.01138,44.46014],[9.01107,44.45981],[9.0105,44.45948],[9.00954,44.45863],[9.00938,44.45802],[9.00905,44.45766],[9.00865,44.45749],[9.008,44.459],[9.00796,44.45932],[9.00757,44.45914],[9.00731,44.45876],[9.00675,44.45851],[9.00592,44.45826],[9.0054,44.45788],[9.00456,44.45747],[9.00421,44.45763],[9.00403,44.4579],[9.00308,44.45753],[9.00222,44.45827],[9.00211,44.45828],[9.00186,44.45753],[9.0019,44.45738]],[[9.02365,44.45182],[9.02375,44.45193],[9.02375,44.45253],[9.02429,44.45249],[9.02428,44.4517],[9.02365,44.45182]]]},"properties":{"zona":"D09","linkzona":"GE00003343","fascia":"D","fascia_label":"Periferica","descr":"S.MARTINO DI STRUPPA-S.SIRO-S.COSIMO-AGGIO-CRETO AAB.M (V.TROSSARELLI-V...","semestre":"2025-S2","loc_min":5.2,"loc_max":7.5,"loc_mid":6.35,"sale_min":1450.0,"sale_max":2150.0,"sup":"L","tipologia":"Abitazioni civili","stato":"NORMALE","trend":0.0,"trend_from":"2023-S2"}},{"type":"Feature","geometry":{"type":"Polygon","coordinates":[[[8.97617,44.41766],[8.97616,44.41766],[8.97571,44.41756],[8.97583,44.41707],[8.97516,44.41632],[8.97399,44.41616],[8.97323,44.41635],[8.97288,44.4163],[8.97214,44.41596],[8.97152,44.41605],[8.97043,44.41608],[8.96977,44.41623],[8.96947,44.41639],[8.96893,44.41638],[8.96853,44.41626],[8.96796,44.41593],[8.96737,44.41571],[8.96708,44.41544],[8.96595,44.41514],[8.96535,44.41477],[8.9646,44.41446],[8.96416,44.41416],[8.96373,44.41351],[8.96284,44.41426],[8.96192,44.41406],[8.95914,44.41433],[8.95858,44.41436],[8.9573,44.41514],[8.9567,44.41515],[8.95737,44.41503],[8.9584,44.41438],[8.95814,44.41432],[8.95698,44.41361],[8.95713,44.41334],[8.95685,44.41273],[8.95701,44.41266],[8.95565,44.40976],[8.95611,44.40963],[8.9553,44.40802],[8.95386,44.40836],[8.95421,44.40915],[8.95303,44.40944],[8.95298,44.40938],[8.95163,44.40812],[8.95096,44.40848],[8.94976,44.4073],[8.94922,44.40712],[8.94812,44.40611],[8.94805,44.40595],[8.94917,44.40567],[8.94942,44.40564],[8.95089,44.4052],[8.95226,44.40495],[8.95312,44.40489],[8.95882,44.40487],[8.95902,44.40479],[8.96346,44.40471],[8.96351,44.4048],[8.96447,44.40479],[8.96468,44.40465],[8.96472,44.4049],[8.9652,44.40481],[8.96612,44.40505],[8.96727,44.40578],[8.96726,44.40606],[8.96771,44.40599],[8.96778,44.40622],[8.96745,44.40643],[8.96755,44.40666],[8.96647,44.40732],[8.96702,44.40778],[8.96781,44.40827],[8.96844,44.40878],[8.96836,44.40932],[8.9686,44.40954],[8.9685,44.40975],[8.96894,44.41018],[8.96928,44.41036],[8.9694,44.41065],[8.96967,44.41062],[8.96981,44.4111],[8.9703,44.41114],[8.97044,44.41151],[8.97088,44.41197],[8.97156,44.41182],[8.97199,44.41197],[8.97261,44.41203],[8.97306,44.41185],[8.97422,44.41227],[8.97475,44.41258],[8.97565,44.41289],[8.97602,44.41275],[8.97662,44.41268],[8.97712,44.41197],[8.97775,44.41243],[8.97802,44.41273],[8.97846,44.41334],[8.97894,44.41376],[8.98011,44.41441],[8.98083,44.41471],[8.98141,44.4152],[8.98239,44.41559],[8.98217,44.4158],[8.98238,44.41598],[8.98182,44.41637],[8.98123,44.41626],[8.98064,44.4164],[8.9807,44.41666],[8.98015,44.41667],[8.97963,44.41697],[8.97917,44.41684],[8.97924,44.4173],[8.97811,44.41738],[8.9776,44.41736],[8.97693,44.41722],[8.97617,44.41766]]]},"properties":{"zona":"C02","linkzona":"GE00003321","fascia":"C","fascia_label":"Semicentrale","descr":"S.FRUTTUOSO TU.M (P.ZZA MARTINEZ-V.TORTI-V.G.B.D`ALBERTIS-V.BERGHINI-...","semestre":"2025-S2","loc_min":5.9,"loc_max":8.8,"loc_mid":7.35,"sale_min":1350.0,"sale_max":1950.0,"sup":"L","tipologia":"Abitazioni civili","stato":"NORMALE","trend":2.1,"trend_from":"2023-S2"}},{"type":"Feature","geometry":{"type":"MultiPolygon","coordinates":[[[[8.92917,44.40947],[8.92905,44.40848],[8.92923,44.40841],[8.92949,44.40886],[8.92966,44.40894],[8.92974,44.40937],[8.92949,44.40995],[8.92986,44.41005],[8.9298,44.41095],[8.92951,44.41086],[8.92952,44.41138],[8.92921,44.41156],[8.92935,44.41189],[8.92916,44.41208],[8.92819,44.41244],[8.92692,44.41304],[8.92809,44.41171],[8.92842,44.4114],[8.92883,44.41083],[8.92913,44.41007],[8.92917,44.40947]]],[[[8.92567,44.41525],[8.92507,44.41462],[8.92564,44.41427],[8.9266,44.41524],[8.92658,44.41547],[8.92631,44.41566],[8.92595,44.4158],[8.92567,44.41525]]],[[[8.92854,44.41411],[8.92855,44.41411],[8.92847,44.41466],[8.92829,44.41479],[8.92791,44.41445],[8.92772,44.41481],[8.92729,44.41497],[8.92712,44.41525],[8.92679,44.41478],[8.92694,44.41459],[8.92673,44.41438],[8.9269,44.41399],[8.92738,44.41385],[8.92764,44.4136],[8.92795,44.41406],[8.92854,44.41411]]],[[[8.92892,44.4141],[8.92866,44.41407],[8.92861,44.41382],[8.92891,44.41365],[8.92959,44.41349],[8.92942,44.41315],[8.93005,44.41303],[8.93015,44.4127],[8.92969,44.41258],[8.92966,44.41215],[8.93006,44.41199],[8.92981,44.41177],[8.93023,44.41143],[8.93059,44.41161],[8.93132,44.41127],[8.93191,44.41128],[8.93219,44.41101],[8.93291,44.4108],[8.93282,44.41054],[8.93357,44.41056],[8.93393,44.41043],[8.93406,44.41003],[8.93371,44.41],[8.93257,44.40965],[8.93273,44.4093],[8.93317,44.40891],[8.93262,44.40837],[8.93383,44.40784],[8.9337,44.40769],[8.93403,44.40779],[8.93467,44.40855],[8.93492,44.40863],[8.93691,44.40949],[8.93729,44.40959],[8.93723,44.40988],[8.93753,44.40991],[8.93756,44.41021],[8.93688,44.41073],[8.93661,44.41084],[8.93631,44.41061],[8.93585,44.41094],[8.93547,44.41075],[8.93497,44.41144],[8.9343,44.41145],[8.93375,44.41161],[8.934,44.41194],[8.93351,44.41249],[8.93293,44.41252],[8.93284,44.41232],[8.93283,44.41217],[8.93202,44.41227],[8.93173,44.41209],[8.9312,44.41199],[8.93076,44.41229],[8.93075,44.41268],[8.93142,44.41312],[8.93111,44.41339],[8.9314,44.41356],[8.93086,44.41398],[8.93077,44.41465],[8.93025,44.41459],[8.9303,44.41406],[8.9298,44.41383],[8.92893,44.41396],[8.92892,44.4141]]]]},"properties":{"zona":"B04","fascia":"B","fascia_label":"Centrale","redefined":true,"loc_min":null,"loc_max":null,"loc_mid":null}},{"type":"Feature","geometry":{"type":"Polygon","coordinates":[[[8.95146,44.39794],[8.95126,44.39809],[8.95058,44.3976],[8.95021,44.39689],[8.94982,44.39664],[8.9495,44.39597],[8.94976,44.39502],[8.95,44.39456],[8.94983,44.39421],[8.94957,44.39398],[8.94997,44.39366],[8.95,44.39305],[8.94968,44.39281],[8.94937,44.39288],[8.94923,44.39254],[8.94971,44.39232],[8.95002,44.39205],[8.95056,44.39131],[8.95125,44.39105],[8.95163,44.39111],[8.95213,44.39138],[8.95224,44.39172],[8.95307,44.39156],[8.95349,44.39164],[8.95407,44.3916],[8.95511,44.39116],[8.95533,44.39072],[8.95568,44.39077],[8.95605,44.39123],[8.95696,44.39118],[8.95744,44.39102],[8.95769,44.39074],[8.95809,44.39085],[8.95832,44.39074],[8.95891,44.39093],[8.95889,44.39108],[8.95949,44.3913],[8.9596,44.39163],[8.95986,44.39164],[8.9606,44.39204],[8.96166,44.39201],[8.96389,44.39142],[8.96487,44.39109],[8.96512,44.39095],[8.96497,44.39068],[8.96595,44.39073],[8.9674,44.39028],[8.96806,44.38994],[8.96821,44.38945],[8.96856,44.38937],[8.96882,44.38966],[8.96936,44.38962],[8.97021,44.39],[8.97087,44.38978],[8.97126,44.38988],[8.97201,44.38973],[8.97225,44.38978],[8.973,44.38964],[8.97302,44.38936],[8.97378,44.38939],[8.97437,44.39004],[8.9748,44.38994],[8.97469,44.38973],[8.97527,44.38957],[8.97557,44.38987],[8.9765,44.38978],[8.97681,44.38966],[8.97716,44.39003],[8.97769,44.38996],[8.97782,44.39068],[8.97728,44.39081],[8.97755,44.39137],[8.97745,44.39168],[8.97757,44.39219],[8.97782,44.39276],[8.97763,44.39419],[8.97782,44.3944],[8.97767,44.39516],[8.9772,44.39519],[8.97647,44.39561],[8.9769,44.39697],[8.97718,44.39692],[8.97727,44.39723],[8.97697,44.39795],[8.97729,44.39817],[8.97723,44.39901],[8.97781,44.399],[8.9779,44.3993],[8.97824,44.39974],[8.97832,44.40002],[8.97865,44.40049],[8.97839,44.40124],[8.97814,44.40173],[8.97818,44.40207],[8.97807,44.40242],[8.97781,44.40271],[8.97631,44.40367],[8.97609,44.40418],[8.97609,44.40474],[8.9758,44.4052],[8.97511,44.40499],[8.97492,44.40459],[8.97463,44.40443],[8.97408,44.40435],[8.97392,44.40396],[8.97328,44.40373],[8.97274,44.40462],[8.97235,44.40473],[8.97189,44.40465],[8.97123,44.40429],[8.97093,44.4039],[8.97086,44.40353],[8.9704,44.40303],[8.96995,44.40282],[8.96863,44.40277],[8.96789,44.40316],[8.96715,44.40335],[8.96773,44.40388],[8.96764,44.40406],[8.96602,44.40377],[8.96423,44.40374],[8.96348,44.40412],[8.9636,44.40425],[8.96264,44.40431],[8.95954,44.40436],[8.95951,44.404],[8.95786,44.40398],[8.95735,44.40387],[8.95525,44.40259],[8.95451,44.40118],[8.95427,44.40087],[8.95414,44.40044],[8.95361,44.39932],[8.95336,44.39898],[8.95218,44.39811],[8.95159,44.39787],[8.95146,44.39794]]]},"properties":{"zona":"C06","linkzona":"GE00003350","fascia":"C","fascia_label":"Semicentrale","descr":"ALBARO - BOCCADASSE TU.A (C.SO ITALIA-P.ZZA LEONARDO DA VINCI-V.CAVAL...","semestre":"2025-S2","loc_min":7.5,"loc_max":11.1,"loc_mid":9.3,"sale_min":2500.0,"sale_max":3700.0,"sup":"L","tipologia":"Abitazioni civili","stato":"NORMALE","trend":10.7,"trend_from":"2023-S2"}},{"type":"Feature","geometry":{"type":"Polygon","coordinates":[[[8.93296,44.40706],[8.93311,44.40701],[8.9337,44.40769],[8.93383,44.40784],[8.93262,44.40837],[8.93317,44.40891],[8.93273,44.4093],[8.93257,44.40965],[8.93371,44.41],[8.93406,44.41003],[8.93393,44.41043],[8.93357,44.41056],[8.93282,44.41054],[8.93291,44.4108],[8.93219,44.41101],[8.93191,44.41128],[8.93132,44.41127],[8.93059,44.41161],[8.93023,44.41143],[8.92981,44.41177],[8.93006,44.41199],[8.92966,44.41215],[8.92969,44.41258],[8.93015,44.4127],[8.93005,44.41303],[8.92942,44.41315],[8.92959,44.41349],[8.92891,44.41365],[8.92861,44.41382],[8.92866,44.41407],[8.92855,44.41411],[8.92854,44.41411],[8.92795,44.41406],[8.92764,44.4136],[8.92738,44.41385],[8.9269,44.41399],[8.92673,44.41438],[8.92694,44.41459],[8.92679,44.41478],[8.9264,44.41498],[8.92663,44.41523],[8.92665,44.41536],[8.92655,44.41556],[8.92619,44.41602],[8.92574,44.41606],[8.92445,44.41647],[8.92421,44.41618],[8.92316,44.41681],[8.92285,44.41652],[8.92272,44.41619],[8.92215,44.41632],[8.92175,44.41601],[8.92186,44.41575],[8.9224,44.41573],[8.92235,44.41555],[8.92383,44.41519],[8.92425,44.41477],[8.92652,44.41333],[8.92692,44.41304],[8.92819,44.41244],[8.92916,44.41208],[8.92935,44.41189],[8.92921,44.41156],[8.92952,44.41138],[8.92951,44.41086],[8.9298,44.41095],[8.92986,44.41005],[8.92949,44.40995],[8.92974,44.40937],[8.92966,44.40894],[8.92949,44.40886],[8.92923,44.40841],[8.92935,44.40827],[8.93126,44.40749],[8.93195,44.40732],[8.93241,44.40735],[8.93271,44.40765],[8.93321,44.4074],[8.93296,44.40706]],[[8.92567,44.41525],[8.92595,44.4158],[8.92631,44.41566],[8.92658,44.41547],[8.9266,44.41524],[8.92564,44.41427],[8.92507,44.41462],[8.92567,44.41525]]]},"properties":{"zona":"B03","fascia":"B","fascia_label":"Centrale","redefined":true,"loc_min":null,"loc_max":null,"loc_mid":null}},{"type":"Feature","geometry":{"type":"Polygon","coordinates":[[[8.95298,44.40938],[8.95343,44.41015],[8.95378,44.4111],[8.95395,44.41195],[8.95402,44.41288],[8.95346,44.41287],[8.95328,44.41362],[8.95308,44.41366],[8.95269,44.41428],[8.95202,44.41514],[8.95147,44.41554],[8.95037,44.41615],[8.94998,44.41621],[8.95008,44.41578],[8.95078,44.41512],[8.95054,44.41501],[8.95088,44.41455],[8.95081,44.41367],[8.95103,44.41359],[8.95108,44.41313],[8.95094,44.41275],[8.95117,44.41232],[8.95027,44.41206],[8.95039,44.41163],[8.9503,44.41131],[8.95024,44.41099],[8.95063,44.41085],[8.95042,44.41019],[8.95065,44.41006],[8.95031,44.4095],[8.95002,44.40919],[8.94922,44.40857],[8.94793,44.40792],[8.94736,44.40814],[8.94715,44.40796],[8.94682,44.40801],[8.94598,44.40739],[8.94611,44.40727],[8.94617,44.4069],[8.94722,44.40626],[8.94745,44.40636],[8.94812,44.40611],[8.94922,44.40712],[8.94976,44.4073],[8.95096,44.40848],[8.95163,44.40812],[8.95298,44.40938]]]},"properties":{"zona":"C09","linkzona":"GE00003334","fascia":"C","fascia_label":"Semicentrale","descr":"VIA CANEVARI - BORGO INCROCIATI - CORSO MONTEGRAPPA TU.B (V.CANEVARI-...","semestre":"2025-S2","loc_min":6.4,"loc_max":9.5,"loc_mid":7.95,"sale_min":1350.0,"sale_max":2000.0,"sup":"L","tipologia":"Abitazioni civili","stato":"NORMALE","trend":0.0,"trend_from":"2023-S2"}},{"type":"Feature","geometry":{"type":"Polygon","coordinates":[[[8.74107,44.42724],[8.74129,44.42758],[8.74134,44.42791],[8.74168,44.42814],[8.74129,44.42862],[8.74135,44.4294],[8.74182,44.42941],[8.74206,44.42918],[8.7426,44.42925],[8.74268,44.42874],[8.74367,44.42896],[8.74401,44.42955],[8.7444,44.42986],[8.74502,44.43055],[8.745,44.43075],[8.74458,44.4311],[8.74346,44.43185],[8.74309,44.43222],[8.74263,44.43236],[8.74233,44.43286],[8.74202,44.4332],[8.7414,44.4335],[8.7412,44.43374],[8.74111,44.43418],[8.74147,44.4351],[8.74127,44.43535],[8.74133,44.43593],[8.74161,44.43659],[8.74133,44.43682],[8.74123,44.43711],[8.74097,44.43728],[8.74121,44.43763],[8.74101,44.43793],[8.74145,44.43845],[8.74193,44.43848],[8.74241,44.43889],[8.74229,44.43956],[8.74251,44.44019],[8.74247,44.4404],[8.74286,44.44076],[8.74229,44.44112],[8.74271,44.44146],[8.7426,44.44227],[8.74267,44.44265],[8.7422,44.443],[8.74219,44.4435],[8.74191,44.44384],[8.74136,44.44388],[8.74197,44.44468],[8.74187,44.4454],[8.7416,44.4463],[8.74102,44.44685],[8.74126,44.44695],[8.74119,44.44767],[8.74108,44.44786],[8.74118,44.44855],[8.74112,44.44917],[8.74046,44.44953],[8.74028,44.44993],[8.73978,44.45031],[8.74003,44.45086],[8.74,44.45102],[8.73952,44.45131],[8.73904,44.45179],[8.73906,44.45248],[8.73821,44.45257],[8.73758,44.45279],[8.73744,44.45345],[8.737,44.45375],[8.73713,44.45399],[8.73696,44.45431],[8.73656,44.45462],[8.73614,44.45513],[8.73514,44.45555],[8.73609,44.45606],[8.7362,44.45646],[8.73598,44.45671],[8.73553,44.45692],[8.73541,44.45728],[8.73492,44.45772],[8.73469,44.45776],[8.73468,44.45814],[8.7344,44.45843],[8.73471,44.45914],[8.73419,44.45993],[8.73362,44.46025],[8.73305,44.46008],[8.73308,44.45983],[8.73253,44.4598],[8.7323,44.46007],[8.73137,44.46026],[8.73027,44.45976],[8.72978,44.4599],[8.72948,44.46032],[8.72925,44.46027],[8.72894,44.46054],[8.7279,44.46082],[8.72758,44.46114],[8.72726,44.46127],[8.72678,44.46127],[8.72615,44.46086],[8.7259,44.46088],[8.72569,44.46062],[8.72516,44.46065],[8.72429,44.46059],[8.72352,44.46093],[8.72279,44.46075],[8.7217,44.46091],[8.72143,44.46113],[8.72135,44.46177],[8.72181,44.46184],[8.72204,44.46203],[8.72203,44.46249],[8.72182,44.46262],[8.72212,44.46298],[8.7228,44.46348],[8.7226,44.46397],[8.7224,44.46419],[8.72167,44.46411],[8.72192,44.4655],[8.72152,44.4658],[8.72123,44.46615],[8.72088,44.46623],[8.72016,44.46663],[8.71936,44.4673],[8.7197,44.46854],[8.71996,44.47012],[8.72016,44.47059],[8.71996,44.4711],[8.72014,44.47139],[8.72013,44.47243],[8.71997,44.47283],[8.71954,44.47318],[8.71805,44.47244],[8.7153,44.47329],[8.7148,44.47321],[8.7145,44.47331],[8.71426,44.4736],[8.71352,44.47399],[8.71313,44.47398],[8.71259,44.47412],[8.71228,44.47487],[8.71075,44.47556],[8.71065,44.47582],[8.71065,44.4765],[8.71048,44.47737],[8.71008,44.47776],[8.70962,44.47793],[8.70896,44.47849],[8.70892,44.47923],[8.7083,44.47953],[8.70751,44.47969],[8.70716,44.47957],[8.70657,44.47969],[8.70564,44.4797],[8.7055,44.47994],[8.70454,44.48059],[8.70363,44.48109],[8.70304,44.48095],[8.70119,44.48105],[8.70059,44.4812],[8.70001,44.48106],[8.69928,44.48107],[8.69858,44.48091],[8.69768,44.4811],[8.69693,44.48149],[8.69574,44.48187],[8.69469,44.48314],[8.69385,44.48347],[8.69256,44.48354],[8.69194,44.48368],[8.69033,44.4838],[8.68925,44.48395],[8.68857,44.48432],[8.68795,44.48433],[8.68713,44.4839],[8.68666,44.48379],[8.68589,44.48342],[8.68523,44.48292],[8.685,44.48264],[8.68446,44.48229],[8.6843,44.48208],[8.6831,44.4816],[8.68187,44.48179],[8.68144,44.4818],[8.68073,44.48201],[8.68051,44.48198],[8.67892,44.48206],[8.67814,44.48197],[8.67726,44.48217],[8.67678,44.48211],[8.67643,44.48219],[8.67598,44.48203],[8.6757,44.4817],[8.67378,44.48059],[8.67341,44.48015],[8.67297,44.47982],[8.67222,44.47962],[8.67155,44.47916],[8.67102,44.4785],[8.67055,44.47735],[8.67058,44.47702],[8.67076,44.47682],[8.67063,44.47629],[8.66942,44.47502],[8.669,44.47438],[8.66882,44.47423],[8.66988,44.47242],[8.66992,44.47179],[8.66942,44.47115],[8.66926,44.47057],[8.66899,44.47008],[8.66895,44.46934],[8.66916,44.4679],[8.66881,44.46741],[8.66813,44.4669],[8.66672,44.46613],[8.66581,44.46584],[8.66577,44.46565],[8.66604,44.46505],[8.66592,44.4647],[8.66611,44.46412],[8.66602,44.4636],[8.66621,44.46328],[8.66688,44.46299],[8.6674,44.46236],[8.66839,44.46179],[8.66868,44.46152],[8.66847,44.46103],[8.6685,44.46025],[8.66836,44.4597],[8.66901,44.45913],[8.66991,44.45848],[8.67094,44.4579],[8.67086,44.45758],[8.67098,44.457],[8.67067,44.45657],[8.67004,44.45598],[8.66973,44.4556],[8.66965,44.4551],[8.6694,44.45453],[8.6692,44.45358],[8.66924,44.45319],[8.66893,44.45236],[8.66755,44.45129],[8.66702,44.45095],[8.66713,44.45072],[8.66821,44.45004],[8.66953,44.44912],[8.66996,44.44875],[8.67085,44.44836],[8.6713,44.44843],[8.67176,44.44796],[8.67173,44.44648],[8.67232,44.44568],[8.67296,44.44517],[8.6731,44.44462],[8.67334,44.44402],[8.67345,44.44337],[8.67585,44.44205],[8.67786,44.44075],[8.67824,44.44061],[8.67842,44.44034],[8.67912,44.43963],[8.67994,44.43837],[8.68035,44.43799],[8.68166,44.43698],[8.68281,44.43708],[8.68465,44.43745],[8.68585,44.43787],[8.68599,44.43811],[8.6866,44.43865],[8.68765,44.43876],[8.68838,44.43875],[8.68872,44.43891],[8.69109,44.43872],[8.69177,44.43879],[8.69202,44.43895],[8.69285,44.43895],[8.69349,44.43879],[8.69425,44.43841],[8.69541,44.43756],[8.69604,44.43724],[8.69602,44.43657],[8.69653,44.4357],[8.69706,44.4343],[8.69756,44.43403],[8.69723,44.43383],[8.6974,44.43306],[8.69692,44.43316],[8.69742,44.43252],[8.6977,44.43232],[8.69739,44.43102],[8.69746,44.43041],[8.69718,44.42991],[8.69715,44.42931],[8.69697,44.4285],[8.69723,44.42778],[8.69685,44.42692],[8.69759,44.42597],[8.6978,44.42559],[8.69845,44.42475],[8.70023,44.42412],[8.70151,44.42427],[8.70199,44.42421],[8.70289,44.4239],[8.70374,44.42379],[8.70454,44.42393],[8.70523,44.42412],[8.7057,44.42411],[8.70615,44.4238],[8.70673,44.42378],[8.70707,44.42355],[8.70723,44.42304],[8.7078,44.42259],[8.70846,44.42217],[8.70853,44.42118],[8.70838,44.42086],[8.70839,44.42037],[8.70896,44.41998],[8.71004,44.42046],[8.7106,44.42034],[8.71099,44.42094],[8.71119,44.42141],[8.71144,44.4215],[8.71166,44.42186],[8.71222,44.42214],[8.71256,44.42265],[8.71285,44.4233],[8.71321,44.42278],[8.7134,44.42226],[8.7139,44.42184],[8.71438,44.42082],[8.71479,44.4208],[8.71509,44.42168],[8.71546,44.42203],[8.71607,44.42219],[8.71706,44.42289],[8.71708,44.42247],[8.71796,44.42253],[8.71853,44.42281],[8.71862,44.42234],[8.7189,44.42206],[8.71962,44.42199],[8.71972,44.42231],[8.72014,44.42298],[8.72065,44.42282],[8.72124,44.42314],[8.72138,44.42342],[8.72223,44.42338],[8.72378,44.42289],[8.72395,44.42332],[8.72461,44.42345],[8.72467,44.42366],[8.72518,44.42384],[8.72547,44.42377],[8.72655,44.42412],[8.72773,44.42487],[8.72791,44.4251],[8.72745,44.42586],[8.72797,44.42593],[8.72856,44.42585],[8.72911,44.426],[8.72987,44.42592],[8.73046,44.42603],[8.73123,44.42576],[8.73193,44.42562],[8.73242,44.42583],[8.73267,44.42567],[8.73295,44.4258],[8.73336,44.42566],[8.73303,44.42514],[8.73329,44.42498],[8.73351,44.42463],[8.73303,44.42448],[8.73319,44.4241],[8.73303,44.42364],[8.73428,44.42382],[8.73517,44.42378],[8.73613,44.42332],[8.73703,44.42407],[8.73709,44.42482],[8.73745,44.42496],[8.73731,44.42529],[8.73809,44.42574],[8.73862,44.42583],[8.73952,44.42628],[8.7401,44.42664],[8.74029,44.42659],[8.74107,44.42724]]]},"properties":{"zona":"R3","linkzona":"GE00003383","fascia":"R","fascia_label":"Extraurbana","descr":"VAL CERUSA FV.B. (LOC.FABBRICHE-LOC.FIORINO-LOC.CHIALE)","semestre":"2025-S2","loc_min":4.5,"loc_max":6.7,"loc_mid":5.6,"sup":"L","tipologia":"Abitazioni di tipo economico","stato":"NORMALE","trend":0.9,"trend_from":"2023-S2"}},{"type":"Feature","geometry":{"type":"Polygon","coordinates":[[[8.88565,44.41324],[8.88495,44.41351],[8.88437,44.41362],[8.88404,44.41358],[8.88507,44.41194],[8.88562,44.41119],[8.88628,44.41091],[8.88663,44.41142],[8.88751,44.41137],[8.88774,44.41197],[8.88885,44.4118],[8.88968,44.41272],[8.88991,44.41266],[8.891,44.41202],[8.89278,44.41147],[8.89443,44.41084],[8.89658,44.41011],[8.89869,44.40934],[8.89945,44.40915],[8.89977,44.40946],[8.9001,44.40985],[8.90021,44.41044],[8.89985,44.4109],[8.90014,44.41158],[8.89844,44.41205],[8.89829,44.41217],[8.89613,44.41281],[8.897,44.4136],[8.89658,44.41395],[8.89491,44.41363],[8.8945,44.41379],[8.89418,44.41339],[8.8937,44.41302],[8.8933,44.41355],[8.8931,44.4135],[8.89226,44.41359],[8.89147,44.41348],[8.8909,44.41411],[8.88908,44.41321],[8.88863,44.41352],[8.88819,44.41349],[8.88739,44.41367],[8.88728,44.41352],[8.88767,44.41325],[8.88831,44.41259],[8.88824,44.41218],[8.88764,44.41251],[8.88693,44.4128],[8.88682,44.41273],[8.88565,44.41324]]]},"properties":{"zona":"C22","linkzona":"GE00003369","fascia":"C","fascia_label":"Semicentrale","descr":"CANTORE TU.A (V.N.D ASTE-V.MONTI-V.BALBI PIOVERA-VILLA SCASSI-P.ZZA M...","semestre":"2025-S2","loc_min":5.1,"loc_max":7.5,"loc_mid":6.3,"sale_min":710.0,"sale_max":1050.0,"sup":"L","tipologia":"Abitazioni civili","stato":"NORMALE","trend":5.9,"trend_from":"2023-S2"}},{"type":"Feature","geometry":{"type":"Polygon","coordinates":[[[8.98904,44.40426],[8.9886,44.40474],[8.98708,44.40511],[8.98668,44.40474],[8.98651,44.40427],[8.98582,44.40485],[8.98535,44.40439],[8.98507,44.40454],[8.98407,44.40425],[8.98373,44.40399],[8.98285,44.40408],[8.98279,44.40449],[8.98244,44.40458],[8.98204,44.40507],[8.98228,44.40521],[8.98175,44.40543],[8.98147,44.40569],[8.98066,44.4052],[8.98015,44.40481],[8.98063,44.40444],[8.98098,44.40431],[8.9803,44.40374],[8.97982,44.40394],[8.97924,44.40367],[8.97908,44.40295],[8.97852,44.40303],[8.97824,44.40284],[8.97818,44.40207],[8.97814,44.40173],[8.97839,44.40124],[8.97865,44.40049],[8.97832,44.40002],[8.97824,44.39974],[8.9779,44.3993],[8.97781,44.399],[8.97723,44.39901],[8.97729,44.39817],[8.97697,44.39795],[8.97727,44.39723],[8.97718,44.39692],[8.9769,44.39697],[8.97647,44.39561],[8.9772,44.39519],[8.97767,44.39516],[8.97782,44.3944],[8.97763,44.39419],[8.97782,44.39276],[8.97757,44.39219],[8.97745,44.39168],[8.97755,44.39137],[8.97728,44.39081],[8.97782,44.39068],[8.97769,44.38996],[8.9781,44.39027],[8.97857,44.39028],[8.97883,44.3906],[8.97919,44.39067],[8.97953,44.3912],[8.98016,44.39136],[8.98133,44.39104],[8.98173,44.39074],[8.98207,44.39086],[8.98241,44.39128],[8.98251,44.39168],[8.98317,44.39199],[8.9838,44.39202],[8.98538,44.39187],[8.98587,44.39168],[8.98615,44.39172],[8.98729,44.39128],[8.9877,44.39131],[8.98861,44.39103],[8.98933,44.39098],[8.98928,44.39121],[8.98988,44.39212],[8.98983,44.39272],[8.98956,44.3935],[8.98901,44.3937],[8.98907,44.3942],[8.98895,44.39483],[8.98863,44.39539],[8.98899,44.39589],[8.99083,44.39643],[8.99093,44.39603],[8.99078,44.39581],[8.99058,44.39512],[8.99058,44.39474],[8.9908,44.39426],[8.99131,44.39439],[8.99328,44.3952],[8.99352,44.39545],[8.99337,44.39604],[8.99343,44.39679],[8.99357,44.39768],[8.99385,44.39822],[8.99361,44.39836],[8.9935,44.39894],[8.99365,44.3992],[8.99298,44.3994],[8.9928,44.39906],[8.9922,44.39939],[8.99179,44.39985],[8.99123,44.39961],[8.99098,44.39924],[8.99023,44.39929],[8.99021,44.39991],[8.98974,44.40017],[8.98939,44.40071],[8.98908,44.40094],[8.98908,44.40185],[8.98886,44.40263],[8.98865,44.40273],[8.98872,44.40351],[8.98904,44.40426]]]},"properties":{"zona":"C05","linkzona":"GE00003324","fascia":"C","fascia_label":"Semicentrale","descr":"STURLA TU.M (V.DEI MILLE-V.STURLA-V.ISONZO-V.TIMAVO-C.SO EUROPA)","semestre":"2025-S2","loc_min":6.5,"loc_max":9.6,"loc_mid":8.05,"sale_min":1700.0,"sale_max":2500.0,"sup":"L","tipologia":"Abitazioni civili","stato":"NORMALE","trend":0.0,"trend_from":"2023-S2"}},{"type":"Feature","geometry":{"type":"Polygon","coordinates":[[[8.88565,44.41324],[8.88682,44.41273],[8.88693,44.4128],[8.88764,44.41251],[8.88824,44.41218],[8.88831,44.41259],[8.88767,44.41325],[8.88728,44.41352],[8.88739,44.41367],[8.88681,44.41381],[8.88642,44.41425],[8.88593,44.415],[8.88551,44.41601],[8.88521,44.41699],[8.88517,44.4177],[8.88524,44.41836],[8.88553,44.4194],[8.88602,44.42034],[8.88497,44.42067],[8.88451,44.42099],[8.88325,44.41962],[8.88019,44.41605],[8.8797,44.41552],[8.87938,44.41496],[8.87851,44.414],[8.87839,44.41393],[8.87789,44.41316],[8.87866,44.41314],[8.87866,44.4125],[8.87894,44.41208],[8.87922,44.41187],[8.88006,44.41158],[8.88226,44.41123],[8.88259,44.41114],[8.88354,44.41093],[8.88487,44.41054],[8.88626,44.41028],[8.88645,44.41067],[8.88628,44.41091],[8.88562,44.41119],[8.88507,44.41194],[8.88404,44.41358],[8.88437,44.41362],[8.88495,44.41351],[8.88565,44.41324]]]},"properties":{"zona":"C24","linkzona":"GE00003371","fascia":"C","fascia_label":"Semicentrale","descr":"FIUMARA-ERIDANIA-ANSALDO AD.M (V.PIERAGOSTINI-V.DEGOLA-V.GROSSI)","semestre":"2025-S2","loc_min":7.0,"loc_max":10.4,"loc_mid":8.7,"sup":"L","tipologia":"Abitazioni civili","stato":"OTTIMO","ott_min":7.0,"ott_max":10.4,"trend":0.0,"trend_from":"2023-S2"}},{"type":"Feature","geometry":{"type":"Polygon","coordinates":[[[8.96555,44.42424],[8.96561,44.42435],[8.96454,44.42483],[8.96442,44.42443],[8.9645,44.42418],[8.96444,44.42325],[8.96381,44.42309],[8.96313,44.42355],[8.96295,44.4234],[8.96346,44.42304],[8.96251,44.42191],[8.96208,44.42268],[8.96124,44.42148],[8.9607,44.42155],[8.96025,44.4212],[8.96013,44.42082],[8.9591,44.42094],[8.95915,44.42132],[8.95905,44.4218],[8.9593,44.42218],[8.95933,44.42244],[8.96012,44.42343],[8.96031,44.42382],[8.9599,44.42404],[8.9593,44.42389],[8.95874,44.42408],[8.95799,44.4238],[8.95728,44.42377],[8.95663,44.42343],[8.9563,44.42296],[8.95572,44.42274],[8.9553,44.42296],[8.95486,44.42305],[8.95455,44.42344],[8.95469,44.4239],[8.95391,44.42387],[8.95334,44.42302],[8.9532,44.42254],[8.95341,44.42213],[8.95381,44.42177],[8.9535,44.42138],[8.95295,44.421],[8.95246,44.42055],[8.95214,44.42004],[8.95241,44.41968],[8.95219,44.41954],[8.95254,44.41917],[8.95173,44.41864],[8.95147,44.41885],[8.94981,44.41794],[8.94826,44.41739],[8.94915,44.41668],[8.94998,44.41621],[8.95037,44.41615],[8.95147,44.41554],[8.95202,44.41514],[8.95269,44.41428],[8.95308,44.41366],[8.95328,44.41362],[8.95346,44.41287],[8.95402,44.41288],[8.95395,44.41195],[8.95378,44.4111],[8.95343,44.41015],[8.95298,44.40938],[8.95303,44.40944],[8.95421,44.40915],[8.95386,44.40836],[8.9553,44.40802],[8.95611,44.40963],[8.95565,44.40976],[8.95701,44.41266],[8.95685,44.41273],[8.95713,44.41334],[8.95698,44.41361],[8.95814,44.41432],[8.9584,44.41438],[8.95737,44.41503],[8.9567,44.41515],[8.95808,44.4161],[8.95934,44.41644],[8.95919,44.41678],[8.96072,44.41704],[8.96222,44.41712],[8.96213,44.41756],[8.96256,44.41755],[8.96286,44.41739],[8.96464,44.4184],[8.96399,44.41906],[8.96445,44.41931],[8.96513,44.42006],[8.96517,44.42075],[8.96529,44.4211],[8.96599,44.42133],[8.96639,44.42189],[8.96638,44.42222],[8.96599,44.4228],[8.96562,44.4237],[8.96555,44.42424]]]},"properties":{"zona":"C03","linkzona":"GE00003322","fascia":"C","fascia_label":"Semicentrale","descr":"MARASSI TU.M (C.SO SARDEGNA-V.ROBINO-C.SO DE STEFANIS-C.SO GALLIERA-V...","semestre":"2025-S2","loc_min":5.6,"loc_max":8.2,"loc_mid":6.9,"sale_min":1250.0,"sale_max":1850.0,"sup":"L","tipologia":"Abitazioni civili","stato":"NORMALE","trend":1.5,"trend_from":"2023-S2"}},{"type":"Feature","geometry":{"type":"Polygon","coordinates":[[[8.9313,44.40258],[8.93056,44.40334],[8.9293,44.40441],[8.92844,44.40525],[8.92831,44.40552],[8.92796,44.40565],[8.92773,44.40606],[8.92771,44.40643],[8.9281,44.40686],[8.92817,44.40719],[8.92875,44.40798],[8.92905,44.40848],[8.92917,44.40947],[8.92913,44.41007],[8.92883,44.41083],[8.92842,44.4114],[8.92809,44.41171],[8.92692,44.41304],[8.92652,44.41333],[8.92425,44.41477],[8.92383,44.41519],[8.92235,44.41555],[8.9224,44.41573],[8.92186,44.41575],[8.92175,44.41601],[8.92215,44.41632],[8.92134,44.41613],[8.91848,44.41681],[8.91804,44.41683],[8.91755,44.41665],[8.91798,44.41666],[8.91893,44.41599],[8.91872,44.41474],[8.91933,44.4145],[8.91945,44.41429],[8.9197,44.41442],[8.92064,44.41398],[8.92,44.41323],[8.92009,44.41319],[8.92074,44.41394],[8.92162,44.41355],[8.92028,44.41201],[8.92153,44.41146],[8.92266,44.41275],[8.92295,44.41262],[8.92318,44.41284],[8.92425,44.41236],[8.92462,44.41265],[8.9247,44.41314],[8.92345,44.41371],[8.92382,44.41416],[8.92402,44.41419],[8.9258,44.41306],[8.92539,44.41284],[8.92562,44.41257],[8.92504,44.41225],[8.92524,44.41199],[8.92441,44.41162],[8.92472,44.41137],[8.92636,44.41206],[8.92675,44.41196],[8.92694,44.41174],[8.92678,44.41145],[8.92514,44.41104],[8.92523,44.41073],[8.9261,44.41096],[8.92617,44.41085],[8.92736,44.4112],[8.92761,44.41045],[8.92576,44.41046],[8.92514,44.41041],[8.92502,44.41016],[8.92252,44.41019],[8.92245,44.41008],[8.92535,44.41008],[8.92576,44.41001],[8.92762,44.41],[8.92735,44.40927],[8.92634,44.40954],[8.92613,44.40926],[8.92717,44.40897],[8.92682,44.40844],[8.92629,44.40837],[8.92484,44.40861],[8.92397,44.4085],[8.92425,44.40878],[8.92399,44.40931],[8.91879,44.40806],[8.91855,44.4075],[8.91872,44.40708],[8.91968,44.40648],[8.92336,44.40664],[8.92727,44.40487],[8.92886,44.40346],[8.92744,44.4025],[8.92716,44.40248],[8.9256,44.40388],[8.9253,44.40373],[8.92625,44.40284],[8.92821,44.40108],[8.92784,44.40082],[8.92741,44.40069],[8.9273,44.4012],[8.92521,44.40307],[8.92521,44.40291],[8.92464,44.40274],[8.92575,44.40173],[8.92529,44.40147],[8.92402,44.40261],[8.92346,44.4023],[8.92542,44.40053],[8.92424,44.40016],[8.92248,44.40174],[8.92231,44.40166],[8.92432,44.39984],[8.92474,44.4],[8.925,44.39959],[8.92564,44.39972],[8.92582,44.39946],[8.92923,44.40048],[8.92979,44.40079],[8.93046,44.40074],[8.93147,44.40101],[8.93209,44.39968],[8.93222,44.39982],[8.9328,44.4],[8.93315,44.40032],[8.93313,44.40057],[8.93238,44.40093],[8.93198,44.40161],[8.9313,44.40258]],[[8.92756,44.40646],[8.92737,44.40618],[8.92663,44.40647],[8.9263,44.40625],[8.92538,44.40676],[8.92495,44.4072],[8.92476,44.4078],[8.92492,44.40804],[8.92594,44.40745],[8.92604,44.40748],[8.92727,44.4067],[8.92756,44.40646]]]},"properties":{"zona":"B05","linkzona":"GE00003359","fascia":"B","fascia_label":"Centrale","descr":"PORTO ANTICO-DARSENA TU.A (EXPO`-PONTE MOROSINI-PONTE SPINOLA-CALATA PORT...","semestre":"2025-S2","loc_min":7.9,"loc_max":11.7,"loc_mid":9.8,"sale_min":2250.0,"sale_max":3300.0,"sup":"L","tipologia":"Abitazioni civili","stato":"NORMALE","trend":4.8,"trend_from":"2023-S2"}},{"type":"Feature","geometry":{"type":"Polygon","coordinates":[[[8.91755,44.41665],[8.91743,44.41679],[8.9159,44.41616],[8.91574,44.41655],[8.9154,44.4168],[8.91481,44.41667],[8.91482,44.41648],[8.91449,44.41613],[8.91251,44.41472],[8.91003,44.41369],[8.90983,44.41407],[8.91011,44.41443],[8.91015,44.41484],[8.91045,44.41603],[8.91044,44.4162],[8.91072,44.4178],[8.91051,44.41782],[8.91016,44.41828],[8.90988,44.41846],[8.91061,44.41888],[8.9113,44.4189],[8.91136,44.41913],[8.91253,44.41996],[8.91222,44.42027],[8.91158,44.41994],[8.911,44.4201],[8.9105,44.41974],[8.91032,44.42],[8.90973,44.42029],[8.90924,44.42017],[8.90705,44.41979],[8.9067,44.41959],[8.90687,44.41901],[8.90726,44.41876],[8.90774,44.41902],[8.90801,44.41888],[8.90762,44.41846],[8.90794,44.41824],[8.90821,44.4176],[8.90792,44.41663],[8.90771,44.41513],[8.90872,44.41343],[8.90899,44.41352],[8.90949,44.4131],[8.90936,44.41271],[8.9091,44.41236],[8.90939,44.41218],[8.90987,44.41228],[8.91027,44.4122],[8.91119,44.41248],[8.91171,44.41207],[8.91213,44.41175],[8.9125,44.412],[8.91194,44.41247],[8.91352,44.41322],[8.91385,44.41331],[8.91504,44.41146],[8.91614,44.41169],[8.91578,44.4137],[8.91614,44.41375],[8.91606,44.414],[8.91807,44.41436],[8.91781,44.41306],[8.91824,44.413],[8.91785,44.41106],[8.91845,44.41099],[8.91894,44.41356],[8.91926,44.41354],[8.91945,44.41429],[8.91933,44.4145],[8.91872,44.41474],[8.91893,44.41599],[8.91798,44.41666],[8.91755,44.41665]]]},"properties":{"zona":"C15","linkzona":"GE00003352","fascia":"C","fascia_label":"Semicentrale","descr":"ANGELI-VENEZIA TU.B (P.ZZA DINEGRO-V.BOLOGNA-V.BUOZZI-V.VENEZIA)","semestre":"2025-S2","loc_min":5.5,"loc_max":8.1,"loc_mid":6.8,"sale_min":1250.0,"sale_max":1850.0,"sup":"L","tipologia":"Abitazioni civili","stato":"NORMALE","trend":3.0,"trend_from":"2023-S2"}},{"type":"Feature","geometry":{"type":"Polygon","coordinates":[[[8.91974,44.41986],[8.91983,44.42002],[8.9194,44.42034],[8.91844,44.42133],[8.9186,44.4216],[8.91897,44.42169],[8.91846,44.42283],[8.91846,44.42324],[8.91896,44.42364],[8.91956,44.42394],[8.91935,44.42418],[8.91873,44.42388],[8.91818,44.42386],[8.91837,44.42418],[8.91848,44.42469],[8.91817,44.42498],[8.91752,44.42486],[8.91774,44.42538],[8.9167,44.42552],[8.91651,44.42569],[8.91609,44.42558],[8.91558,44.42561],[8.9152,44.42541],[8.91523,44.42501],[8.91562,44.42458],[8.9164,44.4242],[8.91661,44.42389],[8.91679,44.42304],[8.91697,44.42186],[8.91712,44.42167],[8.91717,44.42111],[8.91712,44.42058],[8.9167,44.4204],[8.91665,44.41988],[8.91724,44.41845],[8.91765,44.41764],[8.91786,44.41779],[8.91795,44.41813],[8.91903,44.41805],[8.91938,44.41866],[8.91949,44.41938],[8.91974,44.41986]]]},"properties":{"zona":"C16","linkzona":"GE00003356","fascia":"C","fascia_label":"Semicentrale","descr":"LAGACCIO TU.B (V.AVEZZANA-V.ADAMO CENTURIONE)","semestre":"2025-S2","loc_min":5.4,"loc_max":8.0,"loc_mid":6.7,"sale_min":1000.0,"sale_max":1450.0,"sup":"L","tipologia":"Abitazioni civili","stato":"NORMALE","trend":3.9,"trend_from":"2023-S2"}},{"type":"Feature","geometry":{"type":"Polygon","coordinates":[[[8.91565,44.42629],[8.91591,44.42631],[8.9164,44.4269],[8.91679,44.42721],[8.91705,44.42703],[8.91682,44.42677],[8.91727,44.42653],[8.9167,44.42552],[8.91774,44.42538],[8.91752,44.42486],[8.91817,44.42498],[8.91848,44.42469],[8.91837,44.42418],[8.91818,44.42386],[8.91873,44.42388],[8.91935,44.42418],[8.91956,44.42394],[8.91896,44.42364],[8.91846,44.42324],[8.91846,44.42283],[8.91897,44.42169],[8.9186,44.4216],[8.91844,44.42133],[8.91928,44.42122],[8.9195,44.42155],[8.91987,44.4215],[8.92005,44.4211],[8.92059,44.42097],[8.92054,44.42081],[8.92114,44.42058],[8.92144,44.42058],[8.9216,44.42019],[8.92118,44.42003],[8.9219,44.41955],[8.92215,44.41929],[8.92446,44.42025],[8.92511,44.42049],[8.92532,44.42013],[8.92453,44.41892],[8.92535,44.41843],[8.92545,44.41849],[8.9255,44.41901],[8.92538,44.41914],[8.92628,44.42003],[8.92647,44.42057],[8.92683,44.42065],[8.92747,44.4206],[8.92759,44.42147],[8.92778,44.42188],[8.92783,44.4224],[8.92807,44.42276],[8.9285,44.42389],[8.92884,44.42437],[8.92944,44.4257],[8.92967,44.42579],[8.93013,44.4263],[8.9309,44.42642],[8.93103,44.42682],[8.93147,44.42739],[8.93178,44.42746],[8.9323,44.42651],[8.93253,44.42625],[8.93298,44.42615],[8.93312,44.42649],[8.93367,44.42702],[8.93397,44.42715],[8.9349,44.42729],[8.93505,44.42725],[8.93496,44.42751],[8.93534,44.42762],[8.9348,44.42813],[8.93451,44.42915],[8.93352,44.43068],[8.93336,44.43115],[8.9327,44.43136],[8.93264,44.43199],[8.93293,44.43275],[8.93297,44.43318],[8.93354,44.43392],[8.93264,44.43474],[8.93252,44.43517],[8.93248,44.43656],[8.93215,44.43705],[8.93204,44.43773],[8.9313,44.43955],[8.93124,44.43985],[8.93148,44.44071],[8.93132,44.44084],[8.93135,44.44131],[8.93209,44.44214],[8.93154,44.44217],[8.9307,44.44151],[8.92978,44.44101],[8.9294,44.44087],[8.92883,44.44052],[8.9275,44.4402],[8.92688,44.43998],[8.92666,44.44004],[8.92495,44.4399],[8.92471,44.4398],[8.92293,44.43946],[8.92207,44.43916],[8.92071,44.43928],[8.9194,44.4389],[8.91893,44.43884],[8.9191,44.4381],[8.91867,44.43721],[8.91784,44.43647],[8.91669,44.43579],[8.91655,44.43566],[8.91452,44.43447],[8.91414,44.43363],[8.91344,44.43293],[8.91323,44.43225],[8.91293,44.43184],[8.91189,44.43101],[8.91371,44.43026],[8.91531,44.42912],[8.91604,44.4287],[8.91612,44.4283],[8.91603,44.42798],[8.91565,44.4273],[8.91548,44.42652],[8.91565,44.42629]]]},"properties":{"zona":"C17","linkzona":"GE00003358","fascia":"C","fascia_label":"Semicentrale","descr":"OREGINA TU.M (V.NAPOLI-V.PALEOCAPA-V.VESUVIO-V.COSTANZI)","semestre":"2025-S2","loc_min":5.4,"loc_max":8.0,"loc_mid":6.7,"sale_min":1250.0,"sale_max":1850.0,"sup":"L","tipologia":"Abitazioni civili","stato":"NORMALE","trend":0.0,"trend_from":"2023-S2"}},{"type":"Feature","geometry":{"type":"MultiPolygon","coordinates":[[[[8.90092,44.40674],[8.90063,44.40617],[8.90078,44.4061],[8.90059,44.4056],[8.90295,44.40513],[8.90332,44.40513],[8.90356,44.40462],[8.90401,44.4041],[8.90301,44.40381],[8.90299,44.40347],[8.90316,44.40249],[8.90367,44.40247],[8.90449,44.40249],[8.90458,44.40204],[8.90442,44.40198],[8.90442,44.40145],[8.9046,44.401],[8.90479,44.40087],[8.90493,44.40016],[8.90655,44.39981],[8.90664,44.39985],[8.906,44.40324],[8.90612,44.40333],[8.90793,44.40318],[8.90848,44.40014],[8.91013,44.39984],[8.9102,44.39988],[8.90965,44.40276],[8.90976,44.40282],[8.9149,44.40174],[8.91544,44.39883],[8.91651,44.39862],[8.91657,44.39868],[8.91655,44.40112],[8.9172,44.40114],[8.91782,44.40152],[8.91817,44.40239],[8.91805,44.40261],[8.91861,44.40396],[8.91233,44.40529],[8.91278,44.40651],[8.91002,44.40707],[8.91037,44.408],[8.91297,44.40751],[8.91317,44.40801],[8.91487,44.40767],[8.91492,44.40779],[8.91321,44.40812],[8.91338,44.40855],[8.91226,44.40885],[8.91234,44.40915],[8.90974,44.40968],[8.90977,44.41011],[8.90952,44.41038],[8.91038,44.41143],[8.91082,44.41142],[8.91225,44.4103],[8.9132,44.41092],[8.91171,44.41207],[8.91119,44.41248],[8.91027,44.4122],[8.90987,44.41228],[8.90939,44.41218],[8.9091,44.41236],[8.90936,44.41271],[8.90848,44.41309],[8.90758,44.41218],[8.90726,44.41199],[8.90664,44.41195],[8.90577,44.4116],[8.9055,44.4119],[8.90534,44.41234],[8.90472,44.4125],[8.90429,44.41272],[8.90374,44.41234],[8.90385,44.41207],[8.90257,44.41184],[8.90087,44.41176],[8.90042,44.41189],[8.90014,44.41158],[8.89985,44.4109],[8.90021,44.41044],[8.9001,44.40985],[8.89977,44.40946],[8.89964,44.40923],[8.89993,44.4089],[8.89873,44.40855],[8.89812,44.40815],[8.89763,44.40732],[8.89876,44.40703],[8.90092,44.40674]]],[[[8.93822,44.38883],[8.93078,44.3913],[8.93095,44.3916],[8.93082,44.39178],[8.93106,44.39219],[8.93048,44.39212],[8.92908,44.39257],[8.92596,44.39363],[8.91676,44.39669],[8.9166,44.39686],[8.9166,44.39739],[8.91621,44.3975],[8.91611,44.39716],[8.91557,44.39675],[8.90429,44.39881],[8.90427,44.39876],[8.90418,44.39862],[8.90774,44.39795],[8.90791,44.39804],[8.91629,44.39652],[8.91668,44.39658],[8.92547,44.39366],[8.92611,44.39347],[8.93072,44.39193],[8.93076,44.39167],[8.93047,44.39123],[8.93807,44.38869],[8.93822,44.38883]]]]},"properties":{"zona":"C19","linkzona":"GE00003362","fascia":"C","fascia_label":"Semicentrale","descr":"S.BENIGNO AD.A (V.CANTORE-V.DI FRANCIA-V.MILANO-PONTE RUBATTINO)","semestre":"2025-S2","loc_min":5.9,"loc_max":8.8,"loc_mid":7.35,"sale_min":1300.0,"sale_max":1900.0,"sup":"L","tipologia":"Abitazioni civili","stato":"NORMALE","trend":-0.0,"trend_from":"2023-S2"}},{"type":"Feature","geometry":{"type":"Polygon","coordinates":[[[8.94998,44.41621],[8.94915,44.41668],[8.94826,44.41739],[8.94825,44.4174],[8.94771,44.4182],[8.94719,44.41982],[8.94726,44.41985],[8.94726,44.42086],[8.94685,44.42096],[8.94609,44.4209],[8.94529,44.42094],[8.94524,44.42116],[8.94436,44.42079],[8.94459,44.41971],[8.94437,44.41948],[8.94403,44.41944],[8.94309,44.41986],[8.94294,44.41951],[8.94342,44.41881],[8.9436,44.41845],[8.94294,44.41837],[8.94288,44.41789],[8.94224,44.41737],[8.94315,44.41646],[8.94373,44.41628],[8.94412,44.41629],[8.94452,44.4165],[8.94615,44.41699],[8.94633,44.41657],[8.94692,44.416],[8.94716,44.41603],[8.94739,44.41546],[8.94726,44.41538],[8.94769,44.41489],[8.94845,44.41459],[8.94846,44.41424],[8.94824,44.4142],[8.94829,44.41366],[8.94862,44.41365],[8.94888,44.41312],[8.94812,44.4129],[8.94832,44.41202],[8.94859,44.41182],[8.94908,44.41192],[8.94925,44.4114],[8.94996,44.41139],[8.9503,44.41131],[8.95039,44.41163],[8.95027,44.41206],[8.95117,44.41232],[8.95094,44.41275],[8.95108,44.41313],[8.95103,44.41359],[8.95081,44.41367],[8.95088,44.41455],[8.95054,44.41501],[8.95078,44.41512],[8.95008,44.41578],[8.94998,44.41621]]]},"properties":{"zona":"C20","linkzona":"GE00003366","fascia":"C","fascia_label":"Semicentrale","descr":"VIA MONTALDO TU.M (V.BOBBIO-PARTE DI V. BURLANDO)","semestre":"2025-S2","loc_min":5.4,"loc_max":8.0,"loc_mid":6.7,"sale_min":1200.0,"sale_max":1750.0,"sup":"L","tipologia":"Abitazioni civili","stato":"NORMALE","trend":0.0,"trend_from":"2023-S2"}},{"type":"Feature","geometry":{"type":"Polygon","coordinates":[[[8.88861,44.42735],[8.88793,44.42622],[8.88692,44.42469],[8.88537,44.42211],[8.88451,44.42099],[8.88497,44.42067],[8.88602,44.42034],[8.88553,44.4194],[8.88524,44.41836],[8.88517,44.4177],[8.88521,44.41699],[8.88551,44.41601],[8.88593,44.415],[8.88642,44.41425],[8.88681,44.41381],[8.88739,44.41367],[8.88819,44.41349],[8.88863,44.41352],[8.88908,44.41321],[8.8909,44.41411],[8.89101,44.41418],[8.89094,44.41477],[8.89112,44.41504],[8.89104,44.41524],[8.88998,44.41577],[8.88884,44.41676],[8.88845,44.41737],[8.88813,44.41747],[8.88775,44.41813],[8.88721,44.41803],[8.88699,44.41835],[8.88703,44.41903],[8.88717,44.41921],[8.88767,44.41899],[8.88882,44.41888],[8.89,44.41845],[8.89032,44.41893],[8.89004,44.41908],[8.89047,44.41954],[8.89008,44.4202],[8.89078,44.42041],[8.89125,44.4208],[8.89168,44.42076],[8.89272,44.42131],[8.89342,44.42176],[8.89377,44.4219],[8.89414,44.42223],[8.89379,44.42259],[8.89395,44.42278],[8.89437,44.42224],[8.89474,44.42195],[8.89528,44.42191],[8.89472,44.4224],[8.89442,44.423],[8.89409,44.42444],[8.89436,44.42498],[8.89493,44.42555],[8.89508,44.42596],[8.89549,44.42648],[8.89603,44.42682],[8.89689,44.4269],[8.89704,44.42699],[8.89799,44.42719],[8.89811,44.42731],[8.898,44.42748],[8.8973,44.42727],[8.8967,44.42736],[8.89608,44.42778],[8.89398,44.42781],[8.89214,44.42691],[8.89103,44.42701],[8.89076,44.42667],[8.88951,44.42712],[8.88861,44.42735]]]},"properties":{"zona":"C21","linkzona":"GE00003368","fascia":"C","fascia_label":"Semicentrale","descr":"ROLANDO-FILLAK TU.M (V.RETI-V.DEL CAMPASSO-V.G.BOSCO)","semestre":"2025-S2","loc_min":4.9,"loc_max":7.3,"loc_mid":6.1,"sale_min":770.0,"sale_max":1150.0,"sup":"L","tipologia":"Abitazioni civili","stato":"NORMALE","trend":0.0,"trend_from":"2023-S2"}},{"type":"Feature","geometry":{"type":"Polygon","coordinates":[[[8.82269,44.42438],[8.82283,44.42417],[8.82396,44.42379],[8.82441,44.42358],[8.82543,44.42292],[8.82659,44.422],[8.82673,44.42445],[8.82699,44.42506],[8.82703,44.42579],[8.82773,44.42581],[8.82892,44.42572],[8.83261,44.42517],[8.83479,44.42482],[8.83491,44.42604],[8.83486,44.42635],[8.83443,44.42715],[8.83415,44.42755],[8.83361,44.42761],[8.83343,44.42797],[8.83339,44.42834],[8.83304,44.42852],[8.83279,44.4289],[8.83299,44.42919],[8.83282,44.42945],[8.83334,44.42972],[8.83353,44.43006],[8.83343,44.43041],[8.83316,44.43057],[8.83307,44.43122],[8.83291,44.43156],[8.83299,44.43222],[8.8328,44.43247],[8.83289,44.43296],[8.83276,44.43343],[8.83196,44.43331],[8.8315,44.43309],[8.83113,44.4332],[8.83092,44.43372],[8.8298,44.43365],[8.82959,44.43446],[8.82901,44.43451],[8.82795,44.43448],[8.82734,44.43396],[8.82575,44.43316],[8.82444,44.43354],[8.82431,44.43331],[8.82358,44.43267],[8.82348,44.43214],[8.82273,44.43187],[8.82242,44.43168],[8.82145,44.43134],[8.82149,44.4309],[8.82167,44.43047],[8.82226,44.43045],[8.82288,44.43063],[8.82308,44.43048],[8.82271,44.43002],[8.82279,44.42966],[8.82324,44.42939],[8.82296,44.42909],[8.82334,44.42739],[8.82265,44.42748],[8.82244,44.42601],[8.82264,44.42598],[8.82251,44.42493],[8.82269,44.42438]]]},"properties":{"zona":"D42","linkzona":"GE00003397","fascia":"D","fascia_label":"Periferica","descr":"MULTEDO TU.M. (V.RONCHI-V.ANTICA ROMANA-V.LE VILLA CHIESA-V.LE MONTE OL...","semestre":"2025-S2","loc_min":5.7,"loc_max":8.5,"loc_mid":7.1,"sale_min":1650.0,"sale_max":2450.0,"sup":"L","tipologia":"Abitazioni civili","stato":"NORMALE","trend":0.0,"trend_from":"2023-S2"}},{"type":"Feature","geometry":{"type":"Polygon","coordinates":[[[8.901,44.47384],[8.90159,44.47307],[8.90213,44.47295],[8.90192,44.47422],[8.90242,44.47371],[8.90285,44.47423],[8.90278,44.47457],[8.90319,44.475],[8.90416,44.4755],[8.90377,44.47552],[8.90342,44.4761],[8.90304,44.47591],[8.90217,44.47666],[8.90276,44.4767],[8.90255,44.47693],[8.90329,44.47711],[8.90304,44.47742],[8.90335,44.47767],[8.90383,44.47776],[8.90393,44.47751],[8.90434,44.4775],[8.90427,44.47823],[8.90516,44.4788],[8.9062,44.47901],[8.90699,44.47868],[8.9076,44.47892],[8.90771,44.47911],[8.90812,44.47936],[8.90831,44.47962],[8.90938,44.4805],[8.90946,44.48099],[8.90989,44.48253],[8.90966,44.48303],[8.90942,44.48305],[8.90909,44.48353],[8.90946,44.484],[8.90935,44.48428],[8.90938,44.48438],[8.90975,44.48459],[8.91042,44.48468],[8.91057,44.48477],[8.91071,44.48512],[8.91088,44.48532],[8.91092,44.48562],[8.91039,44.48581],[8.90992,44.48572],[8.90965,44.48545],[8.90898,44.48563],[8.9078,44.48558],[8.90716,44.4856],[8.90631,44.48523],[8.90582,44.4852],[8.90606,44.48571],[8.90607,44.48671],[8.90613,44.48702],[8.90647,44.48746],[8.90611,44.48765],[8.90591,44.48729],[8.90539,44.48734],[8.90587,44.48791],[8.90547,44.48811],[8.90546,44.48869],[8.90562,44.48914],[8.90629,44.48942],[8.90663,44.48969],[8.9063,44.4907],[8.90603,44.49068],[8.90523,44.49085],[8.90387,44.49143],[8.90328,44.49092],[8.90274,44.49075],[8.90219,44.49074],[8.90156,44.4905],[8.90069,44.49088],[8.90093,44.49144],[8.90041,44.4919],[8.90016,44.49179],[8.89989,44.49145],[8.8984,44.49206],[8.89699,44.49268],[8.89603,44.4928],[8.89532,44.4926],[8.89478,44.49179],[8.89444,44.49227],[8.89419,44.49216],[8.8938,44.49244],[8.89344,44.49215],[8.893,44.49253],[8.89285,44.49185],[8.8926,44.49147],[8.89141,44.49142],[8.89114,44.49168],[8.89061,44.4918],[8.89086,44.49208],[8.89152,44.49251],[8.89134,44.4928],[8.89053,44.49331],[8.89048,44.49354],[8.89006,44.49402],[8.88972,44.49412],[8.88803,44.49315],[8.88724,44.49321],[8.88701,44.49346],[8.88696,44.49416],[8.88659,44.49452],[8.88635,44.49451],[8.88601,44.49504],[8.88601,44.49528],[8.88562,44.49504],[8.88516,44.49456],[8.8846,44.49424],[8.88479,44.49391],[8.88509,44.49381],[8.88505,44.49301],[8.88517,44.49284],[8.88575,44.49259],[8.88575,44.49222],[8.88609,44.49194],[8.88616,44.4915],[8.88683,44.49063],[8.88652,44.49022],[8.88663,44.49001],[8.88702,44.49007],[8.88735,44.48958],[8.88798,44.48919],[8.88821,44.48841],[8.88823,44.48801],[8.88859,44.48743],[8.88846,44.48713],[8.88812,44.48683],[8.88821,44.48657],[8.88805,44.48606],[8.8882,44.48546],[8.88819,44.48488],[8.88852,44.48451],[8.88861,44.48378],[8.88834,44.4831],[8.88769,44.48303],[8.88759,44.48267],[8.88824,44.482],[8.88825,44.48141],[8.88851,44.48115],[8.88929,44.48103],[8.88933,44.48066],[8.88779,44.47995],[8.88759,44.47973],[8.88796,44.47929],[8.88786,44.47877],[8.88731,44.47845],[8.88722,44.4782],[8.88756,44.47807],[8.88771,44.4777],[8.88758,44.47668],[8.88786,44.47649],[8.88817,44.47607],[8.88828,44.47562],[8.88831,44.4746],[8.88875,44.47448],[8.88932,44.47448],[8.89,44.47485],[8.89059,44.47505],[8.89103,44.47494],[8.89139,44.47503],[8.89185,44.47488],[8.89266,44.47504],[8.89287,44.47585],[8.89284,44.47605],[8.89328,44.47633],[8.89309,44.47659],[8.89352,44.47698],[8.89399,44.47708],[8.89422,44.47758],[8.89474,44.47786],[8.89534,44.47778],[8.89607,44.47777],[8.89666,44.47789],[8.89697,44.4781],[8.8972,44.47803],[8.8977,44.47759],[8.90057,44.47721],[8.90056,44.47704],[8.89993,44.47548],[8.9001,44.47503],[8.901,44.47384]]]},"properties":{"zona":"D30","linkzona":"GE00003377","fascia":"D","fascia_label":"Periferica","descr":"S.QUIRICO TU.M. (V.GALLESI-V.GASTALDI)","semestre":"2025-S2","loc_min":4.9,"loc_max":7.2,"loc_mid":6.05,"sale_min":1050.0,"sale_max":1550.0,"sup":"L","tipologia":"Abitazioni civili","stato":"NORMALE","trend":3.4,"trend_from":"2023-S2"}},{"type":"Feature","geometry":{"type":"Polygon","coordinates":[[[8.7964,44.42469],[8.79652,44.42468],[8.79646,44.4248],[8.79518,44.42501],[8.79461,44.42536],[8.79465,44.42555],[8.79303,44.42584],[8.7931,44.42607],[8.79446,44.42582],[8.79451,44.42622],[8.79284,44.42652],[8.79277,44.42659],[8.79099,44.42696],[8.79109,44.4272],[8.79036,44.42741],[8.79052,44.42784],[8.79025,44.42789],[8.79011,44.42749],[8.78962,44.42758],[8.78929,44.42753],[8.78803,44.42765],[8.78741,44.42781],[8.78717,44.42796],[8.78671,44.42791],[8.78633,44.42802],[8.78551,44.42803],[8.78541,44.42824],[8.78492,44.42827],[8.78486,44.42795],[8.78412,44.42796],[8.78379,44.42809],[8.78375,44.42772],[8.78313,44.42783],[8.7825,44.42776],[8.78212,44.4279],[8.78139,44.42796],[8.7802,44.42783],[8.77928,44.4278],[8.77962,44.42609],[8.78044,44.42632],[8.7815,44.42618],[8.7851,44.42558],[8.78587,44.42566],[8.78653,44.42656],[8.78686,44.42663],[8.78713,44.42544],[8.78753,44.42525],[8.79254,44.42446],[8.79246,44.42413],[8.79306,44.42403],[8.7956,44.42364],[8.79565,44.424],[8.79541,44.42394],[8.7948,44.42406],[8.79473,44.42423],[8.79497,44.42421],[8.7951,44.42472],[8.79568,44.42477],[8.79561,44.42425],[8.79576,44.42428],[8.79589,44.42476],[8.79625,44.42471],[8.79626,44.42471],[8.7964,44.42469]]]},"properties":{"zona":"D38","linkzona":"GE00003389","fascia":"D","fascia_label":"Periferica","descr":"PRA` CENTRO STORICO TS.M. (P.ZZA SCIESA-V.FUSINATO-V.AIRAGHI-V.CORDANIE...","semestre":"2025-S2","loc_min":6.0,"loc_max":8.6,"loc_mid":7.3,"sale_min":1400.0,"sale_max":2050.0,"sup":"L","tipologia":"Abitazioni civili","stato":"NORMALE","trend":0.0,"trend_from":"2023-S2"}},{"type":"Feature","geometry":{"type":"Polygon","coordinates":[[[8.8997,44.45834],[8.89947,44.45788],[8.89879,44.45686],[8.89842,44.45648],[8.89727,44.45547],[8.89822,44.45501],[8.89943,44.4551],[8.90315,44.45585],[8.90383,44.45594],[8.90553,44.45597],[8.90585,44.45616],[8.90622,44.4566],[8.90665,44.45673],[8.90793,44.45676],[8.90906,44.45654],[8.90943,44.45688],[8.90946,44.45721],[8.9091,44.45729],[8.90876,44.45759],[8.90859,44.45796],[8.90809,44.45845],[8.90714,44.45861],[8.90668,44.45883],[8.90641,44.45965],[8.90594,44.45974],[8.90562,44.45943],[8.90503,44.45971],[8.90528,44.46003],[8.90549,44.46063],[8.90468,44.46101],[8.90495,44.46143],[8.90476,44.46167],[8.90492,44.46183],[8.90462,44.46233],[8.90462,44.46259],[8.90501,44.46278],[8.90417,44.46293],[8.90487,44.46349],[8.90425,44.46341],[8.90479,44.4639],[8.90411,44.46442],[8.9035,44.46399],[8.90325,44.4643],[8.90269,44.46462],[8.90222,44.46444],[8.90152,44.46455],[8.90137,44.46387],[8.90112,44.46329],[8.90063,44.46104],[8.8999,44.46095],[8.90012,44.46001],[8.89989,44.45894],[8.8997,44.45834]]]},"properties":{"zona":"D26","linkzona":"GE00003373","fascia":"D","fascia_label":"Periferica","descr":"BOLZANETO TU.M. (V.RETA-V.PASTORINO-P.ZZA LIVRAGHI)","semestre":"2025-S2","loc_min":4.9,"loc_max":7.3,"loc_mid":6.1,"sale_min":920.0,"sale_max":1350.0,"sup":"L","tipologia":"Abitazioni civili","stato":"NORMALE","trend":0.0,"trend_from":"2023-S2"}},{"type":"Feature","geometry":{"type":"MultiPolygon","coordinates":[[[[8.89164,44.40885],[8.88775,44.40979],[8.88626,44.41005],[8.88259,44.41093],[8.88259,44.41114],[8.88226,44.41123],[8.88006,44.41158],[8.87922,44.41187],[8.87894,44.41208],[8.87866,44.4125],[8.87866,44.41314],[8.87789,44.41316],[8.87738,44.41235],[8.87722,44.41161],[8.87609,44.40893],[8.87684,44.40876],[8.87602,44.4064],[8.87553,44.40646],[8.87535,44.40595],[8.87952,44.40521],[8.87969,44.40523],[8.87903,44.40883],[8.881,44.40851],[8.88159,44.40529],[8.88208,44.40489],[8.88205,44.40476],[8.88364,44.40448],[8.88366,44.40458],[8.88301,44.40807],[8.88319,44.40811],[8.88494,44.40778],[8.8856,44.40423],[8.88564,44.40419],[8.88751,44.40387],[8.88759,44.40398],[8.88698,44.40732],[8.88731,44.40735],[8.88888,44.40706],[8.88946,44.40378],[8.88958,44.40348],[8.89144,44.40314],[8.89153,44.4032],[8.89089,44.40668],[8.89285,44.40632],[8.89348,44.40282],[8.89356,44.40276],[8.89512,44.40248],[8.89519,44.40253],[8.89454,44.40603],[8.8965,44.40567],[8.89713,44.40218],[8.89721,44.40212],[8.89889,44.40184],[8.89854,44.40382],[8.89899,44.40393],[8.90045,44.40366],[8.90087,44.40131],[8.90297,44.40074],[8.90316,44.40075],[8.90318,44.40238],[8.90367,44.40247],[8.90316,44.40249],[8.90299,44.40347],[8.90301,44.40381],[8.90401,44.4041],[8.90356,44.40462],[8.90332,44.40513],[8.90295,44.40513],[8.90059,44.4056],[8.90078,44.4061],[8.90063,44.40617],[8.90092,44.40674],[8.89876,44.40703],[8.89763,44.40732],[8.89689,44.40743],[8.89553,44.40792],[8.89164,44.40885]]],[[[8.90429,44.39881],[8.90429,44.39889],[8.89549,44.40046],[8.87791,44.40365],[8.87576,44.40404],[8.87573,44.40393],[8.87686,44.4037],[8.87662,44.40299],[8.87677,44.40294],[8.87706,44.40367],[8.88338,44.40253],[8.89139,44.40106],[8.89142,44.40107],[8.89753,44.39999],[8.89754,44.39991],[8.89902,44.39961],[8.89928,44.39967],[8.90427,44.39876],[8.90429,44.39881]]]]},"properties":{"zona":"C18","linkzona":"GE00003361","fascia":"C","fascia_label":"Semicentrale","descr":"PORTO AP.A (CALATA DELLE GRAZIE-PONTE LIBIA-CALATA SANITA`-PONTE ERIT...","semestre":"2025-S2","loc_min":null,"loc_max":null,"loc_mid":null,"nonres":true}},{"type":"Feature","geometry":{"type":"Polygon","coordinates":[[[8.93746,44.39788],[8.93676,44.39785],[8.93649,44.39754],[8.93593,44.39754],[8.93549,44.39732],[8.93534,44.39703],[8.93585,44.39678],[8.93569,44.39633],[8.93679,44.39599],[8.94011,44.3949],[8.93976,44.39437],[8.93676,44.39535],[8.93611,44.39434],[8.93623,44.3943],[8.93686,44.39523],[8.94162,44.39367],[8.94201,44.39429],[8.94254,44.39542],[8.94274,44.39556],[8.94298,44.3951],[8.94364,44.39509],[8.94484,44.39495],[8.94605,44.39469],[8.94773,44.39415],[8.94822,44.39411],[8.94848,44.39425],[8.94874,44.39401],[8.94906,44.39407],[8.94957,44.39398],[8.94983,44.39421],[8.95,44.39456],[8.94976,44.39502],[8.9495,44.39597],[8.94982,44.39664],[8.94954,44.39674],[8.95009,44.39796],[8.95004,44.39806],[8.94661,44.39889],[8.94606,44.39904],[8.94644,44.40012],[8.94668,44.40063],[8.94598,44.40081],[8.94582,44.40095],[8.94618,44.40181],[8.94649,44.40193],[8.94702,44.4018],[8.94706,44.4019],[8.94599,44.40216],[8.94576,44.40147],[8.94527,44.4014],[8.94509,44.40121],[8.94312,44.40173],[8.94258,44.4018],[8.94228,44.40122],[8.94249,44.40116],[8.94295,44.40105],[8.94339,44.40108],[8.94331,44.40077],[8.9435,44.40017],[8.94372,44.40001],[8.94344,44.3997],[8.94317,44.3984],[8.94267,44.39748],[8.94197,44.39715],[8.94215,44.39679],[8.94176,44.39677],[8.94079,44.397],[8.93942,44.39759],[8.93746,44.39788]]]},"properties":{"zona":"C11","linkzona":"GE00003328","fascia":"C","fascia_label":"Semicentrale","descr":"FOCE  TU.A (V.CECCHI-V.LE BRIGATA BISAGNO-V.LE BRIGATE PARTIGIANE-P.Z...","semestre":"2025-S2","loc_min":6.7,"loc_max":9.9,"loc_mid":8.3,"sale_min":1950.0,"sale_max":2900.0,"sup":"L","tipologia":"Abitazioni civili","stato":"NORMALE","ott_min":18.0,"ott_max":23.6,"trend":3.1,"trend_from":"2023-S2"}},{"type":"Feature","geometry":{"type":"Polygon","coordinates":[[[8.94917,44.40567],[8.94875,44.40513],[8.94885,44.40489],[8.94885,44.40428],[8.94826,44.40306],[8.94801,44.40293],[8.94765,44.40254],[8.94736,44.40242],[8.94706,44.4019],[8.94702,44.4018],[8.94702,44.40161],[8.94668,44.40083],[8.94582,44.40095],[8.94598,44.40081],[8.94668,44.40063],[8.94644,44.40012],[8.94606,44.39904],[8.94661,44.39889],[8.95004,44.39806],[8.95009,44.39796],[8.94954,44.39674],[8.94982,44.39664],[8.95021,44.39689],[8.95058,44.3976],[8.95126,44.39809],[8.95146,44.39794],[8.95159,44.39787],[8.95218,44.39811],[8.95336,44.39898],[8.95361,44.39932],[8.95414,44.40044],[8.95427,44.40087],[8.95451,44.40118],[8.95525,44.40259],[8.95735,44.40387],[8.95786,44.40398],[8.95951,44.404],[8.95954,44.40436],[8.96264,44.40431],[8.9636,44.40425],[8.96454,44.40424],[8.96488,44.40448],[8.96468,44.40465],[8.96447,44.40479],[8.96351,44.4048],[8.96346,44.40471],[8.95902,44.40479],[8.95882,44.40487],[8.95312,44.40489],[8.95226,44.40495],[8.95089,44.4052],[8.94942,44.40564],[8.94917,44.40567]]]},"properties":{"zona":"C12","linkzona":"GE00003329","fascia":"C","fascia_label":"Semicentrale","descr":"FOCE MONTEVIDEO TU.M (C.SO TORINO-P.ZZA TOMMASEO-C.SO BUENOS AYRES-V....","semestre":"2025-S2","loc_min":6.0,"loc_max":8.9,"loc_mid":7.45,"sale_min":1600.0,"sale_max":2350.0,"sup":"L","tipologia":"Abitazioni civili","stato":"NORMALE","trend":-2.6,"trend_from":"2023-S2"}},{"type":"Feature","geometry":{"type":"Polygon","coordinates":[[[8.96468,44.40465],[8.96488,44.40448],[8.96454,44.40424],[8.9636,44.40425],[8.96348,44.40412],[8.96423,44.40374],[8.96602,44.40377],[8.96764,44.40406],[8.96773,44.40388],[8.96715,44.40335],[8.96789,44.40316],[8.96863,44.40277],[8.96995,44.40282],[8.9704,44.40303],[8.97086,44.40353],[8.97093,44.4039],[8.97123,44.40429],[8.97189,44.40465],[8.97235,44.40473],[8.97274,44.40462],[8.97328,44.40373],[8.97392,44.40396],[8.97408,44.40435],[8.97463,44.40443],[8.97492,44.40459],[8.97511,44.40499],[8.9758,44.4052],[8.97609,44.40474],[8.97609,44.40418],[8.97631,44.40367],[8.97781,44.40271],[8.97807,44.40242],[8.97818,44.40207],[8.97824,44.40284],[8.97852,44.40303],[8.97908,44.40295],[8.97924,44.40367],[8.97982,44.40394],[8.9803,44.40374],[8.98098,44.40431],[8.98063,44.40444],[8.98015,44.40481],[8.98066,44.4052],[8.98147,44.40569],[8.98101,44.40612],[8.98075,44.40599],[8.97973,44.40692],[8.97987,44.40712],[8.97915,44.40751],[8.97901,44.40735],[8.97808,44.40777],[8.97804,44.40841],[8.97706,44.40828],[8.97682,44.40837],[8.97723,44.40872],[8.97675,44.40893],[8.97711,44.40923],[8.97757,44.41065],[8.97689,44.41183],[8.97712,44.41197],[8.97662,44.41268],[8.97602,44.41275],[8.97565,44.41289],[8.97475,44.41258],[8.97422,44.41227],[8.97306,44.41185],[8.97261,44.41203],[8.97199,44.41197],[8.97156,44.41182],[8.97088,44.41197],[8.97044,44.41151],[8.9703,44.41114],[8.96981,44.4111],[8.96967,44.41062],[8.9694,44.41065],[8.96928,44.41036],[8.96894,44.41018],[8.9685,44.40975],[8.9686,44.40954],[8.96836,44.40932],[8.96844,44.40878],[8.96781,44.40827],[8.96702,44.40778],[8.96647,44.40732],[8.96755,44.40666],[8.96745,44.40643],[8.96778,44.40622],[8.96771,44.40599],[8.96726,44.40606],[8.96727,44.40578],[8.96612,44.40505],[8.9652,44.40481],[8.96472,44.4049],[8.96468,44.40465]]]},"properties":{"zona":"C04","linkzona":"GE00003323","fascia":"C","fascia_label":"Semicentrale","descr":"S.MARTINO - GASTALDI TU.M (S.TA SUP. DELLA NOCE-V.LE BENEDETTO XV-C.S...","semestre":"2025-S2","loc_min":6.1,"loc_max":9.0,"loc_mid":7.55,"sale_min":1450.0,"sale_max":2150.0,"sup":"L","tipologia":"Abitazioni civili","stato":"NORMALE","trend":2.7,"trend_from":"2023-S2"}},{"type":"Feature","geometry":{"type":"Polygon","coordinates":[[[8.91574,44.41655],[8.91622,44.41666],[8.91611,44.41704],[8.917,44.41738],[8.9176,44.41753],[8.91779,44.41707],[8.91799,44.41713],[8.91782,44.41758],[8.91786,44.41779],[8.91765,44.41764],[8.91724,44.41845],[8.91665,44.41988],[8.9167,44.4204],[8.91712,44.42058],[8.91717,44.42111],[8.91712,44.42167],[8.91697,44.42186],[8.91679,44.42304],[8.91661,44.42389],[8.9164,44.4242],[8.91562,44.42458],[8.91523,44.42501],[8.9152,44.42541],[8.91558,44.42561],[8.91609,44.42558],[8.91651,44.42569],[8.9167,44.42552],[8.91727,44.42653],[8.91682,44.42677],[8.91705,44.42703],[8.91679,44.42721],[8.9164,44.4269],[8.91591,44.42631],[8.91565,44.42629],[8.91548,44.42652],[8.91565,44.4273],[8.91603,44.42798],[8.91612,44.4283],[8.91604,44.4287],[8.91531,44.42912],[8.91371,44.43026],[8.91189,44.43101],[8.91153,44.43085],[8.91113,44.43038],[8.91017,44.42985],[8.90966,44.42991],[8.90945,44.4298],[8.90781,44.42982],[8.90702,44.42949],[8.90671,44.42947],[8.90638,44.4292],[8.90507,44.42873],[8.90552,44.42859],[8.90558,44.42813],[8.90536,44.42773],[8.90531,44.42723],[8.90546,44.4268],[8.90603,44.42593],[8.9066,44.42534],[8.90778,44.42472],[8.90864,44.42452],[8.90863,44.4243],[8.90828,44.42351],[8.90837,44.42238],[8.90699,44.42209],[8.90678,44.42187],[8.90566,44.42139],[8.90541,44.42112],[8.90502,44.42091],[8.90434,44.42072],[8.90474,44.42],[8.90454,44.4199],[8.90446,44.41915],[8.90467,44.41869],[8.90462,44.41811],[8.90425,44.41789],[8.90437,44.41722],[8.90456,44.41721],[8.90453,44.41585],[8.90434,44.41583],[8.90426,44.41535],[8.90467,44.41525],[8.90476,44.41546],[8.90543,44.41536],[8.9058,44.4151],[8.90597,44.41537],[8.90642,44.41525],[8.90754,44.41526],[8.90771,44.41513],[8.90792,44.41663],[8.90821,44.4176],[8.90794,44.41824],[8.90762,44.41846],[8.90801,44.41888],[8.90774,44.41902],[8.90726,44.41876],[8.90687,44.41901],[8.9067,44.41959],[8.90705,44.41979],[8.90924,44.42017],[8.90973,44.42029],[8.91032,44.42],[8.9105,44.41974],[8.911,44.4201],[8.91158,44.41994],[8.91222,44.42027],[8.91253,44.41996],[8.91136,44.41913],[8.9113,44.4189],[8.91061,44.41888],[8.90988,44.41846],[8.91016,44.41828],[8.91051,44.41782],[8.91072,44.4178],[8.91044,44.4162],[8.91045,44.41603],[8.91015,44.41484],[8.91011,44.41443],[8.90983,44.41407],[8.91003,44.41369],[8.91251,44.41472],[8.91449,44.41613],[8.91482,44.41648],[8.91481,44.41667],[8.9154,44.4168],[8.91574,44.41655]]]},"properties":{"zona":"C14","linkzona":"GE00003351","fascia":"C","fascia_label":"Semicentrale","descr":"S.TEODORO TU.M (V.BARI-LARGO S.FRANCESCO DA PAOLA-V.ASILO GARBARINO-V...","semestre":"2025-S2","loc_min":5.7,"loc_max":8.4,"loc_mid":7.05,"sale_min":1400.0,"sale_max":2050.0,"sup":"L","tipologia":"Abitazioni civili","stato":"NORMALE","trend":2.9,"trend_from":"2023-S2"}},{"type":"Feature","geometry":{"type":"MultiPolygon","coordinates":[[[[8.94249,44.40116],[8.94228,44.40122],[8.94258,44.4018],[8.94312,44.40173],[8.94509,44.40121],[8.94527,44.4014],[8.94576,44.40147],[8.94599,44.40216],[8.94706,44.4019],[8.94736,44.40242],[8.94765,44.40254],[8.94801,44.40293],[8.94826,44.40306],[8.94885,44.40428],[8.94885,44.40489],[8.94875,44.40513],[8.94917,44.40567],[8.94805,44.40595],[8.94812,44.40611],[8.94745,44.40636],[8.94722,44.40626],[8.94617,44.4069],[8.94611,44.40727],[8.94544,44.40708],[8.94462,44.40824],[8.94401,44.40834],[8.94413,44.40884],[8.94362,44.40893],[8.94351,44.40908],[8.94394,44.40999],[8.94385,44.41028],[8.9436,44.41033],[8.94166,44.41035],[8.94116,44.4107],[8.94102,44.41046],[8.94101,44.41003],[8.94039,44.4098],[8.93942,44.41003],[8.93885,44.41006],[8.93822,44.40973],[8.93753,44.40991],[8.93723,44.40988],[8.93729,44.40959],[8.93691,44.40949],[8.93492,44.40863],[8.93467,44.40855],[8.93403,44.40779],[8.9337,44.40769],[8.93311,44.40701],[8.93296,44.40706],[8.93279,44.4069],[8.93303,44.40669],[8.93436,44.40576],[8.93456,44.40549],[8.93402,44.40435],[8.93289,44.40379],[8.93307,44.40339],[8.93283,44.40313],[8.93213,44.40293],[8.93173,44.40277],[8.93182,44.40212],[8.9327,44.40179],[8.93313,44.40267],[8.93357,44.40282],[8.93362,44.40298],[8.93459,44.40331],[8.93474,44.40354],[8.93532,44.40336],[8.93605,44.4045],[8.93613,44.40477],[8.93685,44.40442],[8.9374,44.40391],[8.93881,44.40418],[8.93902,44.40443],[8.9395,44.40432],[8.93939,44.40369],[8.93891,44.40287],[8.93921,44.40275],[8.94035,44.40187],[8.93966,44.40266],[8.93977,44.40277],[8.94074,44.40171],[8.94105,44.40148],[8.94243,44.4011],[8.94249,44.40116]]],[[[8.94702,44.4018],[8.94649,44.40193],[8.94618,44.40181],[8.94582,44.40095],[8.94668,44.40083],[8.94702,44.40161],[8.94702,44.4018]]]]},"properties":{"zona":"B01","linkzona":"GE00003316","fascia":"B","fascia_label":"Centrale","descr":"CENTRO PORTORIA AD.A (V.XX SETTEMBRE-P.ZZA DE FERRARI-V.S.VINCENZO-V.XII ...","semestre":"2025-S2","loc_min":8.6,"loc_max":12.8,"loc_mid":10.7,"sale_min":2050.0,"sale_max":3000.0,"sup":"L","tipologia":"Abitazioni civili","stato":"NORMALE","trend":10.9,"trend_from":"2023-S2"}},{"type":"Feature","geometry":{"type":"Polygon","coordinates":[[[8.92679,44.41478],[8.92712,44.41525],[8.92729,44.41497],[8.92772,44.41481],[8.92791,44.41445],[8.92829,44.41479],[8.92847,44.41466],[8.92855,44.41411],[8.92866,44.41407],[8.92892,44.4141],[8.92893,44.41396],[8.9298,44.41383],[8.9303,44.41406],[8.93025,44.41459],[8.93077,44.41465],[8.93086,44.41398],[8.9314,44.41356],[8.93111,44.41339],[8.93142,44.41312],[8.93075,44.41268],[8.93076,44.41229],[8.9312,44.41199],[8.93173,44.41209],[8.93202,44.41227],[8.93283,44.41217],[8.93284,44.41232],[8.93246,44.4124],[8.93211,44.41326],[8.93233,44.41342],[8.93242,44.41403],[8.93158,44.41402],[8.93172,44.41473],[8.93151,44.41518],[8.93186,44.41609],[8.93143,44.41626],[8.93091,44.41625],[8.93017,44.41646],[8.92956,44.41588],[8.92927,44.41603],[8.92821,44.41609],[8.9279,44.41653],[8.92814,44.41665],[8.92812,44.41694],[8.92789,44.41736],[8.92735,44.41738],[8.92545,44.41849],[8.92535,44.41843],[8.92453,44.41892],[8.92532,44.42013],[8.92511,44.42049],[8.92446,44.42025],[8.92215,44.41929],[8.9219,44.41955],[8.92118,44.42003],[8.9216,44.42019],[8.92144,44.42058],[8.92114,44.42058],[8.92054,44.42081],[8.92059,44.42097],[8.92005,44.4211],[8.91987,44.4215],[8.9195,44.42155],[8.91928,44.42122],[8.91844,44.42133],[8.9194,44.42034],[8.91983,44.42002],[8.91974,44.41986],[8.91949,44.41938],[8.91938,44.41866],[8.91903,44.41805],[8.91795,44.41813],[8.91786,44.41779],[8.91782,44.41758],[8.91799,44.41713],[8.91779,44.41707],[8.9176,44.41753],[8.917,44.41738],[8.91611,44.41704],[8.91622,44.41666],[8.91574,44.41655],[8.9159,44.41616],[8.91743,44.41679],[8.91755,44.41665],[8.91804,44.41683],[8.91848,44.41681],[8.92134,44.41613],[8.92215,44.41632],[8.92272,44.41619],[8.92285,44.41652],[8.92316,44.41681],[8.92421,44.41618],[8.92445,44.41647],[8.92574,44.41606],[8.92619,44.41602],[8.92655,44.41556],[8.92665,44.41536],[8.92663,44.41523],[8.9264,44.41498],[8.92679,44.41478]]]},"properties":{"zona":"C01","linkzona":"GE00003320","fascia":"C","fascia_label":"Semicentrale","descr":"PRINCIPE-CASTELLETTO TU.M (S.TA PROVVIDENZA-P.ZZA ACQUAVERDE-V.A.DORI...","semestre":"2025-S2","loc_min":6.7,"loc_max":9.9,"loc_mid":8.3,"sale_min":1400.0,"sale_max":2050.0,"sup":"L","tipologia":"Abitazioni civili","stato":"NORMALE","trend":3.1,"trend_from":"2023-S2"}},{"type":"Feature","geometry":{"type":"Polygon","coordinates":[[[8.93284,44.41232],[8.93293,44.41252],[8.93351,44.41249],[8.934,44.41194],[8.93375,44.41161],[8.9343,44.41145],[8.93497,44.41144],[8.93547,44.41075],[8.93585,44.41094],[8.93631,44.41061],[8.93661,44.41084],[8.93688,44.41073],[8.93756,44.41021],[8.93753,44.40991],[8.93822,44.40973],[8.93885,44.41006],[8.93942,44.41003],[8.94039,44.4098],[8.94101,44.41003],[8.94102,44.41046],[8.94116,44.4107],[8.94166,44.41035],[8.9436,44.41033],[8.94385,44.41028],[8.94394,44.40999],[8.94351,44.40908],[8.94362,44.40893],[8.94413,44.40884],[8.94401,44.40834],[8.94462,44.40824],[8.94544,44.40708],[8.94611,44.40727],[8.94598,44.40739],[8.94682,44.40801],[8.94715,44.40796],[8.94736,44.40814],[8.94793,44.40792],[8.94922,44.40857],[8.95002,44.40919],[8.95031,44.4095],[8.95065,44.41006],[8.95042,44.41019],[8.95063,44.41085],[8.95024,44.41099],[8.9503,44.41131],[8.94996,44.41139],[8.94925,44.4114],[8.94908,44.41192],[8.94859,44.41182],[8.94832,44.41202],[8.94812,44.4129],[8.94888,44.41312],[8.94862,44.41365],[8.94829,44.41366],[8.94824,44.4142],[8.94846,44.41424],[8.94845,44.41459],[8.94769,44.41489],[8.94726,44.41538],[8.94739,44.41546],[8.94716,44.41603],[8.94692,44.416],[8.94633,44.41657],[8.94615,44.41699],[8.94452,44.4165],[8.94412,44.41629],[8.94373,44.41628],[8.94315,44.41646],[8.94224,44.41737],[8.94194,44.41767],[8.94213,44.41792],[8.94194,44.41891],[8.94139,44.41945],[8.94123,44.41946],[8.94066,44.42033],[8.94071,44.42114],[8.93989,44.42174],[8.93971,44.42168],[8.93896,44.42252],[8.93839,44.42348],[8.93854,44.42355],[8.93829,44.42412],[8.93725,44.42455],[8.93648,44.42508],[8.93655,44.42521],[8.93607,44.42558],[8.9358,44.42553],[8.93515,44.42644],[8.93532,44.42651],[8.93505,44.42725],[8.9349,44.42729],[8.93397,44.42715],[8.93367,44.42702],[8.93312,44.42649],[8.93298,44.42615],[8.93253,44.42625],[8.9323,44.42651],[8.93178,44.42746],[8.93147,44.42739],[8.93103,44.42682],[8.9309,44.42642],[8.93013,44.4263],[8.92967,44.42579],[8.92944,44.4257],[8.92884,44.42437],[8.9285,44.42389],[8.92807,44.42276],[8.92783,44.4224],[8.92778,44.42188],[8.92759,44.42147],[8.92747,44.4206],[8.92683,44.42065],[8.92647,44.42057],[8.92628,44.42003],[8.92538,44.41914],[8.9255,44.41901],[8.92545,44.41849],[8.92735,44.41738],[8.92789,44.41736],[8.92812,44.41694],[8.92814,44.41665],[8.9279,44.41653],[8.92821,44.41609],[8.92927,44.41603],[8.92956,44.41588],[8.93017,44.41646],[8.93091,44.41625],[8.93143,44.41626],[8.93186,44.41609],[8.93151,44.41518],[8.93172,44.41473],[8.93158,44.41402],[8.93242,44.41403],[8.93233,44.41342],[8.93211,44.41326],[8.93246,44.4124],[8.93284,44.41232]]]},"properties":{"zona":"C13","linkzona":"GE00003357","fascia":"C","fascia_label":"Semicentrale","descr":"MANIN-S.NICOLA-CASTELLETTO TU.A (V.ASSAROTTI-C.SO FIRENZE-V.D.CHIODO-...","semestre":"2025-S2","loc_min":5.9,"loc_max":8.8,"loc_mid":7.35,"sale_min":1600.0,"sale_max":2350.0,"sup":"L","tipologia":"Abitazioni civili","stato":"NORMALE","trend":2.1,"trend_from":"2023-S2"}},{"type":"Feature","geometry":{"type":"Polygon","coordinates":[[[8.88628,44.41091],[8.88645,44.41067],[8.88626,44.41028],[8.88487,44.41054],[8.88354,44.41093],[8.88259,44.41114],[8.88259,44.41093],[8.88626,44.41005],[8.88775,44.40979],[8.89164,44.40885],[8.89553,44.40792],[8.89689,44.40743],[8.89763,44.40732],[8.89812,44.40815],[8.89873,44.40855],[8.89993,44.4089],[8.89964,44.40923],[8.89977,44.40946],[8.89945,44.40915],[8.89869,44.40934],[8.89658,44.41011],[8.89443,44.41084],[8.89278,44.41147],[8.891,44.41202],[8.88991,44.41266],[8.88968,44.41272],[8.88885,44.4118],[8.88774,44.41197],[8.88751,44.41137],[8.88663,44.41142],[8.88628,44.41091]]]},"properties":{"zona":"C23","linkzona":"GE00003370","fascia":"C","fascia_label":"Semicentrale","descr":"BURANELLO-SAMPIERDARENA TS.M (LUNGOMARE CANEPA-V.RELA-V.GIOVANNETTI-P...","semestre":"2025-S2","loc_min":5.5,"loc_max":8.1,"loc_mid":6.8,"sale_min":660.0,"sale_max":980.0,"sup":"L","tipologia":"Abitazioni civili","stato":"NORMALE","trend":3.0,"trend_from":"2023-S2"}},{"type":"Feature","geometry":{"type":"Polygon","coordinates":[[[8.81361,44.43247],[8.81361,44.43288],[8.81403,44.43307],[8.81388,44.43193],[8.81392,44.43156],[8.81431,44.43097],[8.81488,44.43065],[8.81496,44.43035],[8.81559,44.43068],[8.81674,44.43056],[8.8166,44.42981],[8.81706,44.42972],[8.81725,44.4306],[8.81745,44.43104],[8.81811,44.43084],[8.81845,44.43087],[8.81903,44.43109],[8.81965,44.43158],[8.81985,44.43133],[8.82022,44.43134],[8.82063,44.43084],[8.82079,44.43049],[8.82113,44.4304],[8.82126,44.4301],[8.82169,44.4295],[8.82215,44.42871],[8.82232,44.42823],[8.82237,44.42745],[8.82265,44.42748],[8.82334,44.42739],[8.82296,44.42909],[8.82324,44.42939],[8.82279,44.42966],[8.82271,44.43002],[8.82308,44.43048],[8.82288,44.43063],[8.82226,44.43045],[8.82167,44.43047],[8.82149,44.4309],[8.82145,44.43134],[8.82242,44.43168],[8.82273,44.43187],[8.82348,44.43214],[8.82358,44.43267],[8.82431,44.43331],[8.82444,44.43354],[8.82575,44.43316],[8.82734,44.43396],[8.82795,44.43448],[8.82901,44.43451],[8.82959,44.43446],[8.8298,44.43365],[8.83092,44.43372],[8.83113,44.4332],[8.8315,44.43309],[8.83196,44.43331],[8.83276,44.43343],[8.83264,44.43409],[8.83313,44.43475],[8.83315,44.43509],[8.83262,44.43563],[8.83235,44.43674],[8.83284,44.43736],[8.83245,44.43786],[8.83237,44.43825],[8.83182,44.43876],[8.83142,44.43902],[8.83111,44.43938],[8.83108,44.43982],[8.83088,44.44001],[8.83073,44.44079],[8.83021,44.44128],[8.82994,44.44222],[8.82986,44.44296],[8.82952,44.44352],[8.82935,44.44404],[8.82982,44.44478],[8.82978,44.44492],[8.83006,44.44564],[8.82991,44.44588],[8.82993,44.44663],[8.8298,44.447],[8.83015,44.44699],[8.83022,44.44729],[8.83001,44.44818],[8.82997,44.44948],[8.82962,44.45147],[8.83009,44.45217],[8.83094,44.45304],[8.83106,44.45326],[8.83203,44.45433],[8.83236,44.45496],[8.83239,44.4554],[8.83217,44.45597],[8.83224,44.45634],[8.83222,44.45795],[8.83229,44.45844],[8.83321,44.45916],[8.83348,44.45912],[8.83373,44.45954],[8.83429,44.46014],[8.83445,44.46081],[8.83511,44.46168],[8.83526,44.462],[8.83609,44.46252],[8.83688,44.46292],[8.83736,44.4638],[8.83715,44.46418],[8.83672,44.46459],[8.83641,44.46504],[8.8374,44.46517],[8.83761,44.46525],[8.83775,44.46588],[8.83771,44.46671],[8.83796,44.46751],[8.8382,44.46779],[8.83845,44.46783],[8.83865,44.4685],[8.8392,44.46887],[8.83961,44.46954],[8.84028,44.4702],[8.84039,44.47098],[8.84069,44.4712],[8.84134,44.47208],[8.8414,44.47247],[8.84197,44.47255],[8.842,44.47308],[8.8417,44.47322],[8.84148,44.47369],[8.84167,44.47386],[8.84165,44.47416],[8.84126,44.47448],[8.84089,44.475],[8.84136,44.47546],[8.8414,44.47564],[8.84115,44.47598],[8.84156,44.47624],[8.84172,44.47669],[8.84156,44.47735],[8.84075,44.47734],[8.84034,44.47804],[8.83983,44.47846],[8.83983,44.47954],[8.83963,44.47997],[8.83963,44.48072],[8.83915,44.48122],[8.83898,44.48209],[8.83829,44.48246],[8.83787,44.4824],[8.8377,44.48305],[8.83837,44.48284],[8.83885,44.48288],[8.83909,44.48303],[8.83959,44.48292],[8.84012,44.48267],[8.84074,44.48265],[8.84096,44.48242],[8.84249,44.48274],[8.84293,44.48268],[8.84383,44.48273],[8.84491,44.48286],[8.84548,44.48308],[8.84538,44.4827],[8.8462,44.48278],[8.84638,44.48289],[8.84733,44.48283],[8.84751,44.48317],[8.84737,44.48348],[8.84694,44.48409],[8.84681,44.48472],[8.84571,44.48528],[8.84498,44.48529],[8.84435,44.48549],[8.84371,44.48505],[8.84304,44.48491],[8.84253,44.48526],[8.84225,44.48528],[8.84169,44.48499],[8.84109,44.48546],[8.84055,44.4852],[8.84027,44.48494],[8.8399,44.48492],[8.83916,44.48537],[8.8387,44.4855],[8.83798,44.48543],[8.83767,44.48586],[8.83632,44.48628],[8.83517,44.48595],[8.83504,44.48608],[8.83457,44.48601],[8.83416,44.48609],[8.83378,44.48636],[8.83244,44.48661],[8.83217,44.48602],[8.83238,44.48559],[8.83206,44.48502],[8.83178,44.48486],[8.83139,44.48485],[8.83094,44.48456],[8.83068,44.48426],[8.83011,44.48439],[8.8295,44.48502],[8.82962,44.48518],[8.8286,44.48565],[8.82724,44.48578],[8.82689,44.48643],[8.82648,44.48605],[8.8265,44.48575],[8.82613,44.48548],[8.82619,44.48482],[8.82682,44.48437],[8.82744,44.48434],[8.82763,44.48473],[8.82822,44.48451],[8.82819,44.48423],[8.82792,44.48406],[8.82847,44.48364],[8.82806,44.48328],[8.82787,44.48285],[8.82796,44.48263],[8.82765,44.48217],[8.82795,44.48188],[8.82852,44.48193],[8.82817,44.48156],[8.82819,44.48136],[8.82861,44.48101],[8.82881,44.48058],[8.82915,44.48039],[8.82927,44.47989],[8.82871,44.47956],[8.82886,44.47934],[8.82921,44.47946],[8.83016,44.47907],[8.83076,44.4787],[8.83069,44.4783],[8.83071,44.47748],[8.83095,44.47721],[8.83121,44.47655],[8.83073,44.47608],[8.8309,44.47557],[8.83065,44.47547],[8.82996,44.47545],[8.82971,44.47532],[8.82958,44.47438],[8.82902,44.47407],[8.82839,44.4744],[8.82759,44.47451],[8.82716,44.47443],[8.82657,44.47481],[8.82616,44.47492],[8.82588,44.47521],[8.82519,44.47486],[8.82471,44.47401],[8.82425,44.47383],[8.82369,44.47307],[8.82331,44.47235],[8.82213,44.47214],[8.81906,44.47079],[8.81704,44.46949],[8.81454,44.46772],[8.81259,44.46715],[8.81104,44.46695],[8.81004,44.46687],[8.80949,44.46739],[8.80891,44.46734],[8.80862,44.46756],[8.80815,44.4676],[8.80773,44.46778],[8.80739,44.46812],[8.80634,44.46786],[8.80624,44.46767],[8.80642,44.4674],[8.80634,44.46673],[8.80659,44.46637],[8.80647,44.46619],[8.807,44.46572],[8.80717,44.4654],[8.80713,44.46494],[8.80744,44.46433],[8.80736,44.46378],[8.80703,44.46355],[8.80639,44.46332],[8.80652,44.46279],[8.80639,44.46235],[8.80658,44.46194],[8.80696,44.46083],[8.80784,44.46019],[8.80836,44.45964],[8.80873,44.45958],[8.8092,44.45935],[8.80929,44.45908],[8.80981,44.45883],[8.81045,44.45829],[8.81106,44.45815],[8.81124,44.45785],[8.81207,44.45794],[8.81243,44.45774],[8.81261,44.45741],[8.81259,44.4564],[8.81248,44.45621],[8.81178,44.45612],[8.81119,44.4559],[8.81027,44.45566],[8.81031,44.45525],[8.81022,44.45461],[8.80918,44.4551],[8.80891,44.45528],[8.80788,44.45481],[8.80674,44.45418],[8.80487,44.45309],[8.80424,44.45219],[8.80375,44.45134],[8.80342,44.45091],[8.80318,44.45099],[8.80295,44.4513],[8.80213,44.45078],[8.80159,44.45008],[8.80227,44.44977],[8.80265,44.44905],[8.80324,44.4482],[8.80345,44.44732],[8.80374,44.44672],[8.80409,44.44662],[8.80461,44.44623],[8.80492,44.4457],[8.80484,44.44467],[8.80518,44.44389],[8.80555,44.44335],[8.80581,44.4433],[8.8063,44.44255],[8.80571,44.44203],[8.80508,44.44095],[8.80459,44.44038],[8.8042,44.44027],[8.80324,44.4397],[8.80294,44.43915],[8.80133,44.43787],[8.80167,44.4376],[8.80254,44.43794],[8.80282,44.43816],[8.80346,44.43836],[8.80428,44.43796],[8.80496,44.43795],[8.80526,44.43785],[8.80624,44.43785],[8.80667,44.43812],[8.80685,44.43863],[8.80679,44.43894],[8.80691,44.43942],[8.80755,44.4397],[8.80857,44.43927],[8.80951,44.43926],[8.80961,44.43911],[8.81017,44.43882],[8.81,44.4384],[8.80991,44.43776],[8.81001,44.43712],[8.81029,44.4363],[8.81085,44.43637],[8.81098,44.43605],[8.81167,44.43525],[8.81238,44.43485],[8.81281,44.43421],[8.81256,44.43329],[8.81208,44.43292],[8.81188,44.43262],[8.81229,44.43244],[8.81245,44.43279],[8.81243,44.43315],[8.81289,44.43306],[8.81251,44.43231],[8.81245,44.43183],[8.81336,44.43171],[8.81361,44.43247]]]},"properties":{"zona":"R6","linkzona":"GE00003394","fascia":"R","fascia_label":"Extraurbana","descr":"VAL VARENNA FV.M. (LOC.GRANARA-LOC.S.CARLO DI CESE-LOC.CARPENARA-V.CASS...","semestre":"2025-S2","loc_min":4.8,"loc_max":7.1,"loc_mid":5.95,"sup":"L","tipologia":"Abitazioni di tipo economico","stato":"NORMALE","trend":2.6,"trend_from":"2023-S2"}},{"type":"Feature","geometry":{"type":"MultiPolygon","coordinates":[[[[8.99752,44.40396],[8.99679,44.40331],[8.99714,44.40309],[8.99711,44.40253],[8.99696,44.40231],[8.99716,44.40213],[8.99656,44.40167],[8.99643,44.40146],[8.99596,44.40119],[8.99515,44.40092],[8.99442,44.40084],[8.99427,44.40045],[8.99374,44.40019],[8.99348,44.39987],[8.99343,44.39959],[8.99298,44.3994],[8.99365,44.3992],[8.9935,44.39894],[8.99361,44.39836],[8.99385,44.39822],[8.99431,44.39822],[8.99589,44.39728],[8.99659,44.39715],[8.99704,44.39725],[8.99781,44.39715],[8.99869,44.39671],[8.99901,44.39649],[8.99942,44.39654],[8.99964,44.39641],[8.9999,44.39597],[9.00022,44.39565],[9.00075,44.3954],[9.0011,44.39506],[9.00154,44.39484],[9.00237,44.39417],[9.00247,44.39417],[9.00284,44.39501],[9.00294,44.39537],[9.00336,44.39582],[9.00377,44.3959],[9.00433,44.39563],[9.00426,44.39511],[9.00436,44.3949],[9.00497,44.39449],[9.00549,44.39429],[9.00705,44.39343],[9.00734,44.39382],[9.0079,44.3938],[9.0087,44.3935],[9.00915,44.39349],[9.00964,44.39328],[9.00944,44.39294],[9.0099,44.39269],[9.01105,44.39237],[9.0117,44.39228],[9.01166,44.39185],[9.01203,44.39136],[9.01209,44.39094],[9.01247,44.39084],[9.01298,44.39027],[9.01403,44.3902],[9.01461,44.39038],[9.01498,44.39065],[9.015,44.39005],[9.01544,44.38997],[9.01656,44.38929],[9.01746,44.38909],[9.01686,44.39001],[9.01704,44.39055],[9.01746,44.39086],[9.01788,44.39103],[9.0175,44.39169],[9.01887,44.39254],[9.01926,44.39287],[9.0196,44.39364],[9.01986,44.39381],[9.02,44.3942],[9.01936,44.39419],[9.01914,44.3946],[9.01867,44.39448],[9.01817,44.39472],[9.01748,44.39412],[9.0172,44.39423],[9.01749,44.39455],[9.01804,44.39574],[9.01722,44.39527],[9.01664,44.39445],[9.01593,44.39474],[9.01599,44.39489],[9.01503,44.39504],[9.01475,44.3952],[9.01295,44.3953],[9.01272,44.39511],[9.01251,44.39455],[9.01232,44.39438],[9.01159,44.39398],[9.01118,44.39427],[9.01081,44.3948],[9.01084,44.395],[9.01135,44.39538],[9.01062,44.39544],[9.00988,44.39559],[9.00948,44.39549],[9.00898,44.39582],[9.00794,44.39613],[9.00777,44.39641],[9.00787,44.39659],[9.00749,44.39685],[9.00584,44.39861],[9.00507,44.39931],[9.00489,44.39939],[9.00491,44.39975],[9.00436,44.39991],[9.00439,44.40028],[9.0041,44.40025],[9.00342,44.40067],[9.00384,44.40104],[9.00232,44.40198],[9.00205,44.40211],[9.00153,44.40181],[9.00065,44.40153],[9.00012,44.4011],[8.99951,44.40095],[8.99876,44.4016],[8.99851,44.4017],[8.99895,44.40223],[8.9988,44.40233],[8.99912,44.40285],[8.99894,44.40321],[8.99904,44.40355],[8.99893,44.40379],[8.99801,44.40381],[8.99752,44.40396]]],[[[9.00875,44.39597],[9.00796,44.39652],[9.00799,44.39619],[9.00875,44.39597]]]]},"properties":{"zona":"D18","linkzona":"GE00003330","fascia":"D","fascia_label":"Periferica","descr":"QUARTO ALTA TU.M (V.DEGLI IRIS-V.DELLE ERICHE)","semestre":"2025-S2","loc_min":7.1,"loc_max":10.5,"loc_mid":8.8,"sale_min":2050.0,"sale_max":3000.0,"sup":"L","tipologia":"Abitazioni civili","stato":"NORMALE","trend":0.0,"trend_from":"2023-S2"}},{"type":"Feature","geometry":{"type":"Polygon","coordinates":[[[9.03944,44.38735],[9.03981,44.38758],[9.0406,44.38764],[9.04161,44.38786],[9.04247,44.38782],[9.043,44.38798],[9.04351,44.38777],[9.04356,44.3881],[9.04391,44.38801],[9.04533,44.38817],[9.04576,44.38897],[9.04669,44.38934],[9.04893,44.39081],[9.04898,44.39092],[9.04995,44.39153],[9.05034,44.39161],[9.05007,44.39211],[9.04899,44.3931],[9.04888,44.39351],[9.04856,44.39386],[9.04849,44.39427],[9.04827,44.39461],[9.04743,44.39541],[9.04733,44.39566],[9.04684,44.39557],[9.04615,44.39481],[9.04544,44.39501],[9.04487,44.39491],[9.04451,44.39439],[9.04414,44.39428],[9.04358,44.39432],[9.04326,44.39421],[9.04345,44.3938],[9.0432,44.39331],[9.04278,44.39315],[9.04267,44.39296],[9.04307,44.39229],[9.04296,44.3921],[9.04256,44.392],[9.04214,44.39212],[9.04186,44.39245],[9.04123,44.3926],[9.04093,44.39295],[9.04101,44.39333],[9.04068,44.39364],[9.03998,44.39467],[9.03987,44.39512],[9.0401,44.3955],[9.04046,44.39572],[9.04074,44.39603],[9.04079,44.39632],[9.0402,44.39706],[9.03992,44.3976],[9.03984,44.398],[9.03949,44.39848],[9.03907,44.39873],[9.03879,44.39912],[9.03816,44.39951],[9.03648,44.39988],[9.03599,44.39994],[9.03653,44.39946],[9.03707,44.39919],[9.03739,44.39858],[9.03743,44.39809],[9.03722,44.39745],[9.03635,44.39726],[9.0358,44.39691],[9.03533,44.39673],[9.03452,44.39701],[9.03326,44.39727],[9.03266,44.39728],[9.03169,44.3966],[9.03142,44.39577],[9.03113,44.39562],[9.03048,44.39548],[9.02999,44.39522],[9.02921,44.39456],[9.02879,44.39441],[9.02746,44.39282],[9.02725,44.39178],[9.0271,44.39152],[9.02669,44.39155],[9.02567,44.39089],[9.02584,44.39079],[9.02721,44.3907],[9.02685,44.38982],[9.02645,44.38834],[9.02618,44.38785],[9.0268,44.38755],[9.02733,44.38755],[9.0279,44.38735],[9.02853,44.38728],[9.02911,44.3871],[9.02917,44.38677],[9.02952,44.38583],[9.02928,44.38545],[9.03008,44.38549],[9.03033,44.3865],[9.03072,44.38726],[9.0311,44.38761],[9.03142,44.3877],[9.03174,44.38797],[9.03246,44.38747],[9.03304,44.38722],[9.03284,44.38784],[9.03289,44.38882],[9.03368,44.38818],[9.0339,44.38833],[9.03456,44.38811],[9.03492,44.38787],[9.03506,44.38758],[9.03607,44.38727],[9.03588,44.38662],[9.03622,44.38672],[9.03679,44.3867],[9.03715,44.38696],[9.03734,44.38692],[9.03944,44.38735]]]},"properties":{"zona":"D21","linkzona":"GE00003354","fascia":"D","fascia_label":"Periferica","descr":"VIA DEL COMMERCIO FV.A (V.DEL COMMERCIO)","semestre":"2025-S2","loc_min":6.0,"loc_max":8.8,"loc_mid":7.4,"sale_min":2050.0,"sale_max":2950.0,"sup":"L","tipologia":"Abitazioni civili","stato":"NORMALE","trend":0.0,"trend_from":"2023-S2"}},{"type":"Feature","geometry":{"type":"Polygon","coordinates":[[[8.9961,44.41046],[8.99644,44.41057],[8.9961,44.41072],[8.99557,44.41115],[8.99547,44.41189],[8.99575,44.41192],[8.99591,44.41218],[8.99662,44.41226],[8.99699,44.41259],[8.99739,44.41266],[8.99742,44.41232],[8.99796,44.41215],[8.99834,44.41293],[8.99773,44.41351],[8.99742,44.41367],[8.99704,44.41359],[8.9961,44.41356],[8.99518,44.41373],[8.99471,44.41375],[8.99432,44.41453],[8.9945,44.41493],[8.99451,44.41546],[8.99435,44.41555],[8.99421,44.41626],[8.9942,44.41717],[8.99395,44.41742],[8.99359,44.41753],[8.9933,44.41778],[8.99264,44.41791],[8.99131,44.41836],[8.9905,44.41875],[8.99083,44.41946],[8.99104,44.42014],[8.99145,44.42068],[8.99167,44.4212],[8.99268,44.42183],[8.99357,44.42195],[8.99356,44.42217],[8.99398,44.42226],[8.99408,44.42252],[8.99443,44.42276],[8.99478,44.42319],[8.99523,44.42411],[8.99518,44.42487],[8.99561,44.42602],[8.99572,44.42694],[8.99558,44.42756],[8.99543,44.42785],[8.99547,44.4285],[8.99576,44.429],[8.99595,44.42952],[8.99586,44.43002],[8.99601,44.43068],[8.99675,44.43169],[8.99739,44.43217],[8.9979,44.43241],[8.99913,44.43333],[8.99968,44.43343],[9.00001,44.43382],[8.99974,44.43413],[8.99921,44.43416],[8.99812,44.43499],[8.99721,44.4358],[8.99697,44.43609],[8.9967,44.43577],[8.99621,44.43602],[8.9952,44.43679],[8.99417,44.43745],[8.99379,44.43756],[8.99297,44.43757],[8.99232,44.43782],[8.99191,44.43784],[8.99079,44.43773],[8.99011,44.43759],[8.98941,44.43733],[8.98858,44.43719],[8.98759,44.43688],[8.98551,44.43652],[8.98388,44.43584],[8.98295,44.43558],[8.98172,44.43501],[8.98089,44.43444],[8.98009,44.4342],[8.97923,44.43361],[8.97819,44.43314],[8.97705,44.43269],[8.97659,44.43259],[8.97607,44.43228],[8.9759,44.43206],[8.9755,44.43156],[8.9752,44.43099],[8.97464,44.43055],[8.97437,44.43023],[8.97373,44.4297],[8.97304,44.42936],[8.9726,44.42938],[8.97157,44.42899],[8.97063,44.42876],[8.97029,44.42888],[8.96949,44.42857],[8.96862,44.42846],[8.96754,44.42854],[8.96663,44.42851],[8.96602,44.42824],[8.96598,44.42804],[8.96522,44.4279],[8.96429,44.42719],[8.96429,44.42695],[8.96475,44.42659],[8.96425,44.42629],[8.96491,44.42617],[8.96457,44.4256],[8.96395,44.42501],[8.96454,44.42483],[8.96561,44.42435],[8.96555,44.42424],[8.96666,44.42396],[8.9673,44.42393],[8.96748,44.42377],[8.96786,44.42398],[8.96816,44.42377],[8.96916,44.42344],[8.96933,44.42386],[8.97015,44.42411],[8.97097,44.42427],[8.97126,44.42443],[8.97198,44.42454],[8.97217,44.42425],[8.97226,44.42382],[8.97276,44.42347],[8.9732,44.42378],[8.97378,44.42391],[8.97447,44.42428],[8.97527,44.42428],[8.97597,44.42457],[8.97622,44.42494],[8.97678,44.42534],[8.97761,44.425],[8.97801,44.42512],[8.97879,44.42577],[8.97934,44.42537],[8.97967,44.42486],[8.97999,44.42483],[8.98122,44.42445],[8.98166,44.42406],[8.98263,44.42378],[8.98256,44.42438],[8.98268,44.42448],[8.9836,44.42476],[8.98389,44.42465],[8.98363,44.42465],[8.98295,44.42441],[8.98277,44.4242],[8.98276,44.42366],[8.98169,44.42389],[8.98113,44.42439],[8.97974,44.42478],[8.9806,44.42384],[8.98083,44.42342],[8.98113,44.42318],[8.98121,44.42265],[8.98172,44.42224],[8.98202,44.42174],[8.98261,44.42136],[8.98315,44.42143],[8.98355,44.42089],[8.98206,44.42055],[8.98234,44.42011],[8.98231,44.4198],[8.98128,44.41981],[8.98094,44.4197],[8.98134,44.41936],[8.98155,44.41905],[8.98055,44.41881],[8.97975,44.41885],[8.9793,44.41877],[8.97825,44.41897],[8.97611,44.41958],[8.97574,44.41919],[8.97515,44.4194],[8.97476,44.41978],[8.97451,44.41988],[8.97372,44.41986],[8.97327,44.41965],[8.97291,44.41961],[8.97267,44.41987],[8.97235,44.41957],[8.97279,44.41951],[8.97293,44.41875],[8.97292,44.41835],[8.97339,44.41784],[8.97386,44.41778],[8.97449,44.41784],[8.97535,44.41804],[8.97616,44.41766],[8.97617,44.41766],[8.97693,44.41722],[8.9776,44.41736],[8.97811,44.41738],[8.97924,44.4173],[8.97917,44.41684],[8.97963,44.41697],[8.98015,44.41667],[8.9807,44.41666],[8.98064,44.4164],[8.98123,44.41626],[8.98182,44.41637],[8.98238,44.41598],[8.98217,44.4158],[8.98239,44.41559],[8.98141,44.4152],[8.98083,44.41471],[8.98011,44.41441],[8.97894,44.41376],[8.97846,44.41334],[8.97802,44.41273],[8.9779,44.41243],[8.97812,44.41215],[8.97875,44.41204],[8.9786,44.41167],[8.97952,44.41137],[8.97943,44.41115],[8.98001,44.41109],[8.9805,44.41132],[8.98126,44.41086],[8.98159,44.4108],[8.9816,44.41116],[8.98201,44.41103],[8.98255,44.41118],[8.98353,44.4112],[8.98432,44.41108],[8.98503,44.41123],[8.98567,44.41182],[8.98586,44.41213],[8.98653,44.41269],[8.98682,44.4124],[8.98662,44.41214],[8.98714,44.41179],[8.98694,44.41167],[8.98801,44.41131],[8.98863,44.41075],[8.98914,44.41097],[8.9897,44.41095],[8.99028,44.4111],[8.99109,44.41098],[8.99083,44.41156],[8.99117,44.41161],[8.99204,44.41142],[8.99265,44.41185],[8.99274,44.41207],[8.99346,44.41172],[8.99347,44.41148],[8.99392,44.41098],[8.99423,44.41043],[8.99451,44.41071],[8.99495,44.41078],[8.9955,44.41069],[8.9961,44.41046]]]},"properties":{"zona":"D14","linkzona":"GE00003333","fascia":"D","fascia_label":"Periferica","descr":"S.FRUTTUOSO ALTA AAB.A (LOCALITA`:CIMA D`EGOLI-LAVEZZARA-FINOCCHIARA-PO...","semestre":"2025-S2","loc_min":6.0,"loc_max":8.7,"loc_mid":7.35,"sale_min":1300.0,"sale_max":1900.0,"sup":"L","tipologia":"Abitazioni civili","stato":"NORMALE","trend":0.0,"trend_from":"2023-S2"}},{"type":"Feature","geometry":{"type":"Polygon","coordinates":[[[8.79551,44.43165],[8.79583,44.43136],[8.796,44.43101],[8.79618,44.43038],[8.79641,44.43001],[8.79687,44.42977],[8.79729,44.43006],[8.79736,44.43027],[8.79794,44.43033],[8.79829,44.42941],[8.79871,44.42953],[8.79874,44.42983],[8.79856,44.43056],[8.79917,44.43016],[8.79921,44.42972],[8.79957,44.42935],[8.79976,44.42888],[8.79985,44.42824],[8.80022,44.42803],[8.8004,44.42836],[8.80149,44.42849],[8.80121,44.42871],[8.80077,44.42929],[8.80092,44.42947],[8.80062,44.4302],[8.80011,44.43045],[8.80008,44.43082],[8.80026,44.43133],[8.80063,44.43135],[8.8009,44.43161],[8.80149,44.43182],[8.80177,44.43218],[8.80214,44.43247],[8.80243,44.43303],[8.80251,44.43383],[8.80239,44.43401],[8.80253,44.43439],[8.80247,44.43503],[8.80265,44.43585],[8.80246,44.43603],[8.80199,44.4371],[8.80169,44.43739],[8.80167,44.4376],[8.80133,44.43787],[8.80294,44.43915],[8.80324,44.4397],[8.8042,44.44027],[8.80459,44.44038],[8.80508,44.44095],[8.80571,44.44203],[8.8063,44.44255],[8.80581,44.4433],[8.80555,44.44335],[8.80518,44.44389],[8.80484,44.44467],[8.80492,44.4457],[8.80461,44.44623],[8.80409,44.44662],[8.80374,44.44672],[8.80345,44.44732],[8.80324,44.4482],[8.80265,44.44905],[8.80227,44.44977],[8.80159,44.45008],[8.80213,44.45078],[8.80295,44.4513],[8.80318,44.45099],[8.80342,44.45091],[8.80375,44.45134],[8.80424,44.45219],[8.80487,44.45309],[8.80674,44.45418],[8.80788,44.45481],[8.80891,44.45528],[8.80918,44.4551],[8.81022,44.45461],[8.81031,44.45525],[8.81027,44.45566],[8.81119,44.4559],[8.81178,44.45612],[8.81248,44.45621],[8.81259,44.4564],[8.81261,44.45741],[8.81243,44.45774],[8.81207,44.45794],[8.81124,44.45785],[8.81106,44.45815],[8.81045,44.45829],[8.80981,44.45883],[8.80929,44.45908],[8.8092,44.45935],[8.80873,44.45958],[8.80836,44.45964],[8.80784,44.46019],[8.80696,44.46083],[8.80658,44.46194],[8.80639,44.46235],[8.80652,44.46279],[8.80639,44.46332],[8.80703,44.46355],[8.80736,44.46378],[8.80744,44.46433],[8.80713,44.46494],[8.80717,44.4654],[8.807,44.46572],[8.80647,44.46619],[8.80659,44.46637],[8.80634,44.46673],[8.80642,44.4674],[8.80624,44.46767],[8.80634,44.46786],[8.80739,44.46812],[8.80773,44.46778],[8.80815,44.4676],[8.80862,44.46756],[8.80891,44.46734],[8.80949,44.46739],[8.81004,44.46687],[8.81104,44.46695],[8.81259,44.46715],[8.81454,44.46772],[8.81704,44.46949],[8.81906,44.47079],[8.82213,44.47214],[8.82331,44.47235],[8.82369,44.47307],[8.82425,44.47383],[8.82471,44.47401],[8.82519,44.47486],[8.82588,44.47521],[8.82616,44.47492],[8.82657,44.47481],[8.82716,44.47443],[8.82759,44.47451],[8.82839,44.4744],[8.82902,44.47407],[8.82958,44.47438],[8.82971,44.47532],[8.82996,44.47545],[8.83065,44.47547],[8.8309,44.47557],[8.83073,44.47608],[8.83121,44.47655],[8.83095,44.47721],[8.83071,44.47748],[8.83069,44.4783],[8.83076,44.4787],[8.83016,44.47907],[8.82921,44.47946],[8.82886,44.47934],[8.82871,44.47956],[8.82927,44.47989],[8.82915,44.48039],[8.82881,44.48058],[8.82861,44.48101],[8.82819,44.48136],[8.82817,44.48156],[8.82852,44.48193],[8.82795,44.48188],[8.82765,44.48217],[8.82796,44.48263],[8.82787,44.48285],[8.82806,44.48328],[8.82847,44.48364],[8.82792,44.48406],[8.82819,44.48423],[8.82822,44.48451],[8.82763,44.48473],[8.82744,44.48434],[8.82682,44.48437],[8.82619,44.48482],[8.82613,44.48548],[8.8265,44.48575],[8.82648,44.48605],[8.82689,44.48643],[8.82724,44.48578],[8.8286,44.48565],[8.82962,44.48518],[8.8295,44.48502],[8.83011,44.48439],[8.83068,44.48426],[8.83094,44.48456],[8.83139,44.48485],[8.83178,44.48486],[8.83206,44.48502],[8.83238,44.48559],[8.83217,44.48602],[8.83244,44.48661],[8.83378,44.48636],[8.83416,44.48609],[8.83457,44.48601],[8.83504,44.48608],[8.83517,44.48595],[8.83632,44.48628],[8.83767,44.48586],[8.83798,44.48543],[8.8387,44.4855],[8.83916,44.48537],[8.8399,44.48492],[8.84027,44.48494],[8.84055,44.4852],[8.84109,44.48546],[8.84169,44.48499],[8.84225,44.48528],[8.84253,44.48526],[8.84304,44.48491],[8.84371,44.48505],[8.84435,44.48549],[8.84498,44.48529],[8.84571,44.48528],[8.84681,44.48472],[8.84694,44.48409],[8.84737,44.48348],[8.84751,44.48317],[8.84733,44.48283],[8.84638,44.48289],[8.8462,44.48278],[8.84538,44.4827],[8.84548,44.48308],[8.84491,44.48286],[8.84383,44.48273],[8.84293,44.48268],[8.84249,44.48274],[8.84096,44.48242],[8.84074,44.48265],[8.84012,44.48267],[8.83959,44.48292],[8.83909,44.48303],[8.83885,44.48288],[8.83837,44.48284],[8.8377,44.48305],[8.83787,44.4824],[8.83829,44.48246],[8.83898,44.48209],[8.83915,44.48122],[8.83963,44.48072],[8.83963,44.47997],[8.83983,44.47954],[8.83983,44.47846],[8.84034,44.47804],[8.84075,44.47734],[8.84156,44.47735],[8.84172,44.47669],[8.84156,44.47624],[8.84115,44.47598],[8.8414,44.47564],[8.84136,44.47546],[8.84089,44.475],[8.84126,44.47448],[8.84165,44.47416],[8.84167,44.47386],[8.84148,44.47369],[8.8417,44.47322],[8.842,44.47308],[8.84197,44.47255],[8.8414,44.47247],[8.84134,44.47208],[8.84069,44.4712],[8.84039,44.47098],[8.84028,44.4702],[8.83961,44.46954],[8.8392,44.46887],[8.83865,44.4685],[8.83845,44.46783],[8.8382,44.46779],[8.83796,44.46751],[8.83771,44.46671],[8.83775,44.46588],[8.83761,44.46525],[8.8374,44.46517],[8.83641,44.46504],[8.83672,44.46459],[8.83715,44.46418],[8.83736,44.4638],[8.83688,44.46292],[8.83609,44.46252],[8.83526,44.462],[8.83511,44.46168],[8.83445,44.46081],[8.83429,44.46014],[8.83373,44.45954],[8.83348,44.45912],[8.83321,44.45916],[8.83229,44.45844],[8.83222,44.45795],[8.83224,44.45634],[8.83217,44.45597],[8.83239,44.4554],[8.83236,44.45496],[8.83203,44.45433],[8.83106,44.45326],[8.83094,44.45304],[8.83009,44.45217],[8.82962,44.45147],[8.82997,44.44948],[8.83001,44.44818],[8.83022,44.44729],[8.83015,44.44699],[8.8298,44.447],[8.82993,44.44663],[8.82991,44.44588],[8.83006,44.44564],[8.82978,44.44492],[8.82982,44.44478],[8.82935,44.44404],[8.82952,44.44352],[8.82986,44.44296],[8.82994,44.44222],[8.83021,44.44128],[8.83073,44.44079],[8.83088,44.44001],[8.83108,44.43982],[8.83111,44.43938],[8.83142,44.43902],[8.83182,44.43876],[8.83237,44.43825],[8.83245,44.43786],[8.83284,44.43736],[8.83235,44.43674],[8.83262,44.43563],[8.83315,44.43509],[8.83313,44.43475],[8.83264,44.43409],[8.83276,44.43343],[8.83289,44.43296],[8.83413,44.43278],[8.83529,44.43285],[8.83529,44.43383],[8.83576,44.43396],[8.8361,44.43393],[8.83631,44.4343],[8.83562,44.43411],[8.8354,44.43428],[8.83493,44.43417],[8.8349,44.43396],[8.83414,44.43379],[8.83375,44.43452],[8.83364,44.43508],[8.83343,44.43523],[8.83354,44.43581],[8.83339,44.4362],[8.8336,44.43649],[8.8349,44.43692],[8.83505,44.43713],[8.83493,44.43738],[8.83557,44.43753],[8.83585,44.43785],[8.8363,44.43758],[8.83693,44.43773],[8.837,44.43804],[8.83779,44.43818],[8.83776,44.43858],[8.83806,44.43899],[8.83698,44.43985],[8.83711,44.44014],[8.83631,44.44036],[8.83674,44.44071],[8.83694,44.44067],[8.8375,44.44094],[8.8383,44.44105],[8.8386,44.44093],[8.8389,44.4411],[8.83984,44.4414],[8.84032,44.44167],[8.84072,44.44208],[8.84099,44.44194],[8.84149,44.44137],[8.84188,44.44134],[8.84189,44.44204],[8.84254,44.44243],[8.84271,44.44242],[8.84326,44.44277],[8.84405,44.4428],[8.84386,44.4425],[8.84353,44.44229],[8.84356,44.44177],[8.84308,44.44119],[8.84293,44.44078],[8.8429,44.44037],[8.84259,44.43901],[8.84297,44.43785],[8.84287,44.43733],[8.84329,44.43662],[8.84374,44.4363],[8.84367,44.43574],[8.84351,44.43543],[8.84392,44.43479],[8.84366,44.43401],[8.84342,44.43372],[8.84348,44.43345],[8.84383,44.43337],[8.84487,44.43354],[8.84616,44.43385],[8.84769,44.43433],[8.84879,44.43433],[8.84936,44.43443],[8.84976,44.43438],[8.85065,44.43458],[8.8512,44.43462],[8.85377,44.43537],[8.8543,44.43536],[8.85471,44.43523],[8.85453,44.4349],[8.85503,44.43483],[8.85539,44.43534],[8.85536,44.43561],[8.85613,44.43569],[8.85761,44.4354],[8.85863,44.43508],[8.85947,44.43474],[8.86044,44.43454],[8.86206,44.43449],[8.86277,44.43467],[8.86368,44.43468],[8.86423,44.4349],[8.86476,44.435],[8.86591,44.43504],[8.86593,44.43487],[8.86603,44.4351],[8.86589,44.43545],[8.86624,44.43615],[8.86601,44.43635],[8.86596,44.43709],[8.86645,44.4375],[8.86648,44.43777],[8.86627,44.43794],[8.86589,44.43913],[8.86581,44.43923],[8.86643,44.4403],[8.86508,44.44148],[8.8648,44.44204],[8.86467,44.44251],[8.86399,44.4438],[8.86393,44.44418],[8.86473,44.44472],[8.86494,44.4452],[8.86482,44.4459],[8.86454,44.44642],[8.86444,44.44727],[8.86449,44.44816],[8.86483,44.44838],[8.86507,44.44872],[8.86593,44.44911],[8.86616,44.44913],[8.86662,44.44891],[8.86707,44.44889],[8.86727,44.44907],[8.8672,44.44983],[8.86877,44.44939],[8.86936,44.44933],[8.87022,44.44935],[8.87056,44.44944],[8.87103,44.44938],[8.87143,44.44918],[8.87251,44.44882],[8.87361,44.44874],[8.87378,44.44843],[8.87422,44.44828],[8.87462,44.44778],[8.87456,44.44763],[8.87544,44.44767],[8.87548,44.44789],[8.87623,44.4475],[8.87649,44.44768],[8.87699,44.44776],[8.87695,44.44827],[8.87663,44.44853],[8.87668,44.44894],[8.87747,44.44842],[8.87831,44.4483],[8.87896,44.4483],[8.87932,44.44791],[8.87963,44.44796],[8.87998,44.4476],[8.88111,44.44794],[8.88128,44.44829],[8.88177,44.44855],[8.88238,44.44808],[8.88277,44.44766],[8.88349,44.4474],[8.88449,44.4473],[8.88487,44.44742],[8.88509,44.44842],[8.88432,44.4488],[8.88396,44.44924],[8.88296,44.44999],[8.88287,44.45072],[8.88315,44.4508],[8.8835,44.45125],[8.88381,44.45141],[8.88418,44.45181],[8.88334,44.45275],[8.88374,44.45291],[8.8834,44.45357],[8.884,44.45368],[8.88446,44.45422],[8.88485,44.45438],[8.88458,44.45494],[8.8844,44.45503],[8.88418,44.45616],[8.88444,44.45603],[8.88495,44.45632],[8.8853,44.45619],[8.8858,44.45639],[8.88598,44.45661],[8.88572,44.45676],[8.88613,44.45718],[8.88664,44.45718],[8.88621,44.45773],[8.88563,44.45871],[8.88524,44.45957],[8.88497,44.4598],[8.88525,44.46002],[8.88515,44.46035],[8.88468,44.46063],[8.88489,44.46099],[8.88425,44.46138],[8.884,44.46177],[8.88381,44.46179],[8.88345,44.46231],[8.88299,44.46259],[8.88334,44.46333],[8.88324,44.46361],[8.88347,44.46402],[8.88351,44.46486],[8.88344,44.4653],[8.88276,44.46526],[8.88221,44.46503],[8.88164,44.46496],[8.88126,44.46531],[8.88115,44.46575],[8.88131,44.46652],[8.8812,44.46669],[8.88201,44.46719],[8.88258,44.46793],[8.88266,44.46815],[8.8824,44.46846],[8.8817,44.46905],[8.88215,44.46936],[8.88213,44.46996],[8.88154,44.46977],[8.8812,44.46982],[8.88066,44.46969],[8.88005,44.47004],[8.87954,44.47005],[8.8783,44.47024],[8.87795,44.4706],[8.87737,44.47087],[8.87691,44.4712],[8.8769,44.47144],[8.87731,44.4717],[8.87816,44.47185],[8.87864,44.4723],[8.87908,44.47254],[8.87926,44.47283],[8.87904,44.47335],[8.87921,44.47395],[8.87994,44.4749],[8.87966,44.47478],[8.87905,44.47488],[8.87876,44.47459],[8.87843,44.47457],[8.87752,44.47502],[8.87676,44.47501],[8.87618,44.47559],[8.87536,44.47558],[8.87438,44.47605],[8.87402,44.47609],[8.87326,44.47596],[8.87287,44.47596],[8.87248,44.47582],[8.87186,44.47618],[8.87085,44.47634],[8.87031,44.47631],[8.86985,44.4764],[8.8692,44.47616],[8.8682,44.4766],[8.86758,44.47701],[8.86706,44.47701],[8.8664,44.47677],[8.86599,44.4769],[8.86544,44.47737],[8.86491,44.47769],[8.86421,44.4778],[8.86358,44.47767],[8.86353,44.4771],[8.86298,44.47701],[8.86266,44.47715],[8.86218,44.47708],[8.86185,44.47676],[8.86152,44.47683],[8.86077,44.47661],[8.86027,44.47669],[8.85995,44.47654],[8.85981,44.47617],[8.85887,44.47575],[8.85826,44.47536],[8.858,44.47539],[8.85767,44.4752],[8.85763,44.47481],[8.85741,44.47423],[8.85754,44.47374],[8.85722,44.47312],[8.85695,44.47298],[8.85639,44.47321],[8.85587,44.47326],[8.85481,44.47358],[8.85432,44.47361],[8.85375,44.4738],[8.8531,44.47416],[8.85279,44.47421],[8.85179,44.47409],[8.85034,44.47427],[8.84956,44.47463],[8.84989,44.47574],[8.8499,44.47604],[8.84947,44.47689],[8.84863,44.47712],[8.84843,44.47724],[8.84842,44.47779],[8.84829,44.47811],[8.84879,44.47857],[8.8502,44.47919],[8.8505,44.47946],[8.85168,44.47956],[8.85303,44.47954],[8.85321,44.4796],[8.85457,44.47943],[8.85573,44.47963],[8.85634,44.47965],[8.85656,44.47975],[8.85694,44.48064],[8.85748,44.4813],[8.85694,44.48155],[8.85654,44.48152],[8.85623,44.48181],[8.85589,44.48265],[8.85549,44.48297],[8.85521,44.48368],[8.85546,44.48421],[8.85538,44.48479],[8.85511,44.48501],[8.85535,44.48538],[8.85508,44.48575],[8.85517,44.48648],[8.85555,44.48709],[8.85556,44.48733],[8.85533,44.48777],[8.85548,44.48797],[8.85524,44.48871],[8.85496,44.48899],[8.85507,44.48948],[8.85484,44.48994],[8.85461,44.49102],[8.85395,44.49103],[8.85342,44.49125],[8.85274,44.49122],[8.85198,44.49137],[8.85107,44.49165],[8.85061,44.49166],[8.84963,44.49202],[8.8486,44.49175],[8.84829,44.4915],[8.84756,44.49127],[8.84658,44.49088],[8.84612,44.49036],[8.84568,44.4902],[8.84549,44.48996],[8.84494,44.48976],[8.84458,44.48988],[8.84387,44.48974],[8.84361,44.48959],[8.84309,44.48958],[8.84287,44.48937],[8.84134,44.48931],[8.84136,44.48913],[8.84075,44.4891],[8.84041,44.48895],[8.84058,44.48871],[8.84035,44.48849],[8.84006,44.48852],[8.83976,44.48831],[8.83949,44.48853],[8.83813,44.48889],[8.8382,44.48913],[8.83878,44.48965],[8.83836,44.48977],[8.83772,44.49033],[8.83716,44.49021],[8.83661,44.49023],[8.8363,44.49067],[8.83543,44.49081],[8.83411,44.49055],[8.83363,44.49075],[8.83271,44.491],[8.83148,44.49122],[8.83102,44.4915],[8.83058,44.49196],[8.83053,44.49226],[8.83029,44.49246],[8.82949,44.49281],[8.8279,44.49378],[8.82742,44.49398],[8.82706,44.49473],[8.82628,44.49533],[8.82594,44.49602],[8.82586,44.49674],[8.82552,44.49778],[8.82477,44.49755],[8.82383,44.49738],[8.823,44.4981],[8.82254,44.4983],[8.82209,44.49875],[8.82175,44.49893],[8.82157,44.49877],[8.8211,44.49879],[8.82071,44.49909],[8.82054,44.49896],[8.82009,44.49907],[8.81945,44.49902],[8.81887,44.49907],[8.81792,44.49892],[8.81749,44.49799],[8.81644,44.49765],[8.81554,44.49712],[8.81544,44.49697],[8.81465,44.49648],[8.81438,44.49597],[8.81356,44.49512],[8.81209,44.4944],[8.8112,44.49409],[8.81095,44.49355],[8.81061,44.49311],[8.8107,44.49246],[8.81053,44.49155],[8.81078,44.49028],[8.80974,44.49023],[8.80921,44.49032],[8.80676,44.49029],[8.80576,44.49121],[8.80513,44.49164],[8.80426,44.49199],[8.80349,44.4927],[8.80341,44.49315],[8.80247,44.4936],[8.80217,44.49398],[8.80163,44.49408],[8.80095,44.49403],[8.79988,44.49409],[8.79951,44.49419],[8.79889,44.49479],[8.79845,44.49498],[8.7975,44.49569],[8.79735,44.49549],[8.79681,44.49523],[8.79621,44.49523],[8.79572,44.49547],[8.79563,44.49569],[8.79444,44.49651],[8.79428,44.49673],[8.79389,44.49692],[8.79317,44.4976],[8.79131,44.49747],[8.79055,44.49731],[8.78926,44.4965],[8.78771,44.49651],[8.78724,44.49604],[8.78691,44.49599],[8.78672,44.4962],[8.78647,44.49689],[8.7861,44.49689],[8.78606,44.49653],[8.78623,44.49611],[8.78595,44.49576],[8.78617,44.49558],[8.78613,44.49521],[8.78556,44.49432],[8.7857,44.4937],[8.786,44.49336],[8.7861,44.49266],[8.78626,44.49214],[8.78602,44.49147],[8.78616,44.49117],[8.78652,44.49091],[8.78699,44.49003],[8.78735,44.48976],[8.78787,44.48915],[8.78828,44.48822],[8.78805,44.4881],[8.78645,44.48817],[8.78585,44.48825],[8.78509,44.48825],[8.78267,44.48833],[8.78217,44.48867],[8.78172,44.48879],[8.78092,44.4889],[8.78027,44.48883],[8.77917,44.4888],[8.7777,44.48888],[8.77742,44.48875],[8.7763,44.48888],[8.77539,44.48906],[8.77492,44.48931],[8.77387,44.48974],[8.77358,44.48977],[8.77335,44.48952],[8.772,44.48948],[8.77033,44.48954],[8.77027,44.4892],[8.77043,44.48879],[8.77072,44.48835],[8.77098,44.48829],[8.77088,44.48752],[8.77106,44.48723],[8.77085,44.48665],[8.77069,44.48663],[8.77025,44.48603],[8.76972,44.48578],[8.76967,44.48526],[8.76978,44.48499],[8.76961,44.48395],[8.76943,44.48377],[8.7696,44.48345],[8.76962,44.48283],[8.7706,44.4824],[8.77103,44.48191],[8.7715,44.48159],[8.77151,44.48122],[8.77168,44.48082],[8.77201,44.48054],[8.77193,44.48009],[8.77273,44.4799],[8.7729,44.47971],[8.7737,44.47997],[8.77384,44.48016],[8.7738,44.48073],[8.77557,44.48042],[8.77809,44.48003],[8.77906,44.47979],[8.77938,44.47946],[8.78058,44.47906],[8.78084,44.47885],[8.78218,44.47836],[8.78236,44.47803],[8.78303,44.4777],[8.78318,44.47752],[8.78389,44.47725],[8.78421,44.47722],[8.78432,44.47695],[8.78388,44.4765],[8.78351,44.47631],[8.78334,44.47577],[8.78275,44.47482],[8.78207,44.47448],[8.78154,44.47406],[8.7813,44.47374],[8.78067,44.47356],[8.78031,44.47361],[8.77966,44.47345],[8.77942,44.47329],[8.77869,44.47312],[8.77777,44.47235],[8.7774,44.47215],[8.77687,44.47201],[8.77638,44.47151],[8.776,44.47098],[8.77564,44.47097],[8.77489,44.47069],[8.77465,44.4701],[8.7738,44.469],[8.77367,44.46853],[8.77334,44.46821],[8.77324,44.46773],[8.77291,44.46728],[8.77266,44.46661],[8.77239,44.46626],[8.77227,44.46567],[8.77199,44.46542],[8.77153,44.46474],[8.77109,44.4643],[8.77029,44.46383],[8.76951,44.4636],[8.76926,44.46324],[8.76986,44.46256],[8.7698,44.46182],[8.76921,44.46146],[8.76897,44.461],[8.76912,44.46],[8.76875,44.45908],[8.76894,44.45817],[8.76878,44.45762],[8.7685,44.45705],[8.76831,44.45687],[8.76742,44.45642],[8.76669,44.45617],[8.76616,44.45585],[8.7654,44.4556],[8.7652,44.45545],[8.7651,44.45508],[8.76471,44.45471],[8.76423,44.45403],[8.76358,44.45373],[8.76309,44.45327],[8.76252,44.45324],[8.76149,44.45295],[8.76092,44.4531],[8.76045,44.45386],[8.76004,44.45404],[8.75932,44.45381],[8.75896,44.45339],[8.7584,44.45311],[8.75775,44.45293],[8.75694,44.45254],[8.75628,44.45232],[8.75581,44.45236],[8.75566,44.45262],[8.75491,44.4529],[8.75452,44.45288],[8.75376,44.45267],[8.75322,44.45222],[8.75246,44.45188],[8.75112,44.45186],[8.75064,44.45158],[8.75048,44.45136],[8.75048,44.4508],[8.75061,44.45034],[8.7502,44.44967],[8.74932,44.44919],[8.74899,44.44869],[8.74904,44.44856],[8.74979,44.4482],[8.75001,44.44783],[8.75103,44.44699],[8.75137,44.44661],[8.75155,44.44611],[8.75167,44.44535],[8.7522,44.44424],[8.75218,44.44406],[8.75147,44.44349],[8.75075,44.44324],[8.74968,44.44306],[8.74858,44.44266],[8.74761,44.44264],[8.74649,44.44234],[8.74631,44.44247],[8.74553,44.44252],[8.74545,44.44306],[8.74569,44.44345],[8.74488,44.44365],[8.74469,44.44391],[8.74438,44.44381],[8.74392,44.44404],[8.74387,44.4442],[8.74232,44.44399],[8.74191,44.44384],[8.74219,44.4435],[8.7422,44.443],[8.74267,44.44265],[8.7426,44.44227],[8.74271,44.44146],[8.74229,44.44112],[8.74286,44.44076],[8.74247,44.4404],[8.74251,44.44019],[8.74229,44.43956],[8.74241,44.43889],[8.74328,44.4391],[8.74396,44.43895],[8.74423,44.43918],[8.74501,44.43959],[8.74574,44.43947],[8.746,44.43959],[8.74607,44.43873],[8.74649,44.43872],[8.74665,44.43904],[8.74772,44.43902],[8.74792,44.43892],[8.74834,44.43903],[8.7489,44.43883],[8.74945,44.43894],[8.7492,44.43851],[8.7494,44.43825],[8.7494,44.43773],[8.75023,44.43812],[8.75139,44.43811],[8.75199,44.43832],[8.75217,44.43854],[8.75272,44.43862],[8.75302,44.43844],[8.75343,44.43859],[8.75401,44.43815],[8.75447,44.43766],[8.7548,44.43778],[8.75541,44.4375],[8.75563,44.43703],[8.75601,44.43708],[8.75629,44.43688],[8.75675,44.43687],[8.75698,44.43716],[8.7569,44.43789],[8.75745,44.4382],[8.75782,44.43867],[8.75802,44.43863],[8.75892,44.43817],[8.75958,44.43799],[8.75987,44.43744],[8.76031,44.43755],[8.76083,44.43746],[8.76115,44.43772],[8.76141,44.43774],[8.76118,44.43914],[8.76161,44.43963],[8.7622,44.44009],[8.76263,44.44056],[8.76325,44.44087],[8.76441,44.44131],[8.76437,44.44195],[8.76459,44.44259],[8.7646,44.44311],[8.76474,44.44356],[8.7652,44.44345],[8.76656,44.4429],[8.76729,44.44268],[8.76755,44.44249],[8.76741,44.44207],[8.76757,44.44157],[8.76798,44.44136],[8.76821,44.44101],[8.76819,44.44048],[8.768,44.44009],[8.7683,44.43989],[8.76833,44.43962],[8.76877,44.43904],[8.76911,44.43843],[8.77006,44.43869],[8.77041,44.43863],[8.77066,44.43798],[8.77119,44.43737],[8.77144,44.43689],[8.77135,44.43618],[8.77115,44.43587],[8.7711,44.43549],[8.77133,44.43514],[8.7718,44.43499],[8.77255,44.43504],[8.77303,44.43493],[8.77323,44.43457],[8.77409,44.43409],[8.77436,44.43376],[8.7742,44.43288],[8.77434,44.43257],[8.77447,44.43233],[8.77493,44.43219],[8.77505,44.43247],[8.7754,44.43259],[8.77616,44.43259],[8.77682,44.43305],[8.777,44.43308],[8.77727,44.43363],[8.77773,44.43401],[8.77806,44.43369],[8.77793,44.4334],[8.7787,44.43339],[8.77881,44.43325],[8.77994,44.43298],[8.78005,44.43279],[8.78071,44.43295],[8.78122,44.43321],[8.78192,44.43311],[8.78211,44.4325],[8.78187,44.43212],[8.78158,44.43198],[8.78127,44.4316],[8.78186,44.43139],[8.78238,44.43148],[8.7824,44.43175],[8.78347,44.43192],[8.78418,44.43218],[8.78442,44.43205],[8.78454,44.43169],[8.78484,44.43172],[8.786,44.43154],[8.78615,44.43173],[8.78678,44.43158],[8.78723,44.43156],[8.78733,44.43181],[8.7877,44.43197],[8.78818,44.43172],[8.78875,44.43128],[8.78924,44.43199],[8.78911,44.43314],[8.78944,44.43317],[8.78942,44.43262],[8.79021,44.43287],[8.79148,44.43298],[8.79184,44.43287],[8.79266,44.43287],[8.79296,44.43309],[8.79259,44.43339],[8.79413,44.43359],[8.79421,44.43339],[8.79398,44.43299],[8.79404,44.43266],[8.79386,44.43238],[8.79496,44.43237],[8.79546,44.43214],[8.79551,44.43165]]]},"properties":{"zona":"R5","linkzona":"GE00003391","fascia":"R","fascia_label":"Extraurbana","descr":"ENTROTERRA DI VOLTRI - PRA`- SESTRI ALTURE AAB.M. (VAL LEIRA-V.DELLA TO...","semestre":"2025-S2","loc_min":3.8,"loc_max":5.6,"loc_mid":4.7,"sup":"L","tipologia":"Abitazioni di tipo economico","stato":"NORMALE","trend":0.0,"trend_from":"2023-S2"}},{"type":"Feature","geometry":{"type":"Polygon","coordinates":[[[8.97434,44.45798],[8.97321,44.45784],[8.97331,44.45707],[8.97175,44.45693],[8.97084,44.45655],[8.97094,44.45618],[8.97125,44.45452],[8.97122,44.4543],[8.97029,44.45439],[8.96961,44.45437],[8.96935,44.45423],[8.96992,44.45389],[8.97049,44.4534],[8.9707,44.45312],[8.97116,44.45282],[8.97109,44.45239],[8.97116,44.45172],[8.9709,44.4515],[8.97049,44.45139],[8.97025,44.45111],[8.96985,44.45091],[8.96933,44.45083],[8.96912,44.45056],[8.96811,44.45047],[8.96762,44.45035],[8.96726,44.4504],[8.96686,44.4506],[8.96649,44.45066],[8.96568,44.45112],[8.9654,44.45146],[8.96459,44.45186],[8.96434,44.45211],[8.96357,44.45187],[8.96326,44.45152],[8.96329,44.45114],[8.96299,44.45093],[8.9622,44.45072],[8.96228,44.45032],[8.96142,44.45001],[8.96181,44.44971],[8.96087,44.44919],[8.95999,44.44966],[8.95953,44.44937],[8.95916,44.44876],[8.95941,44.44851],[8.9587,44.44806],[8.95924,44.4476],[8.96001,44.44707],[8.96097,44.4465],[8.96018,44.44622],[8.9591,44.4471],[8.95865,44.44692],[8.95899,44.44662],[8.95959,44.44562],[8.95982,44.44542],[8.95949,44.44522],[8.95829,44.44475],[8.95779,44.44533],[8.95751,44.44525],[8.95748,44.44489],[8.95705,44.44509],[8.95632,44.44522],[8.95619,44.44501],[8.95575,44.44525],[8.95534,44.44497],[8.95484,44.44475],[8.95409,44.44524],[8.95326,44.44547],[8.95273,44.44545],[8.95243,44.44485],[8.95265,44.44411],[8.95301,44.44375],[8.95332,44.44288],[8.95333,44.44258],[8.95394,44.44196],[8.95425,44.4414],[8.95502,44.44052],[8.95546,44.44019],[8.9559,44.43956],[8.95557,44.43924],[8.95601,44.4388],[8.95583,44.43839],[8.95621,44.43769],[8.95569,44.43698],[8.95525,44.43683],[8.95525,44.43664],[8.95559,44.43644],[8.95548,44.43626],[8.95686,44.4358],[8.95767,44.43666],[8.95795,44.43679],[8.95833,44.4372],[8.95926,44.43781],[8.95935,44.43761],[8.95899,44.43729],[8.95936,44.43704],[8.95976,44.43736],[8.96017,44.43747],[8.96074,44.43722],[8.96139,44.43797],[8.96223,44.43759],[8.96216,44.43642],[8.96238,44.43623],[8.96233,44.43593],[8.96203,44.43573],[8.96156,44.43502],[8.96197,44.43491],[8.96244,44.43588],[8.96262,44.43747],[8.96286,44.43816],[8.96325,44.43959],[8.96348,44.44022],[8.96402,44.44139],[8.96437,44.4423],[8.96514,44.44321],[8.96568,44.44293],[8.96583,44.44309],[8.96681,44.44279],[8.96796,44.44251],[8.96836,44.44231],[8.96817,44.44195],[8.96889,44.44192],[8.96949,44.44157],[8.97045,44.44125],[8.97076,44.44104],[8.97044,44.44047],[8.97155,44.44005],[8.97201,44.43991],[8.97222,44.44004],[8.97306,44.44026],[8.97418,44.44097],[8.97472,44.44176],[8.97493,44.44296],[8.9761,44.4439],[8.97708,44.44412],[8.97839,44.444],[8.97875,44.44402],[8.97969,44.44438],[8.98065,44.44455],[8.98132,44.44479],[8.98173,44.44504],[8.98219,44.4456],[8.98293,44.44627],[8.98184,44.44655],[8.98158,44.44653],[8.98054,44.44708],[8.98071,44.44735],[8.97978,44.44753],[8.97879,44.44757],[8.97795,44.44777],[8.97732,44.44769],[8.97692,44.44752],[8.97645,44.44745],[8.97599,44.44755],[8.97585,44.44705],[8.97506,44.44686],[8.97454,44.44693],[8.97434,44.44655],[8.97365,44.44713],[8.97353,44.44792],[8.97248,44.44857],[8.9733,44.44929],[8.97284,44.44973],[8.97507,44.45145],[8.97652,44.45232],[8.97766,44.45281],[8.97963,44.45349],[8.97988,44.45371],[8.98044,44.4536],[8.98379,44.45436],[8.98516,44.45449],[8.98598,44.45445],[8.98682,44.45431],[8.98884,44.45379],[8.99036,44.45337],[8.99042,44.45396],[8.99064,44.45414],[8.99139,44.45497],[8.99152,44.4555],[8.9917,44.45577],[8.99239,44.45631],[8.99254,44.45704],[8.99282,44.45742],[8.99269,44.45785],[8.99359,44.4583],[8.99344,44.45846],[8.99239,44.45842],[8.99189,44.4588],[8.99041,44.45902],[8.99003,44.45903],[8.98913,44.4592],[8.9886,44.4592],[8.98845,44.45947],[8.98779,44.4598],[8.98753,44.46024],[8.98701,44.46021],[8.98672,44.45989],[8.98617,44.45956],[8.9859,44.45927],[8.98545,44.45932],[8.98516,44.45919],[8.98445,44.45965],[8.98406,44.45958],[8.98375,44.45999],[8.98303,44.46077],[8.98256,44.46054],[8.98209,44.46012],[8.98148,44.45927],[8.98096,44.45943],[8.98057,44.45943],[8.97989,44.45854],[8.97948,44.45832],[8.97889,44.45839],[8.97789,44.45833],[8.97756,44.45841],[8.97711,44.4583],[8.97704,44.45802],[8.97657,44.45808],[8.97601,44.45789],[8.97498,44.45783],[8.97434,44.45798]]]},"properties":{"zona":"D03","linkzona":"GE00003327","fascia":"D","fascia_label":"Periferica","descr":"MOLASSANA TU.M (V.EMILIA-V.PIACENZA-V.MOLASSANA)","semestre":"2025-S2","loc_min":5.3,"loc_max":7.9,"loc_mid":6.6,"sale_min":1150.0,"sale_max":1700.0,"sup":"L","tipologia":"Abitazioni civili","stato":"NORMALE","trend":0.0,"trend_from":"2023-S2"}},{"type":"Feature","geometry":{"type":"Polygon","coordinates":[[[8.93505,44.42725],[8.93532,44.42651],[8.93515,44.42644],[8.9358,44.42553],[8.93607,44.42558],[8.93655,44.42521],[8.93648,44.42508],[8.93725,44.42455],[8.93829,44.42412],[8.93854,44.42355],[8.93839,44.42348],[8.93896,44.42252],[8.93971,44.42168],[8.93989,44.42174],[8.94071,44.42114],[8.94066,44.42033],[8.94123,44.41946],[8.94139,44.41945],[8.94194,44.41891],[8.94213,44.41792],[8.94194,44.41767],[8.94224,44.41737],[8.94288,44.41789],[8.94294,44.41837],[8.9436,44.41845],[8.94342,44.41881],[8.94294,44.41951],[8.94309,44.41986],[8.94403,44.41944],[8.94437,44.41948],[8.94459,44.41971],[8.94436,44.42079],[8.94524,44.42116],[8.94529,44.42094],[8.94609,44.4209],[8.94685,44.42096],[8.94726,44.42086],[8.94726,44.41985],[8.94719,44.41982],[8.94771,44.4182],[8.94825,44.4174],[8.94826,44.41739],[8.94981,44.41794],[8.95147,44.41885],[8.95173,44.41864],[8.95254,44.41917],[8.95219,44.41954],[8.95241,44.41968],[8.95214,44.42004],[8.95246,44.42055],[8.95295,44.421],[8.9535,44.42138],[8.95381,44.42177],[8.95341,44.42213],[8.9532,44.42254],[8.95334,44.42302],[8.95391,44.42387],[8.95384,44.42426],[8.95336,44.4242],[8.95257,44.42504],[8.95391,44.4255],[8.95406,44.42563],[8.95372,44.42578],[8.95311,44.42582],[8.95216,44.42605],[8.95189,44.4262],[8.95085,44.42641],[8.95048,44.42662],[8.95016,44.42618],[8.9498,44.42595],[8.94928,44.42582],[8.9488,44.42586],[8.94845,44.42557],[8.94751,44.42562],[8.94768,44.42605],[8.94825,44.42678],[8.94804,44.4269],[8.94739,44.42698],[8.94748,44.4274],[8.94714,44.42794],[8.94682,44.42827],[8.94587,44.42858],[8.94467,44.42866],[8.94403,44.42894],[8.94367,44.42921],[8.94324,44.42933],[8.94286,44.42957],[8.94294,44.43034],[8.94395,44.43041],[8.94493,44.43068],[8.94458,44.43132],[8.94416,44.43241],[8.94361,44.43302],[8.94221,44.43356],[8.94215,44.43379],[8.94179,44.43384],[8.94159,44.43411],[8.94249,44.43404],[8.94303,44.4349],[8.94379,44.43583],[8.94332,44.4359],[8.94265,44.43615],[8.94207,44.43647],[8.94159,44.43646],[8.94114,44.43668],[8.94145,44.43754],[8.94156,44.43825],[8.94154,44.43912],[8.94253,44.43905],[8.94397,44.43933],[8.94426,44.43958],[8.94437,44.44006],[8.94417,44.44088],[8.94403,44.4411],[8.94416,44.44198],[8.94371,44.44261],[8.94291,44.44403],[8.94261,44.4441],[8.94233,44.44446],[8.9424,44.44476],[8.94267,44.44503],[8.94253,44.44558],[8.94145,44.44598],[8.94103,44.4464],[8.94036,44.44666],[8.93941,44.44716],[8.93917,44.44757],[8.93831,44.44754],[8.93796,44.44689],[8.93751,44.44689],[8.93755,44.44612],[8.93743,44.44592],[8.9366,44.44523],[8.93626,44.44485],[8.93569,44.44445],[8.93473,44.44426],[8.93404,44.4439],[8.93317,44.44329],[8.93268,44.44272],[8.93217,44.44233],[8.93209,44.44214],[8.93135,44.44131],[8.93132,44.44084],[8.93148,44.44071],[8.93124,44.43985],[8.9313,44.43955],[8.93204,44.43773],[8.93215,44.43705],[8.93248,44.43656],[8.93252,44.43517],[8.93264,44.43474],[8.93354,44.43392],[8.93297,44.43318],[8.93293,44.43275],[8.93264,44.43199],[8.9327,44.43136],[8.93336,44.43115],[8.93352,44.43068],[8.93451,44.42915],[8.9348,44.42813],[8.93534,44.42762],[8.93496,44.42751],[8.93505,44.42725]]]},"properties":{"zona":"D04","linkzona":"GE00003338","fascia":"D","fascia_label":"Periferica","descr":"PARENZO-GINESTRE-VECCHIA TU.B (V.BOBBIO-V.BURLANDO-V.S.PANTALEO)","semestre":"2025-S2","loc_min":5.6,"loc_max":8.3,"loc_mid":6.95,"sale_min":1200.0,"sale_max":1750.0,"sup":"L","tipologia":"Abitazioni civili","stato":"NORMALE","trend":2.2,"trend_from":"2023-S2"}},{"type":"Feature","geometry":{"type":"Polygon","coordinates":[[[8.70839,44.42037],[8.70824,44.42004],[8.70786,44.41968],[8.70739,44.41937],[8.70691,44.41931],[8.70669,44.41914],[8.70632,44.41917],[8.70595,44.41901],[8.70581,44.41833],[8.70554,44.41808],[8.70545,44.41769],[8.70493,44.41705],[8.70469,44.41691],[8.70488,44.41636],[8.70467,44.41609],[8.70465,44.41547],[8.70431,44.41466],[8.70447,44.41398],[8.70445,44.41343],[8.70466,44.41306],[8.70629,44.41363],[8.70703,44.41384],[8.7083,44.41409],[8.70874,44.41409],[8.70936,44.41425],[8.70977,44.41474],[8.7108,44.41491],[8.71105,44.41483],[8.71231,44.41534],[8.71317,44.41563],[8.71431,44.4158],[8.7177,44.41604],[8.71814,44.41591],[8.71872,44.41618],[8.71914,44.41628],[8.71999,44.41635],[8.72091,44.41631],[8.72279,44.4167],[8.72447,44.41685],[8.72508,44.41672],[8.72561,44.41687],[8.72619,44.41715],[8.72661,44.41758],[8.72716,44.41838],[8.72757,44.41863],[8.7278,44.41895],[8.72925,44.42035],[8.73018,44.42099],[8.7306,44.42146],[8.7311,44.4215],[8.73137,44.42124],[8.73225,44.4217],[8.73333,44.42168],[8.73362,44.42204],[8.7351,44.42211],[8.73564,44.42238],[8.73613,44.42275],[8.73657,44.42269],[8.73701,44.42315],[8.73735,44.42326],[8.73759,44.42369],[8.73802,44.4238],[8.73787,44.42409],[8.73794,44.42439],[8.73832,44.42473],[8.73883,44.42497],[8.73893,44.42521],[8.73926,44.42528],[8.73959,44.42559],[8.74008,44.42582],[8.74015,44.426],[8.7409,44.42626],[8.74147,44.42673],[8.74203,44.42676],[8.74304,44.42693],[8.74293,44.42737],[8.74271,44.42799],[8.74265,44.42836],[8.74331,44.42841],[8.74349,44.42852],[8.74367,44.42896],[8.74268,44.42874],[8.7426,44.42925],[8.74206,44.42918],[8.74182,44.42941],[8.74135,44.4294],[8.74129,44.42862],[8.74168,44.42814],[8.74134,44.42791],[8.74129,44.42758],[8.74107,44.42724],[8.74029,44.42659],[8.7401,44.42664],[8.73952,44.42628],[8.73862,44.42583],[8.73809,44.42574],[8.73731,44.42529],[8.73745,44.42496],[8.73709,44.42482],[8.73703,44.42407],[8.73613,44.42332],[8.73517,44.42378],[8.73428,44.42382],[8.73303,44.42364],[8.73319,44.4241],[8.73303,44.42448],[8.73351,44.42463],[8.73329,44.42498],[8.73303,44.42514],[8.73336,44.42566],[8.73295,44.4258],[8.73267,44.42567],[8.73242,44.42583],[8.73193,44.42562],[8.73123,44.42576],[8.73046,44.42603],[8.72987,44.42592],[8.72911,44.426],[8.72856,44.42585],[8.72797,44.42593],[8.72745,44.42586],[8.72791,44.4251],[8.72773,44.42487],[8.72655,44.42412],[8.72547,44.42377],[8.72518,44.42384],[8.72467,44.42366],[8.72461,44.42345],[8.72395,44.42332],[8.72378,44.42289],[8.72223,44.42338],[8.72138,44.42342],[8.72124,44.42314],[8.72065,44.42282],[8.72014,44.42298],[8.71972,44.42231],[8.71962,44.42199],[8.7189,44.42206],[8.71862,44.42234],[8.71853,44.42281],[8.71796,44.42253],[8.71708,44.42247],[8.71706,44.42289],[8.71607,44.42219],[8.71546,44.42203],[8.71509,44.42168],[8.71479,44.4208],[8.71438,44.42082],[8.7139,44.42184],[8.7134,44.42226],[8.71321,44.42278],[8.71285,44.4233],[8.71256,44.42265],[8.71222,44.42214],[8.71166,44.42186],[8.71144,44.4215],[8.71119,44.42141],[8.71099,44.42094],[8.7106,44.42034],[8.71004,44.42046],[8.70896,44.41998],[8.70839,44.42037]]]},"properties":{"zona":"D33","linkzona":"GE00003382","fascia":"D","fascia_label":"Periferica","descr":"VESIMA E CREVARI AAB.A. (V.ANTICA ROMANA-V.AURELIA-LOC.BORGO NUOVO)","semestre":"2025-S2","loc_min":6.4,"loc_max":9.5,"loc_mid":7.95,"sale_min":1900.0,"sale_max":2800.0,"sup":"L","tipologia":"Abitazioni civili","stato":"NORMALE","trend":0.0,"trend_from":"2023-S2"}},{"type":"Feature","geometry":{"type":"Polygon","coordinates":[[[8.97155,44.44005],[8.97044,44.44047],[8.97076,44.44104],[8.97045,44.44125],[8.96949,44.44157],[8.96889,44.44192],[8.96817,44.44195],[8.96836,44.44231],[8.96796,44.44251],[8.96681,44.44279],[8.96583,44.44309],[8.96568,44.44293],[8.96514,44.44321],[8.96437,44.4423],[8.96402,44.44139],[8.96348,44.44022],[8.96325,44.43959],[8.96286,44.43816],[8.96262,44.43747],[8.96244,44.43588],[8.96197,44.43491],[8.96156,44.43502],[8.96128,44.43467],[8.96146,44.43456],[8.96104,44.4341],[8.96079,44.43397],[8.96014,44.43328],[8.95987,44.4329],[8.95946,44.43253],[8.95887,44.43216],[8.95773,44.4311],[8.95624,44.42995],[8.95514,44.42926],[8.95427,44.42889],[8.95351,44.42864],[8.95,44.42786],[8.94886,44.42728],[8.94825,44.42678],[8.94768,44.42605],[8.94751,44.42562],[8.94845,44.42557],[8.9488,44.42586],[8.94928,44.42582],[8.9498,44.42595],[8.95016,44.42618],[8.95048,44.42662],[8.95085,44.42641],[8.95189,44.4262],[8.95216,44.42605],[8.95311,44.42582],[8.95372,44.42578],[8.95406,44.42563],[8.95496,44.42573],[8.95689,44.42464],[8.95741,44.4248],[8.95794,44.42537],[8.95849,44.42571],[8.95883,44.42611],[8.95966,44.42632],[8.96014,44.42653],[8.96149,44.42668],[8.962,44.42666],[8.96254,44.42674],[8.96315,44.42623],[8.96388,44.42583],[8.96415,44.4263],[8.96429,44.42695],[8.96429,44.42719],[8.96522,44.4279],[8.96598,44.42804],[8.96602,44.42824],[8.96663,44.42851],[8.96754,44.42854],[8.96862,44.42846],[8.96949,44.42857],[8.97029,44.42888],[8.97063,44.42876],[8.97157,44.42899],[8.9726,44.42938],[8.97304,44.42936],[8.97373,44.4297],[8.97437,44.43023],[8.97464,44.43055],[8.9752,44.43099],[8.9755,44.43156],[8.9759,44.43206],[8.97549,44.43243],[8.97477,44.43271],[8.97463,44.43293],[8.97407,44.43336],[8.97398,44.43375],[8.97433,44.43374],[8.97492,44.43395],[8.97462,44.43444],[8.9748,44.43528],[8.97469,44.43562],[8.97435,44.43578],[8.97432,44.43604],[8.97476,44.43618],[8.97506,44.43616],[8.97536,44.43657],[8.97473,44.43696],[8.97494,44.43766],[8.97445,44.43766],[8.97482,44.43809],[8.97432,44.43835],[8.97361,44.43856],[8.9734,44.43828],[8.97266,44.43782],[8.97164,44.43768],[8.97142,44.43773],[8.97085,44.43746],[8.96998,44.43731],[8.97015,44.4377],[8.97067,44.43827],[8.97016,44.43854],[8.97031,44.439],[8.9709,44.43935],[8.97155,44.44005]]]},"properties":{"zona":"D06","linkzona":"GE00003340","fascia":"D","fascia_label":"Periferica","descr":"VOLPARA-MONTESIGNANO-TERPI AP.B (V.LUNGOBISAGNO ISTRIA-V.LUNGOBISAGNO D...","semestre":"2025-S2","loc_min":5.3,"loc_max":7.8,"loc_mid":6.55,"sale_min":1150.0,"sale_max":1700.0,"sup":"L","tipologia":"Abitazioni civili","stato":"NORMALE","trend":0.0,"trend_from":"2023-S2"}},{"type":"Feature","geometry":{"type":"Polygon","coordinates":[[[8.99894,44.44242],[8.99841,44.44247],[8.99882,44.44168],[8.99852,44.44166],[8.99827,44.44143],[8.99787,44.44163],[8.99702,44.44135],[8.99708,44.44096],[8.99738,44.44071],[8.99788,44.44078],[8.99805,44.44061],[8.99809,44.44014],[8.99847,44.4399],[8.99826,44.4397],[8.99846,44.43938],[8.99814,44.43891],[8.99863,44.43883],[8.99864,44.43855],[8.99832,44.43808],[8.99786,44.43808],[8.9969,44.43788],[8.99605,44.43755],[8.99569,44.43733],[8.9959,44.43704],[8.9952,44.43679],[8.99621,44.43602],[8.9967,44.43577],[8.99697,44.43609],[8.99721,44.4358],[8.99812,44.43499],[8.99921,44.43416],[8.99974,44.43413],[9.00001,44.43382],[8.99968,44.43343],[9.0001,44.43325],[9.00068,44.43317],[9.00152,44.4332],[9.00229,44.43313],[9.00269,44.43323],[9.00365,44.43313],[9.00439,44.43296],[9.0041,44.43241],[9.00362,44.43088],[9.00358,44.42905],[9.00381,44.42812],[9.00435,44.42716],[9.00459,44.42654],[9.0049,44.42614],[9.00504,44.4257],[9.00533,44.42527],[9.00577,44.42491],[9.00622,44.42442],[9.00567,44.42399],[9.00528,44.42348],[9.00531,44.42267],[9.00572,44.42203],[9.00607,44.4224],[9.00653,44.42271],[9.00691,44.42281],[9.00732,44.42325],[9.00773,44.42329],[9.00837,44.42381],[9.00835,44.42419],[9.00855,44.42478],[9.00851,44.42546],[9.00875,44.42548],[9.00888,44.42471],[9.00885,44.42442],[9.00929,44.42409],[9.00926,44.42395],[9.00981,44.42379],[9.01072,44.42378],[9.01084,44.424],[9.01143,44.42395],[9.01168,44.42443],[9.01146,44.42464],[9.01109,44.42537],[9.01194,44.42582],[9.01266,44.42588],[9.01276,44.42609],[9.01335,44.42613],[9.01401,44.42587],[9.0152,44.42605],[9.01553,44.42544],[9.01586,44.42552],[9.01643,44.42508],[9.01688,44.42515],[9.01779,44.42547],[9.01779,44.42583],[9.01808,44.42611],[9.01896,44.42623],[9.01948,44.42674],[9.01949,44.42716],[9.01978,44.42743],[9.02042,44.42749],[9.02121,44.4278],[9.02185,44.42834],[9.02259,44.42841],[9.02288,44.42857],[9.02296,44.42905],[9.02446,44.42967],[9.02473,44.43017],[9.02493,44.43029],[9.0255,44.43032],[9.02604,44.43049],[9.02699,44.43054],[9.02752,44.43043],[9.02792,44.43062],[9.02838,44.43062],[9.02871,44.43042],[9.03022,44.43035],[9.03098,44.43104],[9.03139,44.43162],[9.03233,44.43221],[9.03271,44.43251],[9.03331,44.43231],[9.03376,44.43263],[9.03462,44.43296],[9.03445,44.43326],[9.03471,44.43336],[9.03429,44.43405],[9.0345,44.43479],[9.03404,44.43557],[9.03354,44.43712],[9.03335,44.43756],[9.03294,44.43822],[9.03321,44.43883],[9.03328,44.43961],[9.03343,44.44005],[9.03333,44.44108],[9.03334,44.44215],[9.0335,44.44246],[9.03349,44.44294],[9.0333,44.44337],[9.03366,44.44338],[9.03405,44.4436],[9.03414,44.44288],[9.03459,44.44269],[9.03534,44.44265],[9.03638,44.44273],[9.03694,44.44271],[9.03776,44.44297],[9.03845,44.44344],[9.03873,44.44353],[9.03975,44.44419],[9.03998,44.44445],[9.04031,44.44458],[9.04069,44.44488],[9.04026,44.44542],[9.03946,44.44554],[9.03838,44.4467],[9.03821,44.44733],[9.03831,44.44791],[9.03831,44.44845],[9.03803,44.44879],[9.03783,44.44962],[9.03766,44.44988],[9.03732,44.45],[9.03689,44.44989],[9.03649,44.44961],[9.03602,44.44947],[9.03535,44.44951],[9.03464,44.44969],[9.03397,44.45],[9.03351,44.45043],[9.03324,44.45129],[9.03345,44.45138],[9.03326,44.45135],[9.03301,44.45181],[9.03232,44.45195],[9.03193,44.45174],[9.03135,44.45089],[9.03103,44.4506],[9.03064,44.45041],[9.03028,44.4504],[9.02978,44.45054],[9.0284,44.45146],[9.02814,44.45137],[9.02734,44.45016],[9.02696,44.44992],[9.02661,44.44991],[9.02627,44.45048],[9.02583,44.45094],[9.02538,44.45108],[9.0249,44.45088],[9.02436,44.45028],[9.02402,44.44969],[9.02371,44.44936],[9.02306,44.44906],[9.0217,44.4489],[9.02072,44.44889],[9.01972,44.44934],[9.01916,44.44948],[9.01813,44.44936],[9.01806,44.44891],[9.01815,44.44849],[9.01836,44.44825],[9.01865,44.44827],[9.01935,44.4479],[9.02001,44.44744],[9.01948,44.44747],[9.01911,44.44698],[9.01777,44.44664],[9.01745,44.4468],[9.01724,44.44653],[9.01714,44.44588],[9.01692,44.44585],[9.01656,44.44613],[9.01657,44.44653],[9.01585,44.44689],[9.01522,44.4469],[9.01511,44.44665],[9.01551,44.44646],[9.01505,44.44619],[9.01536,44.44565],[9.01516,44.44518],[9.0155,44.44463],[9.01518,44.44425],[9.01472,44.44387],[9.0147,44.44368],[9.01416,44.44345],[9.01417,44.44309],[9.01357,44.4427],[9.01373,44.44254],[9.01319,44.44224],[9.01295,44.44253],[9.01251,44.44252],[9.01259,44.44192],[9.01229,44.44191],[9.01159,44.44116],[9.01022,44.44158],[9.00999,44.44134],[9.00943,44.44148],[9.00966,44.44225],[9.0094,44.44229],[9.00883,44.44195],[9.0081,44.44192],[9.00824,44.44158],[9.00729,44.44096],[9.00706,44.44111],[9.00667,44.44098],[9.00666,44.44054],[9.00627,44.44027],[9.00536,44.44062],[9.00512,44.44088],[9.00412,44.44144],[9.00383,44.44143],[9.00345,44.44182],[9.00288,44.44218],[9.00189,44.44189],[9.00134,44.44131],[9.00108,44.44164],[9.00036,44.44178],[8.99988,44.44171],[8.99894,44.44242]]]},"properties":{"zona":"D02","linkzona":"GE00003326","fascia":"D","fascia_label":"Periferica","descr":"BAVARI AAB.M (V.MONTELUNGO-V.ALLA CHIESA DI S.GIORGIO DI BAVARI-V.GIOVA...","semestre":"2025-S2","loc_min":4.8,"loc_max":7.1,"loc_mid":5.95,"sup":"L","tipologia":"Abitazioni di tipo economico","stato":"NORMALE","trend":-1.7,"trend_from":"2023-S2"}},{"type":"Feature","geometry":{"type":"Polygon","coordinates":[[[8.82659,44.422],[8.82649,44.42033],[8.8284,44.41857],[8.82852,44.41863],[8.82672,44.4203],[8.82706,44.42051],[8.82724,44.42394],[8.82837,44.42397],[8.82869,44.42299],[8.82884,44.42234],[8.82915,44.42239],[8.82863,44.42397],[8.82879,44.4242],[8.83013,44.4242],[8.83082,44.42195],[8.83119,44.42201],[8.83091,44.42292],[8.83067,44.42349],[8.83234,44.4235],[8.83257,44.42279],[8.8326,44.42245],[8.83282,44.4217],[8.83319,44.42176],[8.83287,44.42281],[8.83261,44.42345],[8.83367,44.42397],[8.83439,44.42398],[8.83466,44.42314],[8.83462,44.42297],[8.83493,44.42197],[8.83529,44.42203],[8.83499,44.42303],[8.8349,44.42306],[8.83464,44.42398],[8.83576,44.42398],[8.83663,44.42364],[8.8375,44.42349],[8.83782,44.42332],[8.83864,44.42319],[8.83848,44.42293],[8.83737,44.42282],[8.83755,44.42207],[8.83781,44.42177],[8.8379,44.42145],[8.8377,44.42097],[8.83787,44.42034],[8.83781,44.42017],[8.83911,44.41872],[8.84064,44.41832],[8.8441,44.41814],[8.84537,44.41841],[8.84904,44.4186],[8.85029,44.41875],[8.85075,44.41874],[8.85043,44.41841],[8.84949,44.41828],[8.84834,44.41822],[8.8485,44.4179],[8.84662,44.41734],[8.84473,44.41668],[8.84372,44.41626],[8.84217,44.4154],[8.84105,44.41524],[8.84006,44.41545],[8.8409,44.41765],[8.84059,44.41739],[8.83976,44.41522],[8.8375,44.41565],[8.83814,44.41739],[8.83784,44.41712],[8.83722,44.41552],[8.83492,44.41597],[8.83459,44.41548],[8.82313,44.41773],[8.82291,44.41771],[8.82184,44.41495],[8.81728,44.41396],[8.81693,44.41353],[8.86042,44.40501],[8.86112,44.40724],[8.86181,44.40907],[8.85631,44.41015],[8.85605,44.41028],[8.85431,44.4122],[8.854,44.41251],[8.85518,44.41622],[8.8546,44.41645],[8.85404,44.41697],[8.85377,44.41812],[8.85496,44.41879],[8.85516,44.41911],[8.85776,44.41838],[8.85791,44.41804],[8.85774,44.41762],[8.85706,44.41765],[8.85706,44.41751],[8.85863,44.41739],[8.85936,44.41719],[8.85972,44.4167],[8.86043,44.41606],[8.86157,44.41546],[8.86192,44.41549],[8.86207,44.41594],[8.86175,44.41621],[8.86234,44.41709],[8.86246,44.41741],[8.86339,44.4184],[8.86383,44.41851],[8.86426,44.41881],[8.8645,44.41924],[8.86411,44.41923],[8.86397,44.41904],[8.86277,44.4193],[8.86258,44.41948],[8.86281,44.42021],[8.86316,44.42058],[8.86302,44.4214],[8.86337,44.42176],[8.86334,44.42264],[8.86252,44.42282],[8.86239,44.42319],[8.86244,44.42355],[8.86265,44.42376],[8.86243,44.42427],[8.86254,44.42464],[8.86244,44.4249],[8.86185,44.4252],[8.86192,44.42578],[8.8624,44.42628],[8.86239,44.42659],[8.86268,44.42689],[8.86301,44.42675],[8.86326,44.42701],[8.86356,44.42648],[8.86453,44.42585],[8.86481,44.42651],[8.86535,44.4267],[8.86558,44.42657],[8.86624,44.42652],[8.86558,44.42695],[8.86536,44.42724],[8.86467,44.42769],[8.86429,44.42803],[8.86365,44.42763],[8.86264,44.42737],[8.86193,44.4269],[8.86117,44.42725],[8.86105,44.42744],[8.85979,44.42808],[8.85936,44.42823],[8.85871,44.42828],[8.85821,44.42857],[8.85801,44.42893],[8.85833,44.42917],[8.85874,44.42965],[8.85928,44.42977],[8.85953,44.43015],[8.86011,44.43076],[8.86036,44.43091],[8.86093,44.43089],[8.86122,44.43117],[8.8621,44.43171],[8.86278,44.4322],[8.86386,44.43274],[8.86483,44.43286],[8.86522,44.43326],[8.8661,44.43329],[8.86636,44.43371],[8.86645,44.43412],[8.86622,44.43449],[8.86595,44.43463],[8.86593,44.43487],[8.86591,44.43504],[8.86476,44.435],[8.86423,44.4349],[8.86368,44.43468],[8.86277,44.43467],[8.86206,44.43449],[8.86044,44.43454],[8.85947,44.43474],[8.85863,44.43508],[8.85761,44.4354],[8.85613,44.43569],[8.85536,44.43561],[8.85539,44.43534],[8.85503,44.43483],[8.85453,44.4349],[8.85471,44.43523],[8.8543,44.43536],[8.85377,44.43537],[8.8512,44.43462],[8.85065,44.43458],[8.84976,44.43438],[8.84936,44.43443],[8.84879,44.43433],[8.84769,44.43433],[8.84616,44.43385],[8.84487,44.43354],[8.84383,44.43337],[8.84348,44.43345],[8.84342,44.43372],[8.84366,44.43401],[8.84392,44.43479],[8.84351,44.43543],[8.84367,44.43574],[8.84374,44.4363],[8.84329,44.43662],[8.84287,44.43733],[8.84297,44.43785],[8.84259,44.43901],[8.8429,44.44037],[8.84293,44.44078],[8.84308,44.44119],[8.84356,44.44177],[8.84353,44.44229],[8.84386,44.4425],[8.84405,44.4428],[8.84326,44.44277],[8.84271,44.44242],[8.84254,44.44243],[8.84189,44.44204],[8.84188,44.44134],[8.84149,44.44137],[8.84099,44.44194],[8.84072,44.44208],[8.84032,44.44167],[8.83984,44.4414],[8.8389,44.4411],[8.8386,44.44093],[8.8383,44.44105],[8.8375,44.44094],[8.83694,44.44067],[8.83674,44.44071],[8.83631,44.44036],[8.83711,44.44014],[8.83698,44.43985],[8.83806,44.43899],[8.83776,44.43858],[8.83779,44.43818],[8.837,44.43804],[8.83693,44.43773],[8.8363,44.43758],[8.83585,44.43785],[8.83557,44.43753],[8.83493,44.43738],[8.83505,44.43713],[8.8349,44.43692],[8.8336,44.43649],[8.83339,44.4362],[8.83354,44.43581],[8.83343,44.43523],[8.83364,44.43508],[8.83375,44.43452],[8.83414,44.43379],[8.8349,44.43396],[8.83493,44.43417],[8.8354,44.43428],[8.83562,44.43411],[8.83631,44.4343],[8.8361,44.43393],[8.83576,44.43396],[8.83529,44.43383],[8.83529,44.43285],[8.83413,44.43278],[8.83289,44.43296],[8.8328,44.43247],[8.83299,44.43222],[8.83291,44.43156],[8.83307,44.43122],[8.83316,44.43057],[8.83343,44.43041],[8.83353,44.43006],[8.83334,44.42972],[8.83282,44.42945],[8.83299,44.42919],[8.83279,44.4289],[8.83304,44.42852],[8.83339,44.42834],[8.83343,44.42797],[8.83361,44.42761],[8.83415,44.42755],[8.83443,44.42715],[8.83486,44.42635],[8.83491,44.42604],[8.83479,44.42482],[8.83261,44.42517],[8.82892,44.42572],[8.82773,44.42581],[8.82703,44.42579],[8.82699,44.42506],[8.82673,44.42445],[8.82659,44.422]]]},"properties":{"zona":"D43","linkzona":"GE00003398","fascia":"D","fascia_label":"Periferica","descr":"SESTRI PONENTE TU.A. (V.SESTRI-V.MENOTTI-V.PUCCINI-V.MERANO-V.SIFFREDI-...","semestre":"2025-S2","loc_min":5.4,"loc_max":8.0,"loc_mid":6.7,"sale_min":1250.0,"sale_max":1850.0,"sup":"L","tipologia":"Abitazioni civili","stato":"NORMALE","trend":1.5,"trend_from":"2023-S2"}},{"type":"Feature","geometry":{"type":"MultiPolygon","coordinates":[[[[8.79641,44.43001],[8.79618,44.43038],[8.796,44.43101],[8.79583,44.43136],[8.79551,44.43165],[8.79546,44.43214],[8.79496,44.43237],[8.79386,44.43238],[8.79369,44.43219],[8.79327,44.43222],[8.79325,44.43244],[8.79274,44.43237],[8.7921,44.43194],[8.79245,44.43186],[8.79262,44.43141],[8.79269,44.43056],[8.79234,44.43043],[8.79236,44.42951],[8.79385,44.42953],[8.79432,44.42945],[8.79452,44.42897],[8.79545,44.42902],[8.79631,44.42977],[8.79641,44.43001]]],[[[8.79222,44.42908],[8.79274,44.42901],[8.79297,44.42924],[8.79234,44.4294],[8.79222,44.42908]]]]},"properties":{"zona":"D39","linkzona":"GE00003390","fascia":"D","fascia_label":"Periferica","descr":"LAVATRICI TU.B. (V.CESARE PAVESE-V.ELIO VITTORINI)","semestre":"2025-S2","loc_min":3.2,"loc_max":4.7,"loc_mid":3.95,"sup":"L","tipologia":"Abitazioni di tipo economico","stato":"NORMALE","trend":0.0,"trend_from":"2023-S2"}},{"type":"Feature","geometry":{"type":"Polygon","coordinates":[[[9.01159,44.41638],[9.01151,44.4161],[9.01174,44.41578],[9.01183,44.41516],[9.01161,44.41502],[9.01154,44.41473],[9.0111,44.41496],[9.01033,44.41516],[9.00999,44.41514],[9.00954,44.41557],[9.00846,44.41515],[9.00765,44.41532],[9.00649,44.41494],[9.00678,44.41458],[9.00633,44.41428],[9.00589,44.41414],[9.00503,44.41459],[9.00434,44.41462],[9.00351,44.41428],[9.00337,44.41453],[9.00298,44.41461],[9.00192,44.41534],[9.00143,44.4153],[9.00063,44.41477],[8.99885,44.41427],[8.99844,44.41431],[8.9981,44.41411],[8.99773,44.41351],[8.99834,44.41293],[8.99796,44.41215],[8.99742,44.41232],[8.99739,44.41266],[8.99699,44.41259],[8.99662,44.41226],[8.99591,44.41218],[8.99575,44.41192],[8.99547,44.41189],[8.99557,44.41115],[8.9961,44.41072],[8.99644,44.41057],[8.99719,44.41005],[8.99739,44.41036],[8.99836,44.40986],[8.99906,44.41009],[8.9996,44.40971],[8.99978,44.40995],[9.00042,44.40962],[9.00128,44.40961],[9.00159,44.40975],[9.00216,44.40977],[9.00273,44.4096],[9.00327,44.40955],[9.00379,44.40974],[9.00434,44.4096],[9.00463,44.40987],[9.00508,44.40978],[9.00574,44.40988],[9.0057,44.40969],[9.00741,44.40953],[9.00799,44.40958],[9.00864,44.40951],[9.00943,44.40954],[9.00997,44.40942],[9.01105,44.40947],[9.01206,44.4091],[9.01284,44.40894],[9.01222,44.40856],[9.01133,44.40781],[9.0103,44.40681],[9.01065,44.40672],[9.01103,44.40638],[9.01139,44.40565],[9.01146,44.40536],[9.0117,44.40514],[9.01072,44.40443],[9.01024,44.40378],[9.00979,44.4034],[9.00916,44.40356],[9.00882,44.40288],[9.00832,44.40259],[9.00748,44.40193],[9.00629,44.40151],[9.00577,44.40145],[9.00528,44.40094],[9.00489,44.401],[9.00402,44.40132],[9.00384,44.40104],[9.00342,44.40067],[9.0041,44.40025],[9.00439,44.40028],[9.00436,44.39991],[9.00491,44.39975],[9.00489,44.39939],[9.00507,44.39931],[9.00584,44.39861],[9.00749,44.39685],[9.00787,44.39659],[9.00777,44.39641],[9.00794,44.39613],[9.00898,44.39582],[9.00948,44.39549],[9.00988,44.39559],[9.01062,44.39544],[9.01135,44.39538],[9.01084,44.395],[9.01081,44.3948],[9.01118,44.39427],[9.01159,44.39398],[9.01232,44.39438],[9.01251,44.39455],[9.01272,44.39511],[9.01295,44.3953],[9.01475,44.3952],[9.01503,44.39504],[9.01599,44.39489],[9.01593,44.39474],[9.01664,44.39445],[9.01722,44.39527],[9.01804,44.39574],[9.01749,44.39455],[9.0172,44.39423],[9.01748,44.39412],[9.01817,44.39472],[9.01867,44.39448],[9.01914,44.3946],[9.01936,44.39419],[9.02,44.3942],[9.01986,44.39381],[9.0196,44.39364],[9.01926,44.39287],[9.01887,44.39254],[9.0175,44.39169],[9.01788,44.39103],[9.01746,44.39086],[9.01704,44.39055],[9.01686,44.39001],[9.01743,44.39016],[9.01783,44.39011],[9.01852,44.38982],[9.01879,44.38983],[9.01957,44.38951],[9.02001,44.38923],[9.02084,44.38906],[9.02186,44.38895],[9.02253,44.38879],[9.0224,44.38859],[9.02322,44.38809],[9.02323,44.38773],[9.02389,44.38744],[9.02369,44.38714],[9.02433,44.38714],[9.02485,44.38729],[9.02528,44.38728],[9.02527,44.38754],[9.02567,44.3875],[9.02618,44.38785],[9.02645,44.38834],[9.02685,44.38982],[9.02721,44.3907],[9.02584,44.39079],[9.02567,44.39089],[9.02669,44.39155],[9.0271,44.39152],[9.02725,44.39178],[9.02746,44.39282],[9.02879,44.39441],[9.02921,44.39456],[9.02999,44.39522],[9.03048,44.39548],[9.03113,44.39562],[9.03142,44.39577],[9.03169,44.3966],[9.03266,44.39728],[9.03326,44.39727],[9.03452,44.39701],[9.03533,44.39673],[9.0358,44.39691],[9.03635,44.39726],[9.03722,44.39745],[9.03743,44.39809],[9.03739,44.39858],[9.03707,44.39919],[9.03653,44.39946],[9.03599,44.39994],[9.03648,44.39988],[9.03816,44.39951],[9.03879,44.39912],[9.03907,44.39873],[9.03949,44.39848],[9.03984,44.398],[9.03992,44.3976],[9.0402,44.39706],[9.04079,44.39632],[9.04074,44.39603],[9.04046,44.39572],[9.0401,44.3955],[9.03987,44.39512],[9.03998,44.39467],[9.04068,44.39364],[9.04101,44.39333],[9.04093,44.39295],[9.04123,44.3926],[9.04186,44.39245],[9.04214,44.39212],[9.04256,44.392],[9.04296,44.3921],[9.04307,44.39229],[9.04267,44.39296],[9.04278,44.39315],[9.0432,44.39331],[9.04345,44.3938],[9.04326,44.39421],[9.04358,44.39432],[9.04414,44.39428],[9.04451,44.39439],[9.04487,44.39491],[9.04544,44.39501],[9.04615,44.39481],[9.04684,44.39557],[9.04733,44.39566],[9.04743,44.39541],[9.04827,44.39461],[9.04849,44.39427],[9.04856,44.39386],[9.04888,44.39351],[9.04899,44.3931],[9.05007,44.39211],[9.05034,44.39161],[9.04995,44.39153],[9.04898,44.39092],[9.04893,44.39081],[9.04669,44.38934],[9.04576,44.38897],[9.04533,44.38817],[9.04564,44.38817],[9.047,44.38848],[9.04779,44.38856],[9.05032,44.38903],[9.05184,44.38934],[9.05198,44.38942],[9.0528,44.38944],[9.05357,44.38956],[9.05437,44.38959],[9.0548,44.38948],[9.05554,44.38946],[9.05583,44.39001],[9.05646,44.38961],[9.05722,44.38997],[9.05755,44.38977],[9.05818,44.39001],[9.05891,44.39068],[9.05944,44.39081],[9.05914,44.39016],[9.05862,44.38977],[9.05848,44.38938],[9.05872,44.38929],[9.05892,44.38892],[9.05925,44.3888],[9.05954,44.38942],[9.05903,44.38978],[9.05968,44.39019],[9.06004,44.39028],[9.06044,44.3902],[9.06141,44.38983],[9.0624,44.39013],[9.06305,44.39022],[9.06351,44.39042],[9.06379,44.39072],[9.0643,44.39022],[9.06402,44.38987],[9.06329,44.38948],[9.06258,44.38934],[9.06348,44.38904],[9.0636,44.3887],[9.06383,44.3887],[9.06439,44.38894],[9.06563,44.38887],[9.06648,44.38868],[9.06653,44.38896],[9.06694,44.3888],[9.06699,44.38841],[9.06706,44.38912],[9.06702,44.38957],[9.06659,44.3904],[9.06594,44.39124],[9.06637,44.39121],[9.06682,44.39132],[9.06738,44.39122],[9.06815,44.39127],[9.06857,44.39172],[9.06829,44.39247],[9.0685,44.39369],[9.06928,44.39417],[9.07008,44.39478],[9.07032,44.39531],[9.07084,44.39545],[9.07137,44.39573],[9.07163,44.39607],[9.07215,44.39618],[9.07287,44.39652],[9.07359,44.39638],[9.07431,44.39643],[9.07493,44.39616],[9.07565,44.39623],[9.07629,44.39675],[9.07648,44.39712],[9.07691,44.39757],[9.07667,44.39818],[9.07677,44.39838],[9.07652,44.39917],[9.07634,44.39999],[9.07651,44.40035],[9.0771,44.40053],[9.07739,44.40128],[9.07742,44.40162],[9.0782,44.40219],[9.08025,44.4013],[9.0804,44.4013],[9.08122,44.40188],[9.08137,44.40205],[9.08148,44.40254],[9.08173,44.40289],[9.08221,44.40297],[9.0827,44.40318],[9.0832,44.40405],[9.08457,44.40407],[9.08442,44.40454],[9.08394,44.4054],[9.08439,44.40585],[9.08496,44.40609],[9.0855,44.40613],[9.08626,44.40647],[9.08633,44.40735],[9.08707,44.40748],[9.0868,44.40827],[9.08667,44.409],[9.08756,44.40892],[9.0877,44.40978],[9.08773,44.41037],[9.08809,44.4103],[9.08817,44.40962],[9.08845,44.40887],[9.08911,44.40883],[9.08925,44.40947],[9.08934,44.41046],[9.0895,44.41044],[9.09034,44.40984],[9.09042,44.41032],[9.09113,44.40977],[9.09187,44.40934],[9.09212,44.40943],[9.09198,44.40991],[9.09272,44.40982],[9.09297,44.41012],[9.0933,44.40966],[9.09386,44.40834],[9.09376,44.40811],[9.09403,44.40748],[9.09511,44.40764],[9.09566,44.40885],[9.0953,44.40954],[9.09525,44.40983],[9.09483,44.41044],[9.09478,44.41099],[9.09442,44.41155],[9.09376,44.41195],[9.09325,44.41182],[9.09282,44.41195],[9.09215,44.41231],[9.09148,44.41213],[9.09103,44.41219],[9.08979,44.412],[9.08896,44.41227],[9.08835,44.41272],[9.08691,44.41278],[9.08659,44.41309],[9.08462,44.41343],[9.08438,44.41342],[9.08387,44.41393],[9.08255,44.414],[9.08182,44.41434],[9.08137,44.4143],[9.08052,44.41452],[9.08002,44.41436],[9.07945,44.41434],[9.07818,44.4147],[9.07735,44.41453],[9.07596,44.41481],[9.07548,44.41505],[9.07434,44.41527],[9.07372,44.41531],[9.07321,44.41581],[9.07147,44.41685],[9.07117,44.41741],[9.07011,44.41778],[9.06985,44.41812],[9.06802,44.41871],[9.06691,44.41925],[9.06625,44.41972],[9.06509,44.41988],[9.06493,44.42065],[9.06458,44.42076],[9.06388,44.4207],[9.0633,44.42077],[9.06282,44.42128],[9.06279,44.42164],[9.06305,44.42204],[9.06249,44.42338],[9.06205,44.42385],[9.06094,44.42442],[9.05995,44.42475],[9.05957,44.425],[9.05932,44.42554],[9.05907,44.42571],[9.05912,44.42604],[9.05869,44.42655],[9.05908,44.42715],[9.05899,44.42791],[9.0581,44.42869],[9.05767,44.42927],[9.05751,44.43016],[9.05735,44.43069],[9.05695,44.43109],[9.05585,44.43115],[9.05556,44.43125],[9.05501,44.43173],[9.05501,44.4324],[9.05472,44.4329],[9.05383,44.433],[9.05358,44.43314],[9.05351,44.43352],[9.05316,44.43385],[9.05282,44.43476],[9.05304,44.43532],[9.05297,44.43612],[9.05259,44.43652],[9.05154,44.43692],[9.05128,44.4371],[9.05102,44.43768],[9.05085,44.43835],[9.05043,44.43885],[9.05039,44.43954],[9.05029,44.43975],[9.04967,44.43984],[9.04896,44.43936],[9.04843,44.43981],[9.04834,44.44067],[9.04784,44.44103],[9.04666,44.44122],[9.04525,44.44129],[9.04445,44.44153],[9.04395,44.44178],[9.04284,44.44215],[9.04221,44.44259],[9.04223,44.44299],[9.0424,44.44335],[9.04243,44.44383],[9.04176,44.44413],[9.04126,44.4442],[9.04069,44.44488],[9.04031,44.44458],[9.03998,44.44445],[9.03975,44.44419],[9.03873,44.44353],[9.03845,44.44344],[9.03776,44.44297],[9.03694,44.44271],[9.03638,44.44273],[9.03534,44.44265],[9.03459,44.44269],[9.03414,44.44288],[9.03405,44.4436],[9.03366,44.44338],[9.0333,44.44337],[9.03349,44.44294],[9.0335,44.44246],[9.03334,44.44215],[9.03333,44.44108],[9.03343,44.44005],[9.03328,44.43961],[9.03321,44.43883],[9.03294,44.43822],[9.03335,44.43756],[9.03354,44.43712],[9.03404,44.43557],[9.0345,44.43479],[9.03429,44.43405],[9.03471,44.43336],[9.03445,44.43326],[9.03462,44.43296],[9.03376,44.43263],[9.03331,44.43231],[9.03271,44.43251],[9.03233,44.43221],[9.03139,44.43162],[9.03098,44.43104],[9.03022,44.43035],[9.02871,44.43042],[9.02838,44.43062],[9.02792,44.43062],[9.02752,44.43043],[9.02699,44.43054],[9.02604,44.43049],[9.0255,44.43032],[9.02493,44.43029],[9.02473,44.43017],[9.02446,44.42967],[9.02296,44.42905],[9.02288,44.42857],[9.02259,44.42841],[9.02185,44.42834],[9.02121,44.4278],[9.02042,44.42749],[9.01978,44.42743],[9.01949,44.42716],[9.01948,44.42674],[9.01896,44.42623],[9.01808,44.42611],[9.01779,44.42583],[9.01779,44.42547],[9.01763,44.42503],[9.01773,44.42488],[9.017,44.42433],[9.01725,44.42419],[9.01697,44.42369],[9.01663,44.42371],[9.01629,44.42341],[9.01631,44.4231],[9.01601,44.42228],[9.01626,44.42203],[9.01576,44.42152],[9.01631,44.42098],[9.01589,44.42047],[9.01616,44.41958],[9.0165,44.4196],[9.01669,44.41938],[9.01592,44.41912],[9.01632,44.41885],[9.01618,44.41858],[9.01564,44.41871],[9.01559,44.41854],[9.01572,44.41778],[9.01465,44.4179],[9.01436,44.41813],[9.01402,44.41777],[9.01369,44.41782],[9.01368,44.4175],[9.01317,44.41739],[9.01292,44.41756],[9.0127,44.41808],[9.01206,44.41836],[9.01162,44.41823],[9.01166,44.41736],[9.01147,44.41696],[9.01159,44.41638]],[[9.00875,44.39597],[9.00799,44.39619],[9.00796,44.39652],[9.00875,44.39597]]]},"properties":{"zona":"R2","linkzona":"GE00003365","fascia":"R","fascia_label":"Extraurbana","descr":"MONTE FASCE - PRATI DI BAVARI AAB.A (STRADA PROVINCIALE PANORAMICA DEL ...","semestre":"2025-S2","loc_min":4.6,"loc_max":6.5,"loc_mid":5.55,"sale_min":1350.0,"sale_max":2000.0,"sup":"L","tipologia":"Abitazioni civili","stato":"NORMALE","trend":0.0,"trend_from":"2023-S2"}},{"type":"Feature","geometry":{"type":"Polygon","coordinates":[[[8.90159,44.47307],[8.901,44.47384],[8.9001,44.47503],[8.89993,44.47548],[8.90056,44.47704],[8.90057,44.47721],[8.8977,44.47759],[8.8972,44.47803],[8.89697,44.4781],[8.89666,44.47789],[8.89607,44.47777],[8.89534,44.47778],[8.89474,44.47786],[8.89422,44.47758],[8.89399,44.47708],[8.89352,44.47698],[8.89309,44.47659],[8.89328,44.47633],[8.89284,44.47605],[8.89287,44.47585],[8.89266,44.47504],[8.89185,44.47488],[8.8921,44.47451],[8.89197,44.47394],[8.89202,44.47357],[8.89194,44.47256],[8.89212,44.47235],[8.89259,44.47231],[8.89322,44.47236],[8.89394,44.47228],[8.89455,44.47208],[8.89553,44.47148],[8.89663,44.47039],[8.8987,44.46936],[8.89885,44.46888],[8.89905,44.46743],[8.89923,44.46654],[8.90067,44.46579],[8.90121,44.46642],[8.90163,44.46659],[8.90185,44.46763],[8.90177,44.46771],[8.90206,44.46918],[8.90215,44.46984],[8.90215,44.47076],[8.90207,44.47161],[8.90182,44.47269],[8.90159,44.47307]]]},"properties":{"zona":"D31","linkzona":"GE00003378","fascia":"D","fascia_label":"Periferica","descr":"S.BIAGIO TU.A. (V.ROMAIRONE-LARGO GANDOLFO)","semestre":"2025-S2","loc_min":5.9,"loc_max":8.7,"loc_mid":7.3,"sale_min":1400.0,"sale_max":2050.0,"sup":"L","tipologia":"Abitazioni civili","stato":"NORMALE","trend":0.0,"trend_from":"2023-S2"}},{"type":"Feature","geometry":{"type":"Polygon","coordinates":[[[8.89398,44.46606],[8.89329,44.466],[8.89354,44.46642],[8.89386,44.46634],[8.89418,44.46674],[8.89469,44.46695],[8.89426,44.46717],[8.89387,44.4675],[8.89413,44.46768],[8.89409,44.46791],[8.89377,44.468],[8.8934,44.46838],[8.89357,44.4686],[8.89342,44.46903],[8.89386,44.46934],[8.89323,44.46968],[8.89297,44.47024],[8.89305,44.47082],[8.89278,44.47123],[8.89259,44.47231],[8.89212,44.47235],[8.89194,44.47256],[8.89202,44.47357],[8.89197,44.47394],[8.8921,44.47451],[8.89185,44.47488],[8.89139,44.47503],[8.89103,44.47494],[8.8906,44.47461],[8.89034,44.4739],[8.88963,44.47339],[8.88924,44.47324],[8.88816,44.47263],[8.88717,44.47268],[8.88511,44.47257],[8.88454,44.47275],[8.88446,44.47322],[8.88386,44.47343],[8.88329,44.4733],[8.88294,44.47359],[8.88307,44.47414],[8.88256,44.47409],[8.88175,44.47449],[8.88114,44.47449],[8.88093,44.47433],[8.88022,44.4743],[8.88033,44.47484],[8.87994,44.4749],[8.87921,44.47395],[8.87904,44.47335],[8.87926,44.47283],[8.87908,44.47254],[8.87864,44.4723],[8.87816,44.47185],[8.87731,44.4717],[8.8769,44.47144],[8.87691,44.4712],[8.87737,44.47087],[8.87795,44.4706],[8.8783,44.47024],[8.87954,44.47005],[8.88005,44.47004],[8.88066,44.46969],[8.8812,44.46982],[8.88154,44.46977],[8.88213,44.46996],[8.88215,44.46936],[8.8817,44.46905],[8.8824,44.46846],[8.88266,44.46815],[8.88258,44.46793],[8.88201,44.46719],[8.8812,44.46669],[8.88131,44.46652],[8.88115,44.46575],[8.88126,44.46531],[8.88164,44.46496],[8.88221,44.46503],[8.88276,44.46526],[8.88344,44.4653],[8.88351,44.46486],[8.88347,44.46402],[8.88324,44.46361],[8.88334,44.46333],[8.88299,44.46259],[8.88345,44.46231],[8.88381,44.46179],[8.884,44.46177],[8.88425,44.46138],[8.88489,44.46099],[8.88468,44.46063],[8.88515,44.46035],[8.88525,44.46002],[8.88497,44.4598],[8.88524,44.45957],[8.88563,44.45871],[8.88621,44.45773],[8.88664,44.45718],[8.88705,44.45664],[8.88813,44.45599],[8.88899,44.45536],[8.88939,44.45482],[8.88961,44.45388],[8.89098,44.45283],[8.89226,44.45159],[8.89275,44.45127],[8.89315,44.45172],[8.89447,44.45294],[8.89727,44.45547],[8.89842,44.45648],[8.89879,44.45686],[8.89947,44.45788],[8.8997,44.45834],[8.8989,44.45852],[8.89849,44.45896],[8.8982,44.45946],[8.8977,44.45937],[8.89721,44.4596],[8.89755,44.45993],[8.89726,44.46005],[8.89606,44.46026],[8.89561,44.46046],[8.89548,44.46074],[8.89572,44.46127],[8.89541,44.46139],[8.89557,44.46231],[8.89538,44.46311],[8.89549,44.4633],[8.89503,44.46355],[8.8942,44.46455],[8.89425,44.46495],[8.89496,44.46545],[8.8953,44.46606],[8.89491,44.46611],[8.89398,44.46606]]]},"properties":{"zona":"D27","linkzona":"GE00003374","fascia":"D","fascia_label":"Periferica","descr":"MURTA AAB.A. (V.MAZZINI-V.DOGE DI MURTA)","semestre":"2025-S2","loc_min":4.6,"loc_max":6.8,"loc_mid":5.7,"sale_min":1150.0,"sale_max":1700.0,"sup":"L","tipologia":"Abitazioni civili","stato":"NORMALE","trend":0.0,"trend_from":"2023-S2"}},{"type":"Feature","geometry":{"type":"Polygon","coordinates":[[[8.96454,44.42483],[8.96395,44.42501],[8.96457,44.4256],[8.96491,44.42617],[8.96425,44.42629],[8.96475,44.42659],[8.96429,44.42695],[8.96415,44.4263],[8.96388,44.42583],[8.96315,44.42623],[8.96254,44.42674],[8.962,44.42666],[8.96149,44.42668],[8.96014,44.42653],[8.95966,44.42632],[8.95883,44.42611],[8.95849,44.42571],[8.95794,44.42537],[8.95741,44.4248],[8.95689,44.42464],[8.95496,44.42573],[8.95406,44.42563],[8.95391,44.4255],[8.95257,44.42504],[8.95336,44.4242],[8.95384,44.42426],[8.95391,44.42387],[8.95469,44.4239],[8.95455,44.42344],[8.95486,44.42305],[8.9553,44.42296],[8.95572,44.42274],[8.9563,44.42296],[8.95663,44.42343],[8.95728,44.42377],[8.95799,44.4238],[8.95874,44.42408],[8.9593,44.42389],[8.9599,44.42404],[8.96031,44.42382],[8.96012,44.42343],[8.95933,44.42244],[8.9593,44.42218],[8.95905,44.4218],[8.95915,44.42132],[8.9591,44.42094],[8.96013,44.42082],[8.96025,44.4212],[8.9607,44.42155],[8.96124,44.42148],[8.96208,44.42268],[8.96251,44.42191],[8.96346,44.42304],[8.96295,44.4234],[8.96313,44.42355],[8.96381,44.42309],[8.96444,44.42325],[8.9645,44.42418],[8.96442,44.42443],[8.96454,44.42483]]]},"properties":{"zona":"D15","linkzona":"GE00003347","fascia":"D","fascia_label":"Periferica","descr":"BISCIONE TU.B (V.LORIA-V.FEA)","semestre":"2025-S2","loc_min":4.0,"loc_max":5.9,"loc_mid":4.95,"sup":"L","tipologia":"Abitazioni di tipo economico","stato":"NORMALE","trend":2.1,"trend_from":"2023-S2"}},{"type":"Feature","geometry":{"type":"Polygon","coordinates":[[[8.89882,44.42732],[8.89918,44.42738],[8.89994,44.42722],[8.90022,44.42725],[8.90167,44.42713],[8.90183,44.42705],[8.90163,44.42639],[8.90136,44.42612],[8.90074,44.42579],[8.90037,44.42548],[8.9024,44.42478],[8.90251,44.4246],[8.90295,44.42454],[8.90333,44.4236],[8.90348,44.4236],[8.90366,44.42266],[8.90347,44.42262],[8.90329,44.42201],[8.90387,44.42124],[8.90404,44.42128],[8.90434,44.42072],[8.90502,44.42091],[8.90541,44.42112],[8.90566,44.42139],[8.90678,44.42187],[8.90699,44.42209],[8.90837,44.42238],[8.90828,44.42351],[8.90863,44.4243],[8.90864,44.42452],[8.90778,44.42472],[8.9066,44.42534],[8.90603,44.42593],[8.90546,44.4268],[8.90531,44.42723],[8.90536,44.42773],[8.90558,44.42813],[8.90552,44.42859],[8.90507,44.42873],[8.90638,44.4292],[8.90671,44.42947],[8.90702,44.42949],[8.90781,44.42982],[8.90945,44.4298],[8.90966,44.42991],[8.91017,44.42985],[8.91113,44.43038],[8.91153,44.43085],[8.91189,44.43101],[8.91293,44.43184],[8.91323,44.43225],[8.91344,44.43293],[8.91414,44.43363],[8.91452,44.43447],[8.91655,44.43566],[8.91669,44.43579],[8.91784,44.43647],[8.91867,44.43721],[8.9191,44.4381],[8.91893,44.43884],[8.9194,44.4389],[8.92071,44.43928],[8.92207,44.43916],[8.92293,44.43946],[8.92471,44.4398],[8.92495,44.4399],[8.92666,44.44004],[8.92688,44.43998],[8.9275,44.4402],[8.92883,44.44052],[8.9294,44.44087],[8.92978,44.44101],[8.9307,44.44151],[8.93154,44.44217],[8.93209,44.44214],[8.93217,44.44233],[8.93268,44.44272],[8.93317,44.44329],[8.93404,44.4439],[8.93473,44.44426],[8.93569,44.44445],[8.93626,44.44485],[8.9366,44.44523],[8.93743,44.44592],[8.93755,44.44612],[8.93751,44.44689],[8.93796,44.44689],[8.93831,44.44754],[8.93841,44.4484],[8.93866,44.44912],[8.93873,44.44954],[8.93943,44.45038],[8.93945,44.45079],[8.9397,44.45144],[8.93958,44.45212],[8.93898,44.45338],[8.93856,44.45409],[8.93808,44.45465],[8.93749,44.45562],[8.93634,44.45656],[8.9363,44.45677],[8.93654,44.45775],[8.93672,44.45784],[8.93721,44.4585],[8.93742,44.45906],[8.93765,44.45915],[8.93747,44.45975],[8.93571,44.45956],[8.93511,44.45972],[8.93468,44.45997],[8.93409,44.45997],[8.93331,44.46031],[8.93266,44.46046],[8.9321,44.46089],[8.93173,44.46133],[8.93143,44.46142],[8.93029,44.46076],[8.92943,44.4606],[8.92836,44.46063],[8.92725,44.46045],[8.92634,44.46057],[8.9263,44.46101],[8.92544,44.46094],[8.92426,44.46071],[8.92236,44.461],[8.9217,44.46129],[8.92176,44.46179],[8.92123,44.46175],[8.92022,44.46187],[8.91954,44.46209],[8.91886,44.46207],[8.91801,44.46182],[8.9173,44.46143],[8.91633,44.46108],[8.91597,44.4608],[8.91541,44.46062],[8.91494,44.46058],[8.91461,44.46073],[8.91482,44.46137],[8.91485,44.46179],[8.91549,44.4624],[8.91478,44.46229],[8.91436,44.46259],[8.91456,44.46309],[8.91436,44.46332],[8.91312,44.46397],[8.91295,44.46447],[8.91321,44.46479],[8.9133,44.46527],[8.91354,44.46583],[8.91403,44.4662],[8.91436,44.46655],[8.91424,44.46713],[8.91462,44.46692],[8.91557,44.46708],[8.91522,44.46738],[8.91483,44.4684],[8.91447,44.4687],[8.91382,44.46874],[8.91328,44.46862],[8.9126,44.46863],[8.91225,44.46853],[8.91198,44.46828],[8.91145,44.46852],[8.91145,44.4688],[8.911,44.46898],[8.91098,44.4694],[8.91062,44.46968],[8.90989,44.46919],[8.91008,44.46894],[8.90999,44.46856],[8.90919,44.46835],[8.90889,44.46851],[8.90841,44.46843],[8.90873,44.46782],[8.90865,44.46752],[8.90781,44.46723],[8.90743,44.4668],[8.90716,44.46678],[8.9071,44.4664],[8.90738,44.4662],[8.90724,44.46558],[8.90769,44.46525],[8.90835,44.46519],[8.9087,44.46489],[8.90872,44.46428],[8.90825,44.46341],[8.90825,44.4631],[8.90806,44.46293],[8.90741,44.46301],[8.90717,44.46255],[8.90688,44.46227],[8.90644,44.46232],[8.90569,44.46273],[8.90501,44.46278],[8.90462,44.46259],[8.90462,44.46233],[8.90492,44.46183],[8.90476,44.46167],[8.90495,44.46143],[8.90468,44.46101],[8.90549,44.46063],[8.90528,44.46003],[8.90503,44.45971],[8.90562,44.45943],[8.90594,44.45974],[8.90641,44.45965],[8.90668,44.45883],[8.90714,44.45861],[8.90809,44.45845],[8.90859,44.45796],[8.90876,44.45759],[8.9091,44.45729],[8.90946,44.45721],[8.90943,44.45688],[8.90906,44.45654],[8.90945,44.45636],[8.91053,44.45646],[8.91108,44.45626],[8.91152,44.45577],[8.91225,44.45562],[8.9126,44.45566],[8.91273,44.45497],[8.91291,44.45482],[8.91311,44.45434],[8.91344,44.454],[8.91357,44.45341],[8.91353,44.4531],[8.91324,44.45294],[8.91305,44.45236],[8.91329,44.45152],[8.91358,44.45107],[8.91381,44.45097],[8.91435,44.45115],[8.91452,44.45048],[8.91377,44.45049],[8.91352,44.45034],[8.91366,44.44989],[8.91399,44.44948],[8.91342,44.4495],[8.91227,44.44916],[8.91211,44.44881],[8.91155,44.44859],[8.91147,44.44844],[8.91189,44.448],[8.91247,44.44776],[8.91257,44.44761],[8.91339,44.44758],[8.91289,44.44701],[8.91269,44.44642],[8.91264,44.44514],[8.91197,44.44497],[8.91142,44.44492],[8.91091,44.4452],[8.91035,44.44529],[8.9096,44.44495],[8.90915,44.4452],[8.90877,44.44526],[8.90847,44.44514],[8.90781,44.44468],[8.90734,44.4448],[8.90687,44.44457],[8.90639,44.44393],[8.90553,44.4436],[8.90511,44.44318],[8.90498,44.44291],[8.90387,44.44254],[8.90346,44.44211],[8.90303,44.4415],[8.90398,44.4412],[8.90331,44.44018],[8.90301,44.44029],[8.90175,44.43873],[8.90197,44.43862],[8.90135,44.43783],[8.90096,44.43706],[8.90082,44.43662],[8.90091,44.43639],[8.90137,44.43616],[8.90099,44.43586],[8.90056,44.43601],[8.90039,44.43563],[8.90076,44.43537],[8.901,44.43549],[8.90123,44.43516],[8.90065,44.43522],[8.90019,44.43535],[8.89995,44.4353],[8.89945,44.43466],[8.89971,44.43418],[8.89972,44.43386],[8.89894,44.43321],[8.89972,44.43294],[8.8993,44.43264],[8.89927,44.43179],[8.89952,44.43177],[8.89916,44.43081],[8.89994,44.43039],[8.90052,44.42994],[8.89986,44.42908],[8.8995,44.42889],[8.89916,44.42856],[8.89883,44.42754],[8.89882,44.42732]]]},"properties":{"zona":"E1","linkzona":"GE00003380","fascia":"E","fascia_label":"Suburbana","descr":"BEGATO PAESE-GEMINIANO-FRAGOSO AAB.M. (LOC.BRASILE-LOC.GARBO-V.N.CAMBIASO...","semestre":"2025-S2","loc_min":4.4,"loc_max":6.2,"loc_mid":5.3,"sale_min":1150.0,"sale_max":1700.0,"sup":"L","tipologia":"Abitazioni civili","stato":"NORMALE","trend":-0.0,"trend_from":"2023-S2"}},{"type":"Feature","geometry":{"type":"Polygon","coordinates":[[[8.8797,44.41552],[8.87794,44.41592],[8.87653,44.41624],[8.87633,44.41576],[8.87473,44.41592],[8.87468,44.41548],[8.87441,44.41497],[8.87392,44.41503],[8.87392,44.41479],[8.87439,44.41478],[8.87419,44.41414],[8.87374,44.41414],[8.87372,44.41362],[8.87347,44.41338],[8.87206,44.41343],[8.8711,44.41353],[8.87004,44.4137],[8.86765,44.4143],[8.86661,44.41453],[8.86364,44.41498],[8.86249,44.41517],[8.86157,44.41546],[8.86043,44.41606],[8.85972,44.4167],[8.85936,44.41719],[8.85863,44.41739],[8.85706,44.41751],[8.85706,44.41765],[8.85774,44.41762],[8.85791,44.41804],[8.85776,44.41838],[8.85516,44.41911],[8.85496,44.41879],[8.85377,44.41812],[8.85404,44.41697],[8.8546,44.41645],[8.85518,44.41622],[8.854,44.41251],[8.85431,44.4122],[8.85605,44.41028],[8.85631,44.41015],[8.86181,44.40907],[8.86112,44.40724],[8.86042,44.40501],[8.87004,44.40313],[8.88061,44.3996],[8.88047,44.39983],[8.87014,44.40328],[8.8698,44.40331],[8.86665,44.40394],[8.8677,44.40595],[8.87138,44.40526],[8.8749,44.40916],[8.87609,44.40893],[8.87722,44.41161],[8.87738,44.41235],[8.87789,44.41316],[8.87839,44.41393],[8.87851,44.414],[8.87938,44.41496],[8.8797,44.41552]]]},"properties":{"zona":"D46","linkzona":"GE00003401","fascia":"D","fascia_label":"Periferica","descr":"CORNIGLIANO INDUSTRIALE - ACCIAIERIE AP.A.","semestre":"2025-S2","loc_min":3.7,"loc_max":5.4,"loc_mid":4.55,"sup":"L","tipologia":"Abitazioni di tipo economico","stato":"NORMALE","trend":2.2,"trend_from":"2023-S2"}},{"type":"Feature","geometry":{"type":"Polygon","coordinates":[[[8.97321,44.45784],[8.97266,44.45795],[8.97227,44.45788],[8.97163,44.45803],[8.9713,44.45801],[8.97075,44.45815],[8.97046,44.45797],[8.97001,44.45825],[8.96963,44.45835],[8.96886,44.4587],[8.96823,44.45953],[8.9665,44.45938],[8.96619,44.45925],[8.96595,44.45892],[8.96567,44.45883],[8.9645,44.45918],[8.96396,44.45956],[8.96351,44.45957],[8.96236,44.45926],[8.96174,44.45886],[8.96101,44.45947],[8.96012,44.46],[8.95972,44.45958],[8.9595,44.45875],[8.95975,44.4581],[8.96,44.45708],[8.96023,44.45672],[8.95999,44.45643],[8.95915,44.45577],[8.95801,44.45481],[8.95763,44.45501],[8.95694,44.45456],[8.95634,44.45432],[8.95663,44.45386],[8.95746,44.45361],[8.95814,44.45357],[8.95847,44.45313],[8.95877,44.45317],[8.96014,44.45279],[8.96044,44.45263],[8.95999,44.4521],[8.95949,44.45134],[8.95871,44.45096],[8.9572,44.45139],[8.95608,44.45182],[8.95424,44.45266],[8.95371,44.45298],[8.95297,44.45388],[8.95232,44.4539],[8.95128,44.4546],[8.95073,44.45461],[8.94999,44.45451],[8.94905,44.4543],[8.94839,44.45433],[8.94654,44.45468],[8.94576,44.45469],[8.94421,44.45436],[8.94356,44.45411],[8.94302,44.45407],[8.94294,44.45371],[8.94185,44.4538],[8.94147,44.45337],[8.94089,44.45347],[8.94071,44.45326],[8.93886,44.45365],[8.93898,44.45338],[8.93958,44.45212],[8.9397,44.45144],[8.93945,44.45079],[8.93943,44.45038],[8.93873,44.44954],[8.93866,44.44912],[8.93841,44.4484],[8.93831,44.44754],[8.93917,44.44757],[8.93941,44.44716],[8.94036,44.44666],[8.94103,44.4464],[8.94145,44.44598],[8.94253,44.44558],[8.94267,44.44503],[8.9424,44.44476],[8.94233,44.44446],[8.94261,44.4441],[8.94291,44.44403],[8.94371,44.44261],[8.94416,44.44198],[8.94403,44.4411],[8.94417,44.44088],[8.94437,44.44006],[8.94426,44.43958],[8.94397,44.43933],[8.94253,44.43905],[8.94154,44.43912],[8.94156,44.43825],[8.94145,44.43754],[8.94114,44.43668],[8.94159,44.43646],[8.94207,44.43647],[8.94265,44.43615],[8.94332,44.4359],[8.94379,44.43583],[8.94303,44.4349],[8.94249,44.43404],[8.94159,44.43411],[8.94179,44.43384],[8.94215,44.43379],[8.94221,44.43356],[8.94361,44.43302],[8.94416,44.43241],[8.94458,44.43132],[8.94493,44.43068],[8.94395,44.43041],[8.94294,44.43034],[8.94286,44.42957],[8.94324,44.42933],[8.94367,44.42921],[8.94403,44.42894],[8.94467,44.42866],[8.94587,44.42858],[8.94682,44.42827],[8.94714,44.42794],[8.94748,44.4274],[8.94739,44.42698],[8.94804,44.4269],[8.94825,44.42678],[8.94886,44.42728],[8.95,44.42786],[8.95351,44.42864],[8.95427,44.42889],[8.95514,44.42926],[8.95624,44.42995],[8.95773,44.4311],[8.95887,44.43216],[8.95946,44.43253],[8.95987,44.4329],[8.96014,44.43328],[8.96079,44.43397],[8.96104,44.4341],[8.96146,44.43456],[8.96128,44.43467],[8.96156,44.43502],[8.96203,44.43573],[8.96233,44.43593],[8.96238,44.43623],[8.96216,44.43642],[8.96223,44.43759],[8.96139,44.43797],[8.96074,44.43722],[8.96017,44.43747],[8.95976,44.43736],[8.95936,44.43704],[8.95899,44.43729],[8.95935,44.43761],[8.95926,44.43781],[8.95833,44.4372],[8.95795,44.43679],[8.95767,44.43666],[8.95686,44.4358],[8.95548,44.43626],[8.95559,44.43644],[8.95525,44.43664],[8.95525,44.43683],[8.95569,44.43698],[8.95621,44.43769],[8.95583,44.43839],[8.95601,44.4388],[8.95557,44.43924],[8.9559,44.43956],[8.95546,44.44019],[8.95502,44.44052],[8.95425,44.4414],[8.95394,44.44196],[8.95333,44.44258],[8.95332,44.44288],[8.95301,44.44375],[8.95265,44.44411],[8.95243,44.44485],[8.95273,44.44545],[8.95326,44.44547],[8.95409,44.44524],[8.95484,44.44475],[8.95534,44.44497],[8.95575,44.44525],[8.95619,44.44501],[8.95632,44.44522],[8.95705,44.44509],[8.95748,44.44489],[8.95751,44.44525],[8.95779,44.44533],[8.95829,44.44475],[8.95949,44.44522],[8.95982,44.44542],[8.95959,44.44562],[8.95899,44.44662],[8.95865,44.44692],[8.9591,44.4471],[8.96018,44.44622],[8.96097,44.4465],[8.96001,44.44707],[8.95924,44.4476],[8.9587,44.44806],[8.95941,44.44851],[8.95916,44.44876],[8.95953,44.44937],[8.95999,44.44966],[8.96087,44.44919],[8.96181,44.44971],[8.96142,44.45001],[8.96228,44.45032],[8.9622,44.45072],[8.96299,44.45093],[8.96329,44.45114],[8.96326,44.45152],[8.96357,44.45187],[8.96434,44.45211],[8.96459,44.45186],[8.9654,44.45146],[8.96568,44.45112],[8.96649,44.45066],[8.96686,44.4506],[8.96726,44.4504],[8.96762,44.45035],[8.96811,44.45047],[8.96912,44.45056],[8.96933,44.45083],[8.96985,44.45091],[8.97025,44.45111],[8.97049,44.45139],[8.9709,44.4515],[8.97116,44.45172],[8.97109,44.45239],[8.97116,44.45282],[8.9707,44.45312],[8.97049,44.4534],[8.96992,44.45389],[8.96935,44.45423],[8.96961,44.45437],[8.97029,44.45439],[8.97122,44.4543],[8.97125,44.45452],[8.97094,44.45618],[8.97084,44.45655],[8.97175,44.45693],[8.97331,44.45707],[8.97321,44.45784]]]},"properties":{"zona":"D05","linkzona":"GE00003337","fascia":"D","fascia_label":"Periferica","descr":"GAVETTE-TRENSASCO-CIMITERO DI STAGLIENO AAB.A (V.PIACENZA-V.DELLE GAVET...","semestre":"2025-S2","loc_min":5.0,"loc_max":7.4,"loc_mid":6.2,"sup":"L","tipologia":"Abitazioni di tipo economico","stato":"NORMALE","trend":2.5,"trend_from":"2023-S2"}},{"type":"Feature","geometry":{"type":"Polygon","coordinates":[[[8.76187,44.42859],[8.76003,44.4286],[8.75804,44.42869],[8.75667,44.42907],[8.75587,44.42914],[8.75512,44.42928],[8.75446,44.42929],[8.75412,44.42943],[8.75376,44.42974],[8.75248,44.43003],[8.75234,44.42941],[8.75078,44.42936],[8.75044,44.42939],[8.75036,44.42966],[8.7497,44.42946],[8.74931,44.42962],[8.74915,44.42989],[8.7469,44.43039],[8.74653,44.43059],[8.7462,44.43058],[8.7457,44.43074],[8.745,44.43075],[8.74502,44.43055],[8.7444,44.42986],[8.74401,44.42955],[8.74367,44.42896],[8.74349,44.42852],[8.74331,44.42841],[8.74265,44.42836],[8.74271,44.42799],[8.74293,44.42737],[8.74304,44.42693],[8.74386,44.42708],[8.74433,44.42708],[8.74571,44.42721],[8.74727,44.42723],[8.74837,44.42721],[8.7504,44.4271],[8.75114,44.42702],[8.75158,44.42689],[8.75166,44.42729],[8.75263,44.42716],[8.75307,44.42718],[8.75423,44.42711],[8.75622,44.42689],[8.75681,44.4269],[8.7595,44.42658],[8.76105,44.42631],[8.76149,44.42618],[8.76163,44.42641],[8.76188,44.42769],[8.7618,44.42808],[8.76187,44.42859]]]},"properties":{"zona":"D34","linkzona":"GE00003384","fascia":"D","fascia_label":"Periferica","descr":"VOLTRI CENTRO STORICO TS.M. (V.DON VERITA`-V.CAMOZZINI)","semestre":"2025-S2","loc_min":5.5,"loc_max":8.1,"loc_mid":6.8,"sale_min":1350.0,"sale_max":2000.0,"sup":"L","tipologia":"Abitazioni civili","stato":"NORMALE","trend":0.0,"trend_from":"2023-S2"}},{"type":"Feature","geometry":{"type":"Polygon","coordinates":[[[9.04351,44.38777],[9.043,44.38798],[9.04247,44.38782],[9.04161,44.38786],[9.0406,44.38764],[9.03981,44.38758],[9.03944,44.38735],[9.03734,44.38692],[9.03715,44.38696],[9.03679,44.3867],[9.03622,44.38672],[9.03588,44.38662],[9.03607,44.38727],[9.03506,44.38758],[9.03487,44.38675],[9.03449,44.38631],[9.03403,44.38603],[9.03344,44.3861],[9.03325,44.38593],[9.03269,44.38574],[9.03234,44.38507],[9.03239,44.38475],[9.0322,44.38453],[9.03177,44.38438],[9.03118,44.38404],[9.03079,44.3836],[9.03044,44.38339],[9.02984,44.38321],[9.02742,44.3826],[9.02735,44.38252],[9.02809,44.38253],[9.0283,44.38266],[9.02917,44.38247],[9.02941,44.38259],[9.02984,44.38238],[9.03033,44.38242],[9.03063,44.38269],[9.03126,44.38267],[9.03167,44.38337],[9.03232,44.38331],[9.03258,44.3832],[9.03259,44.38269],[9.03242,44.38258],[9.03282,44.38191],[9.03338,44.38175],[9.03386,44.38175],[9.03419,44.38158],[9.03483,44.38141],[9.03593,44.38145],[9.03641,44.38141],[9.03694,44.38124],[9.03726,44.38139],[9.03781,44.38116],[9.03869,44.38117],[9.03926,44.38111],[9.03956,44.38095],[9.04025,44.38075],[9.04168,44.38067],[9.04188,44.38036],[9.04235,44.38024],[9.04272,44.38043],[9.04332,44.38054],[9.04362,44.38041],[9.04405,44.38042],[9.04522,44.38021],[9.04515,44.38042],[9.04547,44.38055],[9.04582,44.3802],[9.0465,44.38007],[9.04645,44.37944],[9.04703,44.37938],[9.04701,44.37966],[9.04745,44.37966],[9.04776,44.37926],[9.048,44.37944],[9.048,44.37969],[9.04868,44.3798],[9.04909,44.38004],[9.04951,44.37989],[9.05043,44.38008],[9.05083,44.37973],[9.05169,44.37999],[9.05168,44.38032],[9.05142,44.38085],[9.05086,44.38125],[9.0508,44.38155],[9.05029,44.38236],[9.05025,44.38267],[9.04985,44.38315],[9.04916,44.38318],[9.04898,44.38357],[9.04903,44.38454],[9.04916,44.38532],[9.04972,44.38617],[9.0496,44.38628],[9.04772,44.38646],[9.04628,44.38684],[9.04614,44.38706],[9.04551,44.38733],[9.04412,44.38754],[9.04351,44.38777]]]},"properties":{"zona":"D22","linkzona":"GE00003355","fascia":"D","fascia_label":"Periferica","descr":"NERVI TU.A (V.CAPOLUNGO-V.S.ILARIO-V.M.SALA-V.D.SOMMA-V.G.OBERDAN-V.LE ...","semestre":"2025-S2","loc_min":8.9,"loc_max":13.3,"loc_mid":11.1,"sale_min":2750.0,"sale_max":4100.0,"sup":"L","tipologia":"Abitazioni civili","stato":"NORMALE","trend":2.8,"trend_from":"2023-S2"}},{"type":"Feature","geometry":{"type":"MultiPolygon","coordinates":[[[[8.99359,44.4583],[8.99269,44.45785],[8.99282,44.45742],[8.99254,44.45704],[8.99239,44.45631],[8.9917,44.45577],[8.99152,44.4555],[8.99139,44.45497],[8.99064,44.45414],[8.99042,44.45396],[8.99036,44.45337],[8.99125,44.45289],[8.99164,44.45261],[8.99223,44.45197],[8.99234,44.45156],[8.99221,44.45078],[8.99254,44.45033],[8.9935,44.44982],[8.99441,44.44951],[8.99759,44.44867],[8.99776,44.4487],[8.99929,44.44831],[9.00158,44.44769],[9.00191,44.44755],[9.00263,44.44749],[9.00368,44.44752],[9.00457,44.44747],[9.00525,44.44755],[9.00634,44.4478],[9.00669,44.44799],[9.00749,44.44821],[9.01011,44.44879],[9.01142,44.44902],[9.01231,44.44906],[9.01314,44.44923],[9.01476,44.44931],[9.0148,44.44942],[9.01575,44.44936],[9.01813,44.44936],[9.01916,44.44948],[9.01972,44.44934],[9.02072,44.44889],[9.0217,44.4489],[9.02306,44.44906],[9.02371,44.44936],[9.02402,44.44969],[9.02436,44.45028],[9.02384,44.45045],[9.02366,44.45081],[9.02396,44.45109],[9.02388,44.45146],[9.02365,44.45149],[9.02297,44.45201],[9.0227,44.45207],[9.02285,44.45261],[9.02231,44.45234],[9.02193,44.45246],[9.02137,44.45241],[9.0211,44.45254],[9.02005,44.45247],[9.02,44.45224],[9.01956,44.45233],[9.01899,44.45229],[9.01843,44.45248],[9.01842,44.45268],[9.01776,44.45269],[9.01711,44.45289],[9.01633,44.4529],[9.01588,44.4527],[9.0151,44.45265],[9.01432,44.45225],[9.01352,44.45223],[9.01323,44.45239],[9.01328,44.45304],[9.01291,44.45278],[9.01253,44.4527],[9.01161,44.45215],[9.01109,44.45254],[9.0108,44.45259],[9.01016,44.45304],[9.01053,44.4538],[9.01105,44.45399],[9.01126,44.45448],[9.01126,44.45471],[9.01085,44.45503],[9.01074,44.45533],[9.01028,44.45554],[9.01022,44.45581],[9.00966,44.45546],[9.00881,44.45469],[9.00835,44.4541],[9.00803,44.45395],[9.00774,44.4536],[9.00752,44.45361],[9.00729,44.45327],[9.00715,44.4528],[9.0067,44.45268],[9.00668,44.45248],[9.00634,44.45218],[9.00575,44.45182],[9.00562,44.45198],[9.00517,44.45167],[9.00478,44.45182],[9.00444,44.45165],[9.00393,44.45162],[9.00339,44.4514],[9.00308,44.45108],[9.00242,44.45161],[9.002,44.45171],[9.00205,44.45213],[9.00157,44.45241],[9.00117,44.45296],[9.00118,44.4532],[9.00165,44.45329],[9.00158,44.45407],[9.00217,44.4545],[9.00205,44.45471],[9.00246,44.45501],[9.00146,44.45531],[9.00115,44.45575],[9.00126,44.45611],[9.00187,44.4565],[9.0019,44.45738],[9.00143,44.45716],[9.00052,44.45724],[9,44.45747],[8.99859,44.45741],[8.99858,44.45709],[8.99806,44.45699],[8.99691,44.45711],[8.9967,44.45725],[8.9968,44.45807],[8.99593,44.4577],[8.99525,44.45707],[8.99487,44.45761],[8.99434,44.45775],[8.99359,44.4583]]],[[[9.02365,44.45182],[9.02428,44.4517],[9.02429,44.45249],[9.02375,44.45253],[9.02375,44.45193],[9.02365,44.45182]]]]},"properties":{"zona":"D10","linkzona":"GE00003344","fascia":"D","fascia_label":"Periferica","descr":"STRUPPA-PRATO-DORIA-GIRO DEL FULLO TU.M (V.STRUPPA-V.RIO TORBIDO-V.DI C...","semestre":"2025-S2","loc_min":6.5,"loc_max":9.7,"loc_mid":8.1,"sale_min":1400.0,"sale_max":2050.0,"sup":"L","tipologia":"Abitazioni civili","stato":"NORMALE","trend":1.9,"trend_from":"2023-S2"}},{"type":"Feature","geometry":{"type":"Polygon","coordinates":[[[8.97197,44.47372],[8.9713,44.47364],[8.97086,44.47369],[8.96963,44.4735],[8.96926,44.47335],[8.96841,44.47319],[8.9678,44.47322],[8.96739,44.47335],[8.96703,44.4733],[8.96653,44.47303],[8.96553,44.47294],[8.96489,44.47294],[8.96423,44.47257],[8.9638,44.47215],[8.96307,44.47168],[8.96257,44.47117],[8.96206,44.47053],[8.96119,44.47021],[8.96099,44.47006],[8.96058,44.46932],[8.96025,44.4689],[8.96001,44.46877],[8.95989,44.46838],[8.95932,44.46777],[8.95916,44.46734],[8.95923,44.46713],[8.95886,44.467],[8.95839,44.46634],[8.95809,44.46557],[8.95805,44.46525],[8.95823,44.46497],[8.95862,44.46404],[8.95808,44.46348],[8.95773,44.46299],[8.958,44.46291],[8.95853,44.4623],[8.95875,44.46189],[8.95877,44.46147],[8.95998,44.4606],[8.96024,44.46019],[8.96013,44.46002],[8.96102,44.45948],[8.96174,44.45886],[8.96236,44.45926],[8.96351,44.45957],[8.96396,44.45956],[8.9645,44.45918],[8.96567,44.45883],[8.96595,44.45892],[8.96619,44.45925],[8.9665,44.45938],[8.96823,44.45953],[8.96886,44.4587],[8.96963,44.45835],[8.97001,44.45825],[8.97046,44.45797],[8.97075,44.45815],[8.9713,44.45801],[8.97163,44.45803],[8.97227,44.45788],[8.97266,44.45795],[8.97321,44.45784],[8.97434,44.45798],[8.97412,44.45818],[8.97431,44.45853],[8.97499,44.45879],[8.97563,44.45956],[8.97562,44.46011],[8.97535,44.46023],[8.97503,44.46069],[8.97534,44.46157],[8.97499,44.4617],[8.97489,44.462],[8.97525,44.46213],[8.97512,44.46263],[8.97457,44.46297],[8.97463,44.46325],[8.974,44.46339],[8.97369,44.46367],[8.9738,44.46384],[8.9743,44.46398],[8.97406,44.46453],[8.97359,44.46453],[8.9732,44.46498],[8.97268,44.46487],[8.97245,44.46533],[8.97139,44.46571],[8.97174,44.46603],[8.9716,44.46644],[8.97163,44.46701],[8.9713,44.46743],[8.97125,44.46791],[8.97108,44.46823],[8.97111,44.46854],[8.97136,44.46886],[8.97136,44.46927],[8.97162,44.46998],[8.97117,44.46999],[8.97112,44.47143],[8.97148,44.47151],[8.97151,44.47176],[8.97198,44.47211],[8.97181,44.47225],[8.97203,44.47261],[8.9718,44.47271],[8.97197,44.47372]]]},"properties":{"zona":"D07","linkzona":"GE00003341","fascia":"D","fascia_label":"Periferica","descr":"PINO SOPRANO E SOTTANO AAB.M (V.DI PINO)","semestre":"2025-S2","loc_min":5.2,"loc_max":7.5,"loc_mid":6.35,"sale_min":1400.0,"sale_max":2050.0,"sup":"L","tipologia":"Abitazioni civili","stato":"NORMALE","trend":0.0,"trend_from":"2023-S2"}},{"type":"Feature","geometry":{"type":"Polygon","coordinates":[[[8.86157,44.41546],[8.86249,44.41517],[8.86364,44.41498],[8.86661,44.41453],[8.86765,44.4143],[8.87004,44.4137],[8.8711,44.41353],[8.87206,44.41343],[8.87347,44.41338],[8.87372,44.41362],[8.87374,44.41414],[8.87419,44.41414],[8.87439,44.41478],[8.87392,44.41479],[8.87392,44.41503],[8.87441,44.41497],[8.87468,44.41548],[8.87473,44.41592],[8.87633,44.41576],[8.87653,44.41624],[8.87794,44.41592],[8.87786,44.41607],[8.87709,44.41654],[8.87719,44.41694],[8.87763,44.41729],[8.87849,44.41833],[8.87873,44.41896],[8.87871,44.41976],[8.87852,44.42053],[8.87855,44.42099],[8.87872,44.4214],[8.87951,44.42236],[8.87921,44.42231],[8.87846,44.4225],[8.87783,44.42286],[8.87738,44.42346],[8.87665,44.42344],[8.87632,44.42301],[8.87629,44.42281],[8.87561,44.42248],[8.87556,44.42208],[8.87514,44.42208],[8.87506,44.42162],[8.8747,44.42114],[8.87445,44.42111],[8.87397,44.42012],[8.87306,44.41963],[8.87288,44.41989],[8.87181,44.41959],[8.87164,44.41924],[8.87081,44.4191],[8.87129,44.4206],[8.8705,44.42079],[8.87087,44.42134],[8.86951,44.4216],[8.86898,44.42121],[8.86793,44.42136],[8.86785,44.42107],[8.86725,44.42122],[8.86712,44.42041],[8.86682,44.42028],[8.8667,44.41977],[8.86612,44.41941],[8.86541,44.41833],[8.86426,44.41881],[8.86383,44.41851],[8.86339,44.4184],[8.86246,44.41741],[8.86234,44.41709],[8.86175,44.41621],[8.86207,44.41594],[8.86192,44.41549],[8.86157,44.41546]]]},"properties":{"zona":"D44","linkzona":"GE00003399","fascia":"D","fascia_label":"Periferica","descr":"CORNIGLIANO TU.B. (P.ZZA MASSENA-V.CERVETTO-V.S.GIOVANNI D`ACRI)","semestre":"2025-S2","loc_min":5.1,"loc_max":7.5,"loc_mid":6.3,"sale_min":840.0,"sale_max":1250.0,"sup":"L","tipologia":"Abitazioni civili","stato":"NORMALE","trend":3.3,"trend_from":"2023-S2"}},{"type":"Feature","geometry":{"type":"Polygon","coordinates":[[[8.81207,44.42418],[8.81217,44.42446],[8.8115,44.42558],[8.811,44.42616],[8.81139,44.42681],[8.81155,44.42687],[8.81148,44.42745],[8.81103,44.42768],[8.81088,44.42828],[8.81044,44.42829],[8.81046,44.42893],[8.81018,44.4293],[8.80972,44.42938],[8.80926,44.42976],[8.80865,44.43055],[8.80907,44.43092],[8.80989,44.43065],[8.81042,44.43111],[8.81042,44.43142],[8.81085,44.43134],[8.81118,44.43145],[8.81135,44.43183],[8.81141,44.43227],[8.81188,44.43262],[8.81208,44.43292],[8.81256,44.43329],[8.81281,44.43421],[8.81238,44.43485],[8.81167,44.43525],[8.81098,44.43605],[8.81085,44.43637],[8.81029,44.4363],[8.81001,44.43712],[8.80991,44.43776],[8.81,44.4384],[8.81017,44.43882],[8.80961,44.43911],[8.80951,44.43926],[8.80857,44.43927],[8.80755,44.4397],[8.80691,44.43942],[8.80679,44.43894],[8.80685,44.43863],[8.80667,44.43812],[8.80624,44.43785],[8.80526,44.43785],[8.80496,44.43795],[8.80428,44.43796],[8.80346,44.43836],[8.80282,44.43816],[8.80254,44.43794],[8.80167,44.4376],[8.80169,44.43739],[8.80199,44.4371],[8.80246,44.43603],[8.80265,44.43585],[8.80247,44.43503],[8.80253,44.43439],[8.80239,44.43401],[8.80251,44.43383],[8.80243,44.43303],[8.80214,44.43247],[8.80177,44.43218],[8.80149,44.43182],[8.8009,44.43161],[8.80063,44.43135],[8.80026,44.43133],[8.80008,44.43082],[8.80011,44.43045],[8.80062,44.4302],[8.80092,44.42947],[8.80077,44.42929],[8.80121,44.42871],[8.80149,44.42849],[8.8004,44.42836],[8.80022,44.42803],[8.80028,44.42716],[8.8001,44.42716],[8.79973,44.42677],[8.79999,44.4264],[8.79992,44.42625],[8.7994,44.42601],[8.79924,44.42574],[8.79939,44.42536],[8.79924,44.42497],[8.79935,44.4248],[8.79756,44.42512],[8.79752,44.42504],[8.79901,44.42476],[8.79938,44.42432],[8.80003,44.42444],[8.80045,44.42442],[8.8029,44.42394],[8.80332,44.4239],[8.80536,44.42357],[8.80578,44.42354],[8.80656,44.42332],[8.80675,44.42299],[8.8074,44.4229],[8.80821,44.42297],[8.80812,44.42318],[8.80851,44.4233],[8.80963,44.4235],[8.81086,44.42389],[8.81127,44.42409],[8.81207,44.42418]]]},"properties":{"zona":"D40","linkzona":"GE00003392","fascia":"D","fascia_label":"Periferica","descr":"PEGLI VIALE MODUGNO (TU A. PIAZZA LIDO DI PEGLI -V.LAVIOSA-V.SALGARI)","semestre":"2025-S2","loc_min":6.0,"loc_max":8.9,"loc_mid":7.45,"sale_min":1450.0,"sale_max":2150.0,"sup":"L","tipologia":"Abitazioni civili","stato":"NORMALE","trend":-2.0,"trend_from":"2023-S2"}},{"type":"Feature","geometry":{"type":"Polygon","coordinates":[[[8.89287,44.44418],[8.89332,44.44566],[8.89357,44.44673],[8.89364,44.44676],[8.89398,44.44826],[8.89387,44.44844],[8.89344,44.44864],[8.8936,44.44926],[8.89335,44.4502],[8.89341,44.45058],[8.89313,44.45062],[8.89391,44.45175],[8.89367,44.45185],[8.89344,44.45161],[8.89315,44.45172],[8.89275,44.45127],[8.89226,44.45159],[8.89098,44.45283],[8.88961,44.45388],[8.88939,44.45482],[8.88899,44.45536],[8.88813,44.45599],[8.88705,44.45664],[8.88664,44.45718],[8.88613,44.45718],[8.88572,44.45676],[8.88598,44.45661],[8.8858,44.45639],[8.8853,44.45619],[8.88495,44.45632],[8.88444,44.45603],[8.88418,44.45616],[8.8844,44.45503],[8.88458,44.45494],[8.88485,44.45438],[8.88446,44.45422],[8.884,44.45368],[8.8834,44.45357],[8.88374,44.45291],[8.88334,44.45275],[8.88418,44.45181],[8.88381,44.45141],[8.8835,44.45125],[8.88315,44.4508],[8.88287,44.45072],[8.88296,44.44999],[8.88396,44.44924],[8.88432,44.4488],[8.88509,44.44842],[8.8856,44.44848],[8.88625,44.44814],[8.88699,44.44801],[8.8877,44.44757],[8.8874,44.44738],[8.88746,44.4468],[8.88736,44.44646],[8.88729,44.44526],[8.88743,44.44508],[8.88746,44.44457],[8.88727,44.44431],[8.88725,44.44398],[8.88781,44.44374],[8.88831,44.44321],[8.88753,44.44249],[8.88745,44.44231],[8.88753,44.44154],[8.8879,44.44088],[8.88777,44.44061],[8.88672,44.44063],[8.88601,44.44096],[8.88444,44.44092],[8.88431,44.44063],[8.88401,44.44045],[8.8837,44.43979],[8.88354,44.43964],[8.88364,44.43874],[8.8829,44.43862],[8.88256,44.43886],[8.88205,44.439],[8.88168,44.43898],[8.88149,44.43867],[8.88094,44.43887],[8.88035,44.43878],[8.87976,44.4388],[8.87974,44.43797],[8.87954,44.43729],[8.88001,44.437],[8.88053,44.43682],[8.88156,44.4368],[8.88243,44.43658],[8.88283,44.43662],[8.88356,44.43644],[8.88425,44.43648],[8.88547,44.43596],[8.88655,44.43567],[8.88676,44.43605],[8.88955,44.43476],[8.88987,44.43464],[8.88994,44.43509],[8.88987,44.4382],[8.88985,44.44048],[8.89103,44.44046],[8.89129,44.44052],[8.8916,44.44072],[8.89242,44.44289],[8.89287,44.44418]]]},"properties":{"zona":"D32","linkzona":"GE00003379","fascia":"D","fascia_label":"Periferica","descr":"FEGINO AP.B. (V.FERRI-P.ZZA DE CALBOLI)","semestre":"2025-S2","loc_min":4.3,"loc_max":6.4,"loc_mid":5.35,"sup":"L","tipologia":"Abitazioni di tipo economico","stato":"NORMALE","trend":2.9,"trend_from":"2023-S2"}},{"type":"Feature","geometry":{"type":"Polygon","coordinates":[[[8.89287,44.44418],[8.89415,44.44396],[8.89354,44.44293],[8.89298,44.44244],[8.89278,44.44183],[8.89285,44.44164],[8.89257,44.4409],[8.89291,44.44092],[8.89361,44.44121],[8.89384,44.44098],[8.89466,44.44048],[8.89512,44.44085],[8.89624,44.4415],[8.89674,44.44161],[8.89709,44.44142],[8.89699,44.44111],[8.8973,44.44075],[8.89708,44.44057],[8.89765,44.43996],[8.8985,44.44067],[8.89912,44.44103],[8.89984,44.44053],[8.90189,44.44112],[8.90234,44.44132],[8.90303,44.4415],[8.90346,44.44211],[8.90387,44.44254],[8.90498,44.44291],[8.90511,44.44318],[8.90553,44.4436],[8.90639,44.44393],[8.90687,44.44457],[8.90734,44.4448],[8.90781,44.44468],[8.90847,44.44514],[8.90877,44.44526],[8.90915,44.4452],[8.9096,44.44495],[8.91035,44.44529],[8.91091,44.4452],[8.91142,44.44492],[8.91197,44.44497],[8.91264,44.44514],[8.91269,44.44642],[8.91289,44.44701],[8.91339,44.44758],[8.91257,44.44761],[8.91247,44.44776],[8.91189,44.448],[8.91147,44.44844],[8.91155,44.44859],[8.91211,44.44881],[8.91227,44.44916],[8.91342,44.4495],[8.91399,44.44948],[8.91366,44.44989],[8.91352,44.45034],[8.91377,44.45049],[8.91452,44.45048],[8.91435,44.45115],[8.91381,44.45097],[8.91358,44.45107],[8.91329,44.45152],[8.91305,44.45236],[8.91324,44.45294],[8.91353,44.4531],[8.91357,44.45341],[8.91344,44.454],[8.91311,44.45434],[8.91291,44.45482],[8.91273,44.45497],[8.9126,44.45566],[8.91225,44.45562],[8.91152,44.45577],[8.91108,44.45626],[8.91053,44.45646],[8.90945,44.45636],[8.90906,44.45654],[8.90793,44.45676],[8.90665,44.45673],[8.90622,44.4566],[8.90585,44.45616],[8.90553,44.45597],[8.90383,44.45594],[8.90315,44.45585],[8.89943,44.4551],[8.89822,44.45501],[8.89727,44.45547],[8.89447,44.45294],[8.89315,44.45172],[8.89344,44.45161],[8.89367,44.45185],[8.89391,44.45175],[8.89313,44.45062],[8.89341,44.45058],[8.89335,44.4502],[8.8936,44.44926],[8.89344,44.44864],[8.89387,44.44844],[8.89398,44.44826],[8.89364,44.44676],[8.89357,44.44673],[8.89332,44.44566],[8.89287,44.44418]]]},"properties":{"zona":"D28","linkzona":"GE00003375","fascia":"D","fascia_label":"Periferica","descr":"BEGATO TU.B. (V.MARITANO-V.LINNEO-V.CECHOV)","semestre":"2025-S2","loc_min":4.5,"loc_max":6.6,"loc_mid":5.55,"sup":"L","tipologia":"Abitazioni di tipo economico","stato":"NORMALE","trend":4.7,"trend_from":"2023-S2"}},{"type":"Feature","geometry":{"type":"Polygon","coordinates":[[[8.86593,44.43487],[8.86595,44.43463],[8.86622,44.43449],[8.86645,44.43412],[8.86636,44.43371],[8.8661,44.43329],[8.86655,44.43363],[8.86699,44.43369],[8.86744,44.43412],[8.86794,44.43417],[8.86824,44.43379],[8.86895,44.4339],[8.86911,44.43363],[8.86926,44.43261],[8.86918,44.43222],[8.87022,44.43237],[8.87121,44.43238],[8.87144,44.43225],[8.87275,44.43213],[8.87286,44.43205],[8.87247,44.43153],[8.87273,44.43135],[8.87347,44.43106],[8.87342,44.43056],[8.87394,44.42992],[8.87465,44.4296],[8.87589,44.42975],[8.87691,44.43049],[8.87734,44.43049],[8.87832,44.43083],[8.8789,44.43042],[8.87928,44.4303],[8.8797,44.43056],[8.88027,44.43063],[8.88107,44.43114],[8.88186,44.43123],[8.88214,44.43139],[8.88276,44.43152],[8.88269,44.43179],[8.88343,44.43199],[8.88423,44.43231],[8.88431,44.43282],[8.8842,44.43343],[8.88457,44.43365],[8.88503,44.43417],[8.8857,44.4345],[8.88575,44.43476],[8.88638,44.43537],[8.88655,44.43567],[8.88547,44.43596],[8.88425,44.43648],[8.88356,44.43644],[8.88283,44.43662],[8.88243,44.43658],[8.88156,44.4368],[8.88053,44.43682],[8.88001,44.437],[8.87954,44.43729],[8.87974,44.43797],[8.87976,44.4388],[8.88035,44.43878],[8.88094,44.43887],[8.88149,44.43867],[8.88168,44.43898],[8.88205,44.439],[8.88256,44.43886],[8.8829,44.43862],[8.88364,44.43874],[8.88354,44.43964],[8.8837,44.43979],[8.88401,44.44045],[8.88431,44.44063],[8.88444,44.44092],[8.88601,44.44096],[8.88672,44.44063],[8.88777,44.44061],[8.8879,44.44088],[8.88753,44.44154],[8.88745,44.44231],[8.88753,44.44249],[8.88831,44.44321],[8.88781,44.44374],[8.88725,44.44398],[8.88727,44.44431],[8.88746,44.44457],[8.88743,44.44508],[8.88729,44.44526],[8.88736,44.44646],[8.88746,44.4468],[8.8874,44.44738],[8.8877,44.44757],[8.88699,44.44801],[8.88625,44.44814],[8.8856,44.44848],[8.88509,44.44842],[8.88487,44.44742],[8.88449,44.4473],[8.88349,44.4474],[8.88277,44.44766],[8.88238,44.44808],[8.88177,44.44855],[8.88128,44.44829],[8.88111,44.44794],[8.87998,44.4476],[8.87963,44.44796],[8.87932,44.44791],[8.87896,44.4483],[8.87831,44.4483],[8.87747,44.44842],[8.87668,44.44894],[8.87663,44.44853],[8.87695,44.44827],[8.87699,44.44776],[8.87649,44.44768],[8.87623,44.4475],[8.87548,44.44789],[8.87544,44.44767],[8.87456,44.44763],[8.87462,44.44778],[8.87422,44.44828],[8.87378,44.44843],[8.87361,44.44874],[8.87251,44.44882],[8.87143,44.44918],[8.87103,44.44938],[8.87056,44.44944],[8.87022,44.44935],[8.86936,44.44933],[8.86877,44.44939],[8.8672,44.44983],[8.86727,44.44907],[8.86707,44.44889],[8.86662,44.44891],[8.86616,44.44913],[8.86593,44.44911],[8.86507,44.44872],[8.86483,44.44838],[8.86449,44.44816],[8.86444,44.44727],[8.86454,44.44642],[8.86482,44.4459],[8.86494,44.4452],[8.86473,44.44472],[8.86393,44.44418],[8.86399,44.4438],[8.86467,44.44251],[8.8648,44.44204],[8.86508,44.44148],[8.86643,44.4403],[8.86581,44.43923],[8.86589,44.43913],[8.86627,44.43794],[8.86648,44.43777],[8.86645,44.4375],[8.86596,44.43709],[8.86601,44.43635],[8.86624,44.43615],[8.86589,44.43545],[8.86603,44.4351],[8.86593,44.43487]]]},"properties":{"zona":"D47","linkzona":"GE00003402","fascia":"D","fascia_label":"Periferica","descr":"BORZOLI AAB.M. (V.MILITARE DI BORZOLI-LOC.FEGINO-V.LAGO FIGOI)","semestre":"2025-S2","loc_min":4.9,"loc_max":7.2,"loc_mid":6.05,"sale_min":1150.0,"sale_max":1700.0,"sup":"L","tipologia":"Abitazioni civili","stato":"NORMALE","trend":-0.0,"trend_from":"2023-S2"}},{"type":"Feature","geometry":{"type":"Polygon","coordinates":[[[8.99752,44.40396],[8.99768,44.40457],[8.99751,44.40501],[8.99767,44.40536],[8.99734,44.40546],[8.99735,44.40573],[8.99683,44.40557],[8.9963,44.40558],[8.99572,44.40599],[8.99509,44.40549],[8.99461,44.40525],[8.99406,44.40534],[8.99394,44.40571],[8.99364,44.40575],[8.99293,44.40548],[8.99217,44.40531],[8.99167,44.40543],[8.99123,44.40567],[8.99194,44.40618],[8.99248,44.40643],[8.99231,44.40697],[8.99278,44.40747],[8.99299,44.40798],[8.99328,44.40824],[8.99336,44.40872],[8.9931,44.4095],[8.99309,44.40978],[8.9937,44.41029],[8.99423,44.41043],[8.99392,44.41098],[8.99347,44.41148],[8.99346,44.41172],[8.99274,44.41207],[8.99265,44.41185],[8.99204,44.41142],[8.99117,44.41161],[8.99083,44.41156],[8.99109,44.41098],[8.99028,44.4111],[8.9897,44.41095],[8.98914,44.41097],[8.98863,44.41075],[8.98801,44.41131],[8.98694,44.41167],[8.98714,44.41179],[8.98662,44.41214],[8.98682,44.4124],[8.98653,44.41269],[8.98586,44.41213],[8.98567,44.41182],[8.98503,44.41123],[8.98432,44.41108],[8.98353,44.4112],[8.98255,44.41118],[8.98201,44.41103],[8.9816,44.41116],[8.98159,44.4108],[8.98126,44.41086],[8.9805,44.41132],[8.98001,44.41109],[8.97943,44.41115],[8.97952,44.41137],[8.9786,44.41167],[8.97875,44.41204],[8.97812,44.41215],[8.9779,44.41243],[8.97802,44.41273],[8.97775,44.41243],[8.97712,44.41197],[8.97689,44.41183],[8.97757,44.41065],[8.97711,44.40923],[8.97675,44.40893],[8.97723,44.40872],[8.97682,44.40837],[8.97706,44.40828],[8.97804,44.40841],[8.97808,44.40777],[8.97901,44.40735],[8.97915,44.40751],[8.97987,44.40712],[8.97973,44.40692],[8.98075,44.40599],[8.98101,44.40612],[8.98147,44.40569],[8.98175,44.40543],[8.98228,44.40521],[8.98204,44.40507],[8.98244,44.40458],[8.98279,44.40449],[8.98285,44.40408],[8.98373,44.40399],[8.98407,44.40425],[8.98507,44.40454],[8.98535,44.40439],[8.98582,44.40485],[8.98651,44.40427],[8.98668,44.40474],[8.98708,44.40511],[8.9886,44.40474],[8.98904,44.40426],[8.98872,44.40351],[8.98865,44.40273],[8.98886,44.40263],[8.98908,44.40185],[8.98908,44.40094],[8.98939,44.40071],[8.98974,44.40017],[8.99021,44.39991],[8.99023,44.39929],[8.99098,44.39924],[8.99123,44.39961],[8.99179,44.39985],[8.9922,44.39939],[8.9928,44.39906],[8.99298,44.3994],[8.99343,44.39959],[8.99348,44.39987],[8.99374,44.40019],[8.99427,44.40045],[8.99442,44.40084],[8.99515,44.40092],[8.99596,44.40119],[8.99643,44.40146],[8.99656,44.40167],[8.99716,44.40213],[8.99696,44.40231],[8.99711,44.40253],[8.99714,44.40309],[8.99679,44.40331],[8.99752,44.40396]]]},"properties":{"zona":"D16","linkzona":"GE00003336","fascia":"D","fascia_label":"Periferica","descr":"BORGORATTI TU.M (V.BORGORATTI-V.CADIGHIARA-V.POSALUNGA-V.SAPETO-V.TANIN...","semestre":"2025-S2","loc_min":6.7,"loc_max":9.9,"loc_mid":8.3,"sale_min":1650.0,"sale_max":2400.0,"sup":"L","tipologia":"Abitazioni civili","stato":"NORMALE","trend":3.1,"trend_from":"2023-S2"}},{"type":"Feature","geometry":{"type":"Polygon","coordinates":[[[8.98933,44.39098],[8.98942,44.39081],[8.98992,44.39045],[8.98983,44.39028],[8.99039,44.39005],[8.9908,44.38998],[8.99171,44.38954],[8.99246,44.38962],[8.99278,44.38949],[8.99311,44.38953],[8.99376,44.38908],[8.99384,44.38827],[8.99373,44.38804],[8.99431,44.38776],[8.99471,44.38779],[8.99514,44.38758],[8.99564,44.38747],[8.9965,44.38691],[8.99682,44.3872],[8.99739,44.38711],[8.99767,44.38687],[8.99778,44.38622],[8.99821,44.38609],[8.99852,44.3863],[8.99943,44.38646],[9.00002,44.38664],[9.00122,44.38641],[9.00214,44.38598],[9.00252,44.38626],[9.00304,44.38626],[9.00363,44.38604],[9.0039,44.38551],[9.00388,44.38527],[9.00438,44.38538],[9.00446,44.38566],[9.00512,44.38574],[9.0055,44.3855],[9.00684,44.38553],[9.00733,44.38574],[9.00785,44.38565],[9.00802,44.38544],[9.00775,44.38523],[9.00821,44.38506],[9.00926,44.38485],[9.00966,44.38497],[9.00971,44.38519],[9.01026,44.38528],[9.01073,44.38505],[9.01125,44.38521],[9.01208,44.38517],[9.01266,44.3855],[9.01373,44.38539],[9.01394,44.38524],[9.01439,44.38527],[9.01481,44.38517],[9.01491,44.3845],[9.01539,44.38423],[9.01557,44.38428],[9.01626,44.38417],[9.01626,44.38441],[9.01693,44.38447],[9.01731,44.3846],[9.01771,44.38447],[9.01798,44.38419],[9.01791,44.38386],[9.01863,44.38342],[9.01912,44.38324],[9.01966,44.38333],[9.02058,44.38327],[9.021,44.38332],[9.02201,44.38316],[9.02273,44.38295],[9.0235,44.38297],[9.02376,44.38308],[9.02419,44.38284],[9.02506,44.38269],[9.02558,44.38251],[9.02586,44.38266],[9.0265,44.3827],[9.02703,44.38252],[9.02735,44.38252],[9.02742,44.3826],[9.02984,44.38321],[9.03044,44.38339],[9.03079,44.3836],[9.03118,44.38404],[9.03177,44.38438],[9.0322,44.38453],[9.03239,44.38475],[9.03234,44.38507],[9.03269,44.38574],[9.03325,44.38593],[9.03344,44.3861],[9.03403,44.38603],[9.03449,44.38631],[9.03487,44.38675],[9.03506,44.38758],[9.03492,44.38787],[9.03456,44.38811],[9.0339,44.38833],[9.03368,44.38818],[9.03289,44.38882],[9.03284,44.38784],[9.03304,44.38722],[9.03246,44.38747],[9.03174,44.38797],[9.03142,44.3877],[9.0311,44.38761],[9.03072,44.38726],[9.03033,44.3865],[9.03008,44.38549],[9.02928,44.38545],[9.02952,44.38583],[9.02917,44.38677],[9.02911,44.3871],[9.02853,44.38728],[9.0279,44.38735],[9.02733,44.38755],[9.0268,44.38755],[9.02618,44.38785],[9.02567,44.3875],[9.02527,44.38754],[9.02528,44.38728],[9.02485,44.38729],[9.02433,44.38714],[9.02369,44.38714],[9.02389,44.38744],[9.02323,44.38773],[9.02322,44.38809],[9.0224,44.38859],[9.02253,44.38879],[9.02186,44.38895],[9.02084,44.38906],[9.02001,44.38923],[9.01957,44.38951],[9.01879,44.38983],[9.01852,44.38982],[9.01783,44.39011],[9.01743,44.39016],[9.01686,44.39001],[9.01746,44.38909],[9.01656,44.38929],[9.01544,44.38997],[9.015,44.39005],[9.01498,44.39065],[9.01461,44.39038],[9.01403,44.3902],[9.01298,44.39027],[9.01247,44.39084],[9.01209,44.39094],[9.01203,44.39136],[9.01166,44.39185],[9.0117,44.39228],[9.01105,44.39237],[9.0099,44.39269],[9.00944,44.39294],[9.00964,44.39328],[9.00915,44.39349],[9.0087,44.3935],[9.0079,44.3938],[9.00734,44.39382],[9.00705,44.39343],[9.00549,44.39429],[9.00497,44.39449],[9.00436,44.3949],[9.00426,44.39511],[9.00433,44.39563],[9.00377,44.3959],[9.00336,44.39582],[9.00294,44.39537],[9.00284,44.39501],[9.00247,44.39417],[9.00237,44.39417],[9.00154,44.39484],[9.0011,44.39506],[9.00075,44.3954],[9.00022,44.39565],[8.9999,44.39597],[8.99964,44.39641],[8.99942,44.39654],[8.99901,44.39649],[8.99869,44.39671],[8.99781,44.39715],[8.99704,44.39725],[8.99659,44.39715],[8.99589,44.39728],[8.99431,44.39822],[8.99385,44.39822],[8.99357,44.39768],[8.99343,44.39679],[8.99337,44.39604],[8.99352,44.39545],[8.99328,44.3952],[8.99131,44.39439],[8.9908,44.39426],[8.99058,44.39474],[8.99058,44.39512],[8.99078,44.39581],[8.99093,44.39603],[8.99083,44.39643],[8.98899,44.39589],[8.98863,44.39539],[8.98895,44.39483],[8.98907,44.3942],[8.98901,44.3937],[8.98956,44.3935],[8.98983,44.39272],[8.98988,44.39212],[8.98928,44.39121],[8.98933,44.39098]]]},"properties":{"zona":"D20","linkzona":"GE00003353","fascia":"D","fascia_label":"Periferica","descr":"QUARTO-QUINTO TU.A (V.LE QUARTARA-V.LE DES GENEYES-V.CARRARA-C.SO EUROP...","semestre":"2025-S2","loc_min":7.0,"loc_max":10.4,"loc_mid":8.7,"sale_min":2300.0,"sale_max":3400.0,"sup":"L","tipologia":"Abitazioni civili","stato":"NORMALE","trend":6.1,"trend_from":"2023-S2"}},{"type":"Feature","geometry":{"type":"Polygon","coordinates":[[[8.88028,44.42797],[8.88037,44.42821],[8.88017,44.42847],[8.88021,44.42882],[8.88047,44.42899],[8.88036,44.42958],[8.88126,44.43012],[8.88133,44.43113],[8.88186,44.43123],[8.88107,44.43114],[8.88027,44.43063],[8.8797,44.43056],[8.87928,44.4303],[8.8789,44.43042],[8.87832,44.43083],[8.87734,44.43049],[8.87691,44.43049],[8.87589,44.42975],[8.87465,44.4296],[8.87394,44.42992],[8.87342,44.43056],[8.87347,44.43106],[8.87273,44.43135],[8.87247,44.43153],[8.87286,44.43205],[8.87275,44.43213],[8.87144,44.43225],[8.87121,44.43238],[8.87022,44.43237],[8.86918,44.43222],[8.86926,44.43261],[8.86911,44.43363],[8.86895,44.4339],[8.86824,44.43379],[8.86794,44.43417],[8.86744,44.43412],[8.86699,44.43369],[8.86655,44.43363],[8.8661,44.43329],[8.86522,44.43326],[8.86483,44.43286],[8.86386,44.43274],[8.86278,44.4322],[8.8621,44.43171],[8.86122,44.43117],[8.86093,44.43089],[8.86036,44.43091],[8.86011,44.43076],[8.85953,44.43015],[8.85928,44.42977],[8.85874,44.42965],[8.85833,44.42917],[8.85801,44.42893],[8.85821,44.42857],[8.85871,44.42828],[8.85936,44.42823],[8.85979,44.42808],[8.86105,44.42744],[8.86117,44.42725],[8.86193,44.4269],[8.86264,44.42737],[8.86365,44.42763],[8.86429,44.42803],[8.86467,44.42769],[8.86536,44.42724],[8.86558,44.42695],[8.86624,44.42652],[8.86558,44.42657],[8.86535,44.4267],[8.86481,44.42651],[8.86453,44.42585],[8.86356,44.42648],[8.86326,44.42701],[8.86301,44.42675],[8.86268,44.42689],[8.86239,44.42659],[8.8624,44.42628],[8.86192,44.42578],[8.86185,44.4252],[8.86244,44.4249],[8.86254,44.42464],[8.86243,44.42427],[8.86265,44.42376],[8.86244,44.42355],[8.86239,44.42319],[8.86252,44.42282],[8.86334,44.42264],[8.86337,44.42176],[8.86302,44.4214],[8.86316,44.42058],[8.86281,44.42021],[8.86258,44.41948],[8.86277,44.4193],[8.86397,44.41904],[8.86411,44.41923],[8.8645,44.41924],[8.86426,44.41881],[8.86541,44.41833],[8.86612,44.41941],[8.8667,44.41977],[8.86682,44.42028],[8.86712,44.42041],[8.86725,44.42122],[8.86785,44.42107],[8.86793,44.42136],[8.86898,44.42121],[8.86951,44.4216],[8.87087,44.42134],[8.8705,44.42079],[8.87129,44.4206],[8.87081,44.4191],[8.87164,44.41924],[8.87181,44.41959],[8.87288,44.41989],[8.87306,44.41963],[8.87397,44.42012],[8.87445,44.42111],[8.8747,44.42114],[8.87506,44.42162],[8.87514,44.42208],[8.87556,44.42208],[8.87561,44.42248],[8.87629,44.42281],[8.87632,44.42301],[8.87665,44.42344],[8.87738,44.42346],[8.87783,44.42286],[8.87848,44.4233],[8.87877,44.424],[8.87908,44.42421],[8.87879,44.42483],[8.87906,44.42513],[8.879,44.42548],[8.87954,44.4254],[8.87959,44.42559],[8.87942,44.4261],[8.87861,44.42652],[8.87875,44.42678],[8.87862,44.42726],[8.87835,44.42752],[8.87878,44.42793],[8.87994,44.42745],[8.88028,44.42797]]]},"properties":{"zona":"D45","linkzona":"GE00003400","fascia":"D","fascia_label":"Periferica","descr":"CORNIGLIANO ALTA AAB.M. (V.CORONATA-V.MONTE GUANO-V.BOSCHETTO)","semestre":"2025-S2","loc_min":5.5,"loc_max":8.1,"loc_mid":6.8,"sale_min":1150.0,"sale_max":1700.0,"sup":"L","tipologia":"Abitazioni civili","stato":"NORMALE","trend":0.0,"trend_from":"2023-S2"}},{"type":"Feature","geometry":{"type":"Polygon","coordinates":[[[8.7598,44.43734],[8.75987,44.43744],[8.75958,44.43799],[8.75892,44.43817],[8.75802,44.43863],[8.75782,44.43867],[8.75745,44.4382],[8.7569,44.43789],[8.75698,44.43716],[8.75675,44.43687],[8.75629,44.43688],[8.75601,44.43708],[8.75563,44.43703],[8.75541,44.4375],[8.7548,44.43778],[8.75447,44.43766],[8.75401,44.43815],[8.75343,44.43859],[8.75302,44.43844],[8.75272,44.43862],[8.75217,44.43854],[8.75199,44.43832],[8.75139,44.43811],[8.75023,44.43812],[8.7494,44.43773],[8.7494,44.43825],[8.7492,44.43851],[8.74945,44.43894],[8.7489,44.43883],[8.74834,44.43903],[8.74792,44.43892],[8.74772,44.43902],[8.74665,44.43904],[8.74649,44.43872],[8.74607,44.43873],[8.746,44.43959],[8.74574,44.43947],[8.74501,44.43959],[8.74423,44.43918],[8.74396,44.43895],[8.74328,44.4391],[8.74241,44.43889],[8.74193,44.43848],[8.74145,44.43845],[8.74101,44.43793],[8.74121,44.43763],[8.74097,44.43728],[8.74123,44.43711],[8.74133,44.43682],[8.74161,44.43659],[8.74133,44.43593],[8.74127,44.43535],[8.74147,44.4351],[8.74111,44.43418],[8.7412,44.43374],[8.7414,44.4335],[8.74202,44.4332],[8.74233,44.43286],[8.74263,44.43236],[8.74309,44.43222],[8.74346,44.43185],[8.74458,44.4311],[8.745,44.43075],[8.7457,44.43074],[8.7462,44.43058],[8.74653,44.43059],[8.7469,44.43039],[8.74915,44.42989],[8.74931,44.42962],[8.7497,44.42946],[8.75036,44.42966],[8.75044,44.42939],[8.75078,44.42936],[8.75234,44.42941],[8.75248,44.43003],[8.75376,44.42974],[8.75412,44.42943],[8.75446,44.42929],[8.75512,44.42928],[8.75587,44.42914],[8.75667,44.42907],[8.75804,44.42869],[8.76003,44.4286],[8.76187,44.42859],[8.76187,44.42894],[8.76215,44.42965],[8.76249,44.4298],[8.76255,44.43031],[8.76296,44.43071],[8.76299,44.43098],[8.76315,44.43138],[8.76267,44.43156],[8.76275,44.43219],[8.76268,44.43247],[8.7622,44.43281],[8.76121,44.43324],[8.76061,44.4337],[8.76094,44.4343],[8.76086,44.43478],[8.76046,44.43511],[8.76003,44.43568],[8.75951,44.4357],[8.75927,44.43628],[8.75944,44.43644],[8.7598,44.43734]]]},"properties":{"zona":"D35","linkzona":"GE00003385","fascia":"D","fascia_label":"Periferica","descr":"VOLTRI TU.M. (V.BUFFA-V.VENTIMIGLIA-V.PIETRA LIGURE)","semestre":"2025-S2","loc_min":5.5,"loc_max":8.1,"loc_mid":6.8,"sale_min":1400.0,"sale_max":2050.0,"sup":"L","tipologia":"Abitazioni civili","stato":"NORMALE","trend":0.0,"trend_from":"2023-S2"}},{"type":"Feature","geometry":{"type":"Polygon","coordinates":[[[8.89882,44.42732],[8.89811,44.42731],[8.89799,44.42719],[8.89704,44.42699],[8.89689,44.4269],[8.89603,44.42682],[8.89549,44.42648],[8.89508,44.42596],[8.89493,44.42555],[8.89436,44.42498],[8.89409,44.42444],[8.89442,44.423],[8.89472,44.4224],[8.89528,44.42191],[8.89474,44.42195],[8.89437,44.42224],[8.89395,44.42278],[8.89379,44.42259],[8.89414,44.42223],[8.89377,44.4219],[8.89342,44.42176],[8.89272,44.42131],[8.89168,44.42076],[8.89125,44.4208],[8.89078,44.42041],[8.89008,44.4202],[8.89047,44.41954],[8.89004,44.41908],[8.89032,44.41893],[8.89,44.41845],[8.88882,44.41888],[8.88767,44.41899],[8.88717,44.41921],[8.88703,44.41903],[8.88699,44.41835],[8.88721,44.41803],[8.88775,44.41813],[8.88813,44.41747],[8.88845,44.41737],[8.88884,44.41676],[8.88998,44.41577],[8.89104,44.41524],[8.89112,44.41504],[8.89094,44.41477],[8.89101,44.41418],[8.8909,44.41411],[8.89147,44.41348],[8.89226,44.41359],[8.8931,44.4135],[8.8933,44.41355],[8.8937,44.41302],[8.89418,44.41339],[8.8945,44.41379],[8.89491,44.41363],[8.89658,44.41395],[8.897,44.4136],[8.89613,44.41281],[8.89829,44.41217],[8.89844,44.41205],[8.90014,44.41158],[8.90042,44.41189],[8.90087,44.41176],[8.90257,44.41184],[8.90385,44.41207],[8.90374,44.41234],[8.90429,44.41272],[8.90472,44.4125],[8.90534,44.41234],[8.9055,44.4119],[8.90577,44.4116],[8.90664,44.41195],[8.90726,44.41199],[8.90758,44.41218],[8.90848,44.41309],[8.90936,44.41271],[8.90949,44.4131],[8.90899,44.41352],[8.90872,44.41343],[8.90771,44.41513],[8.90754,44.41526],[8.90642,44.41525],[8.90597,44.41537],[8.9058,44.4151],[8.90543,44.41536],[8.90476,44.41546],[8.90467,44.41525],[8.90426,44.41535],[8.90434,44.41583],[8.90453,44.41585],[8.90456,44.41721],[8.90437,44.41722],[8.90425,44.41789],[8.90462,44.41811],[8.90467,44.41869],[8.90446,44.41915],[8.90454,44.4199],[8.90474,44.42],[8.90434,44.42072],[8.90404,44.42128],[8.90387,44.42124],[8.90329,44.42201],[8.90347,44.42262],[8.90366,44.42266],[8.90348,44.4236],[8.90333,44.4236],[8.90295,44.42454],[8.90251,44.4246],[8.9024,44.42478],[8.90037,44.42548],[8.90074,44.42579],[8.90136,44.42612],[8.90163,44.42639],[8.90183,44.42705],[8.90167,44.42713],[8.90022,44.42725],[8.89994,44.42722],[8.89918,44.42738],[8.89882,44.42732]]]},"properties":{"zona":"D23","linkzona":"GE00003363","fascia":"D","fascia_label":"Periferica","descr":"SAMPIERDARENA-MARTINETTI-BELVEDERE TU.M (C.SO MAGELLANO-V.DEI LANDI-V.M...","semestre":"2025-S2","loc_min":5.5,"loc_max":8.0,"loc_mid":6.75,"sale_min":950.0,"sale_max":1400.0,"sup":"L","tipologia":"Abitazioni civili","stato":"NORMALE","trend":0.0,"trend_from":"2023-S2"}},{"type":"Feature","geometry":{"type":"Polygon","coordinates":[[[8.98173,44.44504],[8.98246,44.44542],[8.9834,44.4458],[8.98443,44.44566],[8.98537,44.44534],[8.98567,44.44485],[8.9864,44.44488],[8.98789,44.4446],[8.98759,44.44405],[8.988,44.44416],[8.98857,44.44412],[8.98861,44.44493],[8.98887,44.44529],[8.98889,44.44557],[8.98921,44.4462],[8.98966,44.44636],[8.98952,44.44688],[8.99023,44.44708],[8.99042,44.44677],[8.99077,44.44667],[8.99092,44.44645],[8.99176,44.44663],[8.99229,44.44641],[8.99305,44.44641],[8.99329,44.44616],[8.99294,44.44597],[8.9928,44.44572],[8.9925,44.44571],[8.99241,44.44539],[8.99321,44.44494],[8.99341,44.44519],[8.9943,44.44495],[8.99465,44.44462],[8.99582,44.44456],[8.99579,44.44394],[8.99585,44.44347],[8.99489,44.44228],[8.99525,44.44177],[8.99587,44.44203],[8.99607,44.44222],[8.99667,44.44233],[8.99726,44.44213],[8.99812,44.44244],[8.99841,44.44247],[8.99894,44.44242],[8.99988,44.44171],[9.00036,44.44178],[9.00108,44.44164],[9.00134,44.44131],[9.00189,44.44189],[9.00288,44.44218],[9.00345,44.44182],[9.00383,44.44143],[9.00412,44.44144],[9.00512,44.44088],[9.00536,44.44062],[9.00627,44.44027],[9.00666,44.44054],[9.00667,44.44098],[9.00706,44.44111],[9.00729,44.44096],[9.00824,44.44158],[9.0081,44.44192],[9.00883,44.44195],[9.0094,44.44229],[9.00966,44.44225],[9.00943,44.44148],[9.00999,44.44134],[9.01022,44.44158],[9.01159,44.44116],[9.01229,44.44191],[9.01259,44.44192],[9.01251,44.44252],[9.01295,44.44253],[9.01319,44.44224],[9.01373,44.44254],[9.01357,44.4427],[9.01417,44.44309],[9.01416,44.44345],[9.0147,44.44368],[9.01472,44.44387],[9.01518,44.44425],[9.0155,44.44463],[9.01516,44.44518],[9.01536,44.44565],[9.01505,44.44619],[9.01551,44.44646],[9.01511,44.44665],[9.01522,44.4469],[9.01585,44.44689],[9.01657,44.44653],[9.01656,44.44613],[9.01692,44.44585],[9.01714,44.44588],[9.01724,44.44653],[9.01745,44.4468],[9.01777,44.44664],[9.01911,44.44698],[9.01948,44.44747],[9.02001,44.44744],[9.01935,44.4479],[9.01865,44.44827],[9.01836,44.44825],[9.01815,44.44849],[9.01806,44.44891],[9.01813,44.44936],[9.01575,44.44936],[9.0148,44.44942],[9.01476,44.44931],[9.01314,44.44923],[9.01231,44.44906],[9.01142,44.44902],[9.01011,44.44879],[9.00749,44.44821],[9.00669,44.44799],[9.00634,44.4478],[9.00525,44.44755],[9.00457,44.44747],[9.00368,44.44752],[9.00263,44.44749],[9.00191,44.44755],[9.00158,44.44769],[8.99929,44.44831],[8.99776,44.4487],[8.99759,44.44867],[8.99441,44.44951],[8.9935,44.44982],[8.99254,44.45033],[8.99221,44.45078],[8.99234,44.45156],[8.99223,44.45197],[8.99164,44.45261],[8.99125,44.45289],[8.99036,44.45337],[8.98884,44.45379],[8.98682,44.45431],[8.98598,44.45445],[8.98516,44.45449],[8.98379,44.45436],[8.98044,44.4536],[8.97988,44.45371],[8.97963,44.45349],[8.97766,44.45281],[8.97652,44.45232],[8.97507,44.45145],[8.97284,44.44973],[8.9733,44.44929],[8.97248,44.44857],[8.97353,44.44792],[8.97365,44.44713],[8.97434,44.44655],[8.97454,44.44693],[8.97506,44.44686],[8.97585,44.44705],[8.97599,44.44755],[8.97645,44.44745],[8.97692,44.44752],[8.97732,44.44769],[8.97795,44.44777],[8.97879,44.44757],[8.97978,44.44753],[8.98071,44.44735],[8.98054,44.44708],[8.98158,44.44653],[8.98184,44.44655],[8.98293,44.44627],[8.98219,44.4456],[8.98173,44.44504]]]},"properties":{"zona":"D11","linkzona":"GE00003346","fascia":"D","fascia_label":"Periferica","descr":"SPONDA SINISTRA ALTA VAL BISAGNO FV.M (V.ADAMOLI-V.G.DA VERRAZZANO-V.PE...","semestre":"2025-S2","loc_min":5.2,"loc_max":7.7,"loc_mid":6.45,"sale_min":1050.0,"sale_max":1550.0,"sup":"L","tipologia":"Abitazioni civili","stato":"NORMALE","trend":0.0,"trend_from":"2023-S2"}},{"type":"Feature","geometry":{"type":"Polygon","coordinates":[[[8.88987,44.43464],[8.88955,44.43476],[8.88676,44.43605],[8.88655,44.43567],[8.88638,44.43537],[8.88575,44.43476],[8.8857,44.4345],[8.88503,44.43417],[8.88457,44.43365],[8.8842,44.43343],[8.88431,44.43282],[8.88423,44.43231],[8.88343,44.43199],[8.88269,44.43179],[8.88276,44.43152],[8.88214,44.43139],[8.88186,44.43123],[8.88133,44.43113],[8.88126,44.43012],[8.88036,44.42958],[8.88047,44.42899],[8.88021,44.42882],[8.88017,44.42847],[8.88037,44.42821],[8.88028,44.42797],[8.87994,44.42745],[8.87878,44.42793],[8.87835,44.42752],[8.87862,44.42726],[8.87875,44.42678],[8.87861,44.42652],[8.87942,44.4261],[8.87959,44.42559],[8.87954,44.4254],[8.879,44.42548],[8.87906,44.42513],[8.87879,44.42483],[8.87908,44.42421],[8.87877,44.424],[8.87848,44.4233],[8.87783,44.42286],[8.87846,44.4225],[8.87921,44.42231],[8.87951,44.42236],[8.87872,44.4214],[8.87855,44.42099],[8.87852,44.42053],[8.87871,44.41976],[8.87873,44.41896],[8.87849,44.41833],[8.87763,44.41729],[8.87719,44.41694],[8.87709,44.41654],[8.87786,44.41607],[8.87794,44.41592],[8.8797,44.41552],[8.88019,44.41605],[8.88325,44.41962],[8.88451,44.42099],[8.88537,44.42211],[8.88692,44.42469],[8.88793,44.42622],[8.88861,44.42735],[8.88977,44.42932],[8.88994,44.43005],[8.88996,44.43069],[8.88989,44.43337],[8.88979,44.43366],[8.88987,44.43464]]]},"properties":{"zona":"D48","linkzona":"GE00003403","fascia":"D","fascia_label":"Periferica","descr":"CAMPI (CORSO PERRONE)","semestre":"2025-S2","loc_min":null,"loc_max":null,"loc_mid":null}},{"type":"Feature","geometry":{"type":"Polygon","coordinates":[[[8.77434,44.43257],[8.7742,44.43288],[8.77436,44.43376],[8.77409,44.43409],[8.77323,44.43457],[8.77303,44.43493],[8.77255,44.43504],[8.7718,44.43499],[8.77133,44.43514],[8.7711,44.43549],[8.77115,44.43587],[8.77135,44.43618],[8.77144,44.43689],[8.77119,44.43737],[8.77066,44.43798],[8.77041,44.43863],[8.77006,44.43869],[8.76911,44.43843],[8.76877,44.43904],[8.76833,44.43962],[8.7683,44.43989],[8.768,44.44009],[8.76819,44.44048],[8.76821,44.44101],[8.76798,44.44136],[8.76757,44.44157],[8.76741,44.44207],[8.76755,44.44249],[8.76729,44.44268],[8.76656,44.4429],[8.7652,44.44345],[8.76474,44.44356],[8.7646,44.44311],[8.76459,44.44259],[8.76437,44.44195],[8.76441,44.44131],[8.76325,44.44087],[8.76263,44.44056],[8.7622,44.44009],[8.76161,44.43963],[8.76118,44.43914],[8.76141,44.43774],[8.76115,44.43772],[8.76083,44.43746],[8.76031,44.43755],[8.75987,44.43744],[8.7598,44.43734],[8.75944,44.43644],[8.75927,44.43628],[8.75951,44.4357],[8.76003,44.43568],[8.76046,44.43511],[8.76086,44.43478],[8.76094,44.4343],[8.76061,44.4337],[8.76121,44.43324],[8.7622,44.43281],[8.76268,44.43247],[8.76275,44.43219],[8.76267,44.43156],[8.76315,44.43138],[8.76299,44.43098],[8.76315,44.43073],[8.76373,44.43043],[8.7666,44.43032],[8.7673,44.43016],[8.76799,44.43018],[8.76864,44.43039],[8.76889,44.43082],[8.76921,44.43048],[8.7697,44.43054],[8.77016,44.43076],[8.77096,44.43077],[8.77178,44.43095],[8.77178,44.43104],[8.77254,44.43127],[8.77285,44.43153],[8.77325,44.43234],[8.77434,44.43257]]]},"properties":{"zona":"D36","linkzona":"GE00003387","fascia":"D","fascia_label":"Periferica","descr":"CEEP DI PRA` TU.B. (V.MARTIRI DEL TURCHINO-V.DELLA BENEDICTA-V.CRAVASCO...","semestre":"2025-S2","loc_min":4.1,"loc_max":6.1,"loc_mid":5.1,"sup":"L","tipologia":"Abitazioni di tipo economico","stato":"NORMALE","trend":0.0,"trend_from":"2023-S2"}}]}