{"type":"FeatureCollection","features":[{"type":"Feature","geometry":{"type":"Polygon","coordinates":[[[12.42204,41.8327],[12.42099,41.83193],[12.42037,41.83164],[12.41962,41.83083],[12.42004,41.83031],[12.42058,41.83055],[12.4215,41.83046],[12.42212,41.83129],[12.42284,41.83201],[12.42469,41.83306],[12.42584,41.83337],[12.4267,41.83333],[12.42791,41.83304],[12.42898,41.83251],[12.43052,41.83117],[12.43164,41.82975],[12.43253,41.82828],[12.43369,41.82716],[12.43556,41.82617],[12.43654,41.82598],[12.43873,41.82607],[12.44015,41.82634],[12.4413,41.82686],[12.4419,41.82701],[12.44197,41.82714],[12.44433,41.82853],[12.44757,41.83026],[12.44931,41.83123],[12.45169,41.8329],[12.45277,41.83359],[12.45417,41.835],[12.45587,41.83662],[12.4559,41.83682],[12.45689,41.83795],[12.45759,41.83855],[12.45783,41.83894],[12.46064,41.84188],[12.46193,41.84279],[12.46178,41.84293],[12.4636,41.84421],[12.46588,41.84501],[12.47027,41.8461],[12.47085,41.84581],[12.47082,41.8463],[12.47135,41.84678],[12.47157,41.84767],[12.47131,41.84835],[12.46992,41.84951],[12.46885,41.84985],[12.46756,41.85046],[12.46609,41.85086],[12.46407,41.8515],[12.46196,41.85231],[12.46112,41.85306],[12.46053,41.85413],[12.46049,41.85507],[12.46075,41.8562],[12.46143,41.85831],[12.46082,41.85848],[12.46031,41.85836],[12.45948,41.85862],[12.45928,41.85858],[12.45823,41.85772],[12.45753,41.85694],[12.4569,41.85584],[12.45661,41.85576],[12.45592,41.85311],[12.456,41.85284],[12.45545,41.85055],[12.45521,41.85023],[12.45515,41.84882],[12.45468,41.84657],[12.45428,41.84539],[12.45375,41.8444],[12.45132,41.84094],[12.44967,41.83852],[12.44985,41.83843],[12.44857,41.83661],[12.44838,41.83666],[12.44761,41.83561],[12.44632,41.8346],[12.44573,41.83437],[12.44432,41.83405],[12.44341,41.83375],[12.44194,41.83377],[12.43854,41.83397],[12.43646,41.83414],[12.43485,41.83419],[12.43484,41.83449],[12.43388,41.83431],[12.43243,41.83438],[12.4325,41.83411],[12.43095,41.83413],[12.43069,41.83438],[12.42769,41.83457],[12.42628,41.83449],[12.4251,41.83423],[12.42347,41.83367],[12.42281,41.83332],[12.42204,41.8327]]]},"properties":{"zona":"D8","linkzona":"RM00000150","fascia":"D","fascia_label":"Periferica","descr":"MAGLIANA (VIA DELL`IMPRUNETA)","semestre":"2025-S2","loc_min":9.5,"loc_max":13.5,"loc_mid":11.5,"sale_min":2100.0,"sale_max":2900.0,"sup":"L","tipologia":"Abitazioni civili","stato":"NORMALE"}},{"type":"Feature","geometry":{"type":"Polygon","coordinates":[[[12.54952,41.867],[12.54938,41.86753],[12.55076,41.86852],[12.55048,41.86901],[12.54987,41.87262],[12.54827,41.87251],[12.54825,41.87237],[12.54597,41.87246],[12.54393,41.87231],[12.54337,41.8724],[12.54214,41.87353],[12.54114,41.87421],[12.5409,41.87265],[12.54069,41.87188],[12.5404,41.87143],[12.53958,41.87294],[12.54037,41.87141],[12.54174,41.86898],[12.54352,41.86564],[12.54405,41.86482],[12.54519,41.86276],[12.5451,41.86248],[12.54693,41.85926],[12.54748,41.85899],[12.5476,41.85863],[12.54681,41.85861],[12.54799,41.8541],[12.54814,41.85387],[12.54951,41.85375],[12.55272,41.8535],[12.55532,41.85312],[12.55444,41.85328],[12.55311,41.85435],[12.55359,41.85451],[12.55464,41.85527],[12.55522,41.85516],[12.55785,41.85771],[12.55884,41.85852],[12.55713,41.85954],[12.55248,41.86197],[12.55048,41.86293],[12.54852,41.8635],[12.54801,41.86378],[12.54743,41.86378],[12.54746,41.86426],[12.55002,41.86466],[12.54989,41.86537],[12.5499,41.86537],[12.54924,41.86618],[12.54952,41.867]]]},"properties":{"zona":"D53","linkzona":"RM00001094","fascia":"D","fascia_label":"Periferica","descr":"QUADRARO (VIA DEI QUINTILI)","semestre":"2025-S2","loc_min":9.8,"loc_max":14.3,"loc_mid":12.05,"sale_min":2300.0,"sale_max":3400.0,"sup":"L","tipologia":"Abitazioni civili","stato":"NORMALE"}},{"type":"Feature","geometry":{"type":"Polygon","coordinates":[[[12.46229,41.81687],[12.46095,41.81437],[12.46155,41.81423],[12.46201,41.81383],[12.46452,41.81375],[12.46633,41.81279],[12.46706,41.8134],[12.46623,41.81399],[12.46856,41.81491],[12.46974,41.81504],[12.47126,41.81391],[12.47197,41.8147],[12.47603,41.81518],[12.47676,41.81582],[12.48293,41.81779],[12.48209,41.81872],[12.48126,41.82023],[12.47921,41.82073],[12.4788,41.8204],[12.47176,41.82021],[12.46982,41.82],[12.46419,41.81848],[12.46349,41.81858],[12.46241,41.81851],[12.46237,41.81792],[12.46195,41.81699],[12.46229,41.81687]]]},"properties":{"zona":"D78","linkzona":"RM00003581","fascia":"D","fascia_label":"Periferica","descr":"FERRATELLA (VIALE CESARE PAVESE)","semestre":"2025-S2","loc_min":9.8,"loc_max":14.5,"loc_mid":12.15,"sale_min":2600.0,"sale_max":3900.0,"sup":"L","tipologia":"Abitazioni civili","stato":"NORMALE"}},{"type":"Feature","geometry":{"type":"Polygon","coordinates":[[[12.40413,41.91269],[12.40222,41.91197],[12.4,41.91153],[12.39961,41.91122],[12.39935,41.91063],[12.40078,41.90981],[12.40151,41.90946],[12.40156,41.90944],[12.40317,41.90891],[12.40542,41.90848],[12.40608,41.90862],[12.40716,41.90773],[12.40756,41.90726],[12.40852,41.90612],[12.40885,41.90515],[12.40996,41.90447],[12.41027,41.90503],[12.41098,41.90565],[12.41157,41.9059],[12.4132,41.90634],[12.41409,41.90628],[12.41579,41.90691],[12.41665,41.90749],[12.41727,41.9082],[12.41791,41.90928],[12.41849,41.91143],[12.41838,41.91304],[12.41825,41.91655],[12.41823,41.91827],[12.41834,41.91864],[12.41952,41.92077],[12.42033,41.92238],[12.42171,41.92291],[12.42232,41.9229],[12.42387,41.92235],[12.42469,41.92361],[12.42535,41.92349],[12.43072,41.92326],[12.43157,41.92329],[12.43156,41.92405],[12.43178,41.92525],[12.43069,41.92565],[12.42978,41.92618],[12.42969,41.92681],[12.42888,41.92686],[12.4274,41.92771],[12.42679,41.92772],[12.42751,41.92954],[12.42749,41.93049],[12.42661,41.93195],[12.4264,41.93275],[12.42674,41.93526],[12.42456,41.93725],[12.42369,41.93682],[12.42346,41.93687],[12.42202,41.93856],[12.42024,41.93743],[12.41961,41.93696],[12.41804,41.93545],[12.41762,41.93552],[12.4161,41.93486],[12.41552,41.93442],[12.41488,41.9337],[12.41422,41.93271],[12.41374,41.93216],[12.41244,41.93142],[12.41224,41.93086],[12.41036,41.92983],[12.40959,41.92949],[12.4098,41.92899],[12.41037,41.92877],[12.41029,41.92793],[12.41101,41.92708],[12.41101,41.92657],[12.40933,41.9245],[12.40924,41.92415],[12.40952,41.92345],[12.41181,41.92294],[12.41029,41.92102],[12.40917,41.91873],[12.40936,41.91866],[12.40782,41.91545],[12.40637,41.91383],[12.40413,41.91269]]]},"properties":{"zona":"D24","linkzona":"RM00000187","fascia":"D","fascia_label":"Periferica","descr":"PRIMAVALLE-TORREVECCHIA (VIA DI TORREVECCHIA)","semestre":"2025-S2","loc_min":9.8,"loc_max":14.3,"loc_mid":12.05,"sale_min":2350.0,"sale_max":3400.0,"sup":"L","tipologia":"Abitazioni civili","stato":"NORMALE"}},{"type":"Feature","geometry":{"type":"Polygon","coordinates":[[[12.55273,41.90225],[12.55041,41.90165],[12.5498,41.90174],[12.54871,41.90137],[12.54845,41.90106],[12.54776,41.90075],[12.54799,41.90032],[12.5485,41.90008],[12.54863,41.8996],[12.54942,41.89923],[12.5497,41.89817],[12.54868,41.89795],[12.54896,41.89728],[12.55008,41.89603],[12.55055,41.89528],[12.55096,41.89403],[12.5516,41.89402],[12.55663,41.89465],[12.55691,41.89497],[12.55925,41.89526],[12.55926,41.89525],[12.55931,41.89509],[12.56143,41.89509],[12.56648,41.89521],[12.56669,41.89526],[12.56662,41.89731],[12.56644,41.89763],[12.56641,41.89997],[12.56624,41.90023],[12.56733,41.90076],[12.56739,41.90092],[12.56603,41.90485],[12.56586,41.90521],[12.56409,41.90467],[12.56181,41.90409],[12.55992,41.90376],[12.55907,41.90349],[12.55787,41.90327],[12.5575,41.90349],[12.55694,41.90297],[12.55641,41.90306],[12.55472,41.90276],[12.55273,41.90225]]]},"properties":{"zona":"D17","linkzona":"RM00000185","fascia":"D","fascia_label":"Periferica","descr":"COLLATINO (VIA DELLA SERENISSIMA)","semestre":"2025-S2","loc_min":10.0,"loc_max":13.8,"loc_mid":11.9,"sale_min":2250.0,"sale_max":3200.0,"sup":"L","tipologia":"Abitazioni civili","stato":"NORMALE"}},{"type":"Feature","geometry":{"type":"Polygon","coordinates":[[[12.50372,41.94555],[12.50356,41.94693],[12.50658,41.94724],[12.50681,41.94737],[12.50646,41.94944],[12.50654,41.94948],[12.50593,41.95309],[12.50617,41.95951],[12.50622,41.9604],[12.50325,41.9604],[12.50244,41.96037],[12.50128,41.95964],[12.49962,41.95918],[12.49869,41.9591],[12.49745,41.95917],[12.49627,41.95912],[12.49538,41.95922],[12.4927,41.95993],[12.49187,41.96002],[12.49061,41.95988],[12.48986,41.95963],[12.48928,41.95877],[12.48901,41.95803],[12.48885,41.95672],[12.489,41.95606],[12.48942,41.95513],[12.48992,41.95457],[12.49147,41.9534],[12.49286,41.95258],[12.49479,41.95153],[12.49898,41.94957],[12.49984,41.94928],[12.50167,41.94799],[12.50242,41.94721],[12.50326,41.94688],[12.50341,41.94556],[12.50329,41.94474],[12.50358,41.94469],[12.50372,41.94555]]]},"properties":{"zona":"R29","linkzona":"RM00001500","fascia":"R","fascia_label":"Extraurbana","descr":"AERURBE","semestre":"2025-S2","loc_min":null,"loc_max":null,"loc_mid":null,"nonres":true}},{"type":"Feature","geometry":{"type":"Polygon","coordinates":[[[12.57075,41.93687],[12.5687,41.93191],[12.57195,41.93115],[12.57273,41.93106],[12.5731,41.93082],[12.57391,41.93094],[12.57735,41.93017],[12.57741,41.93026],[12.57763,41.93059],[12.57777,41.93075],[12.57752,41.93079],[12.57796,41.932],[12.57834,41.93274],[12.57878,41.93401],[12.57784,41.93423],[12.57814,41.93543],[12.57987,41.93616],[12.58032,41.93721],[12.57147,41.93927],[12.5705,41.93696],[12.57075,41.93687]]]},"properties":{"zona":"R15","linkzona":"RM00001486","fascia":"R","fascia_label":"Extraurbana","descr":"REBIBBIA","semestre":"2025-S2","loc_min":null,"loc_max":null,"loc_mid":null,"nonres":true}},{"type":"Feature","geometry":{"type":"MultiPolygon","coordinates":[[[[12.39133,41.76487],[12.38439,41.76567],[12.38319,41.76475],[12.38287,41.76499],[12.37572,41.75953],[12.37607,41.7593],[12.37705,41.75939],[12.37769,41.75921],[12.37955,41.75913],[12.38043,41.75943],[12.38088,41.75879],[12.38303,41.75742],[12.3834,41.75718],[12.38347,41.75857],[12.38386,41.75907],[12.38503,41.75931],[12.38598,41.76023],[12.38561,41.7608],[12.39089,41.76208],[12.39086,41.76289],[12.39111,41.76454],[12.39133,41.76487]]],[[[12.34507,41.6998],[12.34742,41.69853],[12.34866,41.69801],[12.35156,41.69644],[12.3535,41.69548],[12.35407,41.69529],[12.3588,41.69296],[12.36097,41.69164],[12.36284,41.69062],[12.36455,41.68988],[12.36616,41.68884],[12.36802,41.68773],[12.36994,41.68698],[12.37065,41.68646],[12.37173,41.68586],[12.37231,41.68542],[12.37428,41.68429],[12.37595,41.6831],[12.3769,41.68277],[12.37791,41.68198],[12.37956,41.68086],[12.38079,41.68019],[12.38144,41.6797],[12.3843,41.67801],[12.38521,41.67738],[12.38662,41.67667],[12.3886,41.67524],[12.38944,41.67491],[12.3903,41.67411],[12.39157,41.67316],[12.39304,41.67217],[12.39383,41.67151],[12.39538,41.67044],[12.3977,41.66911],[12.39888,41.66809],[12.40038,41.66693],[12.40255,41.66543],[12.4039,41.66423],[12.40494,41.66322],[12.40626,41.6621],[12.40747,41.66128],[12.40846,41.66079],[12.41108,41.65927],[12.41245,41.6584],[12.41385,41.65719],[12.41594,41.65557],[12.4171,41.65646],[12.41467,41.65814],[12.41336,41.65898],[12.41319,41.65918],[12.41049,41.66089],[12.40789,41.66274],[12.40446,41.66533],[12.40417,41.66607],[12.40347,41.66664],[12.40191,41.66735],[12.4004,41.66855],[12.39961,41.66896],[12.39866,41.66984],[12.39653,41.67142],[12.39577,41.67183],[12.39372,41.67365],[12.39242,41.67457],[12.39024,41.67629],[12.38872,41.67717],[12.3911,41.68078],[12.39112,41.68096],[12.38858,41.68214],[12.38823,41.68237],[12.37583,41.69292],[12.37082,41.69626],[12.36505,41.69399],[12.36482,41.69436],[12.36225,41.69565],[12.35988,41.69621],[12.35874,41.69665],[12.35618,41.6982],[12.3541,41.69978],[12.35321,41.69999],[12.35235,41.70036],[12.34938,41.70184],[12.34833,41.70223],[12.34698,41.70127],[12.34629,41.70081],[12.34507,41.6998]]],[[[12.41071,41.78132],[12.4111,41.78173],[12.40825,41.78296],[12.40735,41.78351],[12.39732,41.77584],[12.39704,41.77537],[12.39897,41.77249],[12.39997,41.77036],[12.40055,41.76837],[12.40044,41.76618],[12.40169,41.76776],[12.403,41.76841],[12.4032,41.7697],[12.40354,41.77009],[12.40423,41.77039],[12.40496,41.77105],[12.4054,41.77094],[12.40565,41.77201],[12.40614,41.77266],[12.40619,41.77364],[12.40655,41.77415],[12.40724,41.77451],[12.41004,41.77477],[12.4109,41.77496],[12.41137,41.77532],[12.41142,41.77574],[12.41314,41.77605],[12.41517,41.77729],[12.41644,41.77722],[12.41857,41.77584],[12.41981,41.77648],[12.42126,41.77499],[12.42329,41.77451],[12.4234,41.77468],[12.42158,41.77513],[12.42087,41.7757],[12.41975,41.7768],[12.41643,41.77956],[12.41578,41.77985],[12.41422,41.78035],[12.4121,41.78087],[12.41071,41.78132]]],[[[12.4253,41.68958],[12.42173,41.69203],[12.4202,41.69363],[12.41542,41.68596],[12.41324,41.68441],[12.4138,41.68405],[12.4145,41.68435],[12.4154,41.68455],[12.41606,41.68439],[12.41615,41.6827],[12.41686,41.68233],[12.41691,41.68089],[12.4184,41.68042],[12.41982,41.68056],[12.41902,41.68489],[12.4187,41.68736],[12.41933,41.68777],[12.42025,41.68817],[12.42076,41.68855],[12.4229,41.68896],[12.42413,41.68936],[12.4253,41.68958]]],[[[12.43809,41.76618],[12.43754,41.76679],[12.43666,41.76804],[12.43587,41.76942],[12.43515,41.77004],[12.43397,41.7708],[12.43384,41.77117],[12.43273,41.77183],[12.43146,41.77148],[12.43089,41.77161],[12.43003,41.77152],[12.42914,41.77162],[12.42844,41.77149],[12.43026,41.77029],[12.43048,41.76983],[12.4304,41.76845],[12.43072,41.76802],[12.43087,41.76719],[12.43165,41.76587],[12.43165,41.7673],[12.43206,41.76769],[12.43349,41.76722],[12.43644,41.76775],[12.43655,41.76767],[12.43729,41.76478],[12.43804,41.76495],[12.43799,41.76553],[12.43809,41.76618]]]]},"properties":{"zona":"R27","linkzona":"RM00001498","fascia":"R","fascia_label":"Extraurbana","descr":"TENUTA PRES. CASTEL PORZIANO (VIALE DI CASTEL PORZIANO)","semestre":"2025-S2","loc_min":null,"loc_max":null,"loc_mid":null,"nonres":true}},{"type":"Feature","geometry":{"type":"MultiPolygon","coordinates":[[[[12.48097,41.95274],[12.48088,41.9527],[12.48158,41.95291],[12.48097,41.95274]]],[[[12.47507,41.95084],[12.4752,41.95077],[12.4752,41.95078],[12.47507,41.95084]]],[[[12.4717,41.96561],[12.47068,41.96465],[12.46977,41.96407],[12.46871,41.96369],[12.46788,41.96272],[12.46632,41.96176],[12.46551,41.95989],[12.46669,41.95803],[12.46502,41.95791],[12.46528,41.95699],[12.46556,41.9567],[12.46512,41.95609],[12.46575,41.95505],[12.46611,41.95504],[12.46677,41.95219],[12.46715,41.95185],[12.46798,41.9521],[12.46863,41.95199],[12.47212,41.95176],[12.4724,41.95245],[12.47294,41.95304],[12.47375,41.95367],[12.47555,41.95429],[12.48123,41.95588],[12.47911,41.95811],[12.47653,41.96093],[12.47416,41.96383],[12.47331,41.96431],[12.4717,41.96561]]]]},"properties":{"zona":"R1","linkzona":"RM00001261","fascia":"R","fascia_label":"Extraurbana","descr":"INVIOLATELLA DUE PONTI (VIA BOMARZO)","semestre":"2025-S2","loc_min":null,"loc_max":null,"loc_mid":null,"nonres":true}},{"type":"Feature","geometry":{"type":"Polygon","coordinates":[[[12.5575,41.90349],[12.55787,41.90327],[12.55907,41.90349],[12.55992,41.90376],[12.56181,41.90409],[12.56409,41.90467],[12.56586,41.90521],[12.56603,41.90485],[12.56706,41.90496],[12.56679,41.90547],[12.56874,41.90634],[12.56956,41.90649],[12.57174,41.90739],[12.57509,41.90786],[12.57548,41.90782],[12.57652,41.90818],[12.57628,41.90863],[12.57737,41.90907],[12.57936,41.90964],[12.58079,41.90993],[12.58236,41.91006],[12.58269,41.91021],[12.58354,41.91176],[12.58661,41.9171],[12.58628,41.91757],[12.58631,41.91796],[12.5854,41.91862],[12.58469,41.91862],[12.58423,41.91891],[12.58233,41.91865],[12.58204,41.91834],[12.58159,41.91851],[12.57957,41.91848],[12.579,41.91902],[12.57964,41.9195],[12.58016,41.92071],[12.58116,41.92041],[12.58188,41.92042],[12.58221,41.92065],[12.58266,41.92349],[12.5811,41.92394],[12.58041,41.92381],[12.57971,41.92324],[12.57898,41.92291],[12.5781,41.92287],[12.57682,41.92308],[12.57535,41.92282],[12.57445,41.9225],[12.57398,41.92211],[12.57314,41.92094],[12.57194,41.92021],[12.57049,41.91948],[12.57017,41.91838],[12.56882,41.91876],[12.56878,41.91917],[12.5677,41.92021],[12.56765,41.92099],[12.56868,41.9216],[12.5693,41.92212],[12.56885,41.92264],[12.56815,41.92289],[12.5635,41.9175],[12.56284,41.91681],[12.56127,41.91548],[12.55989,41.91448],[12.55902,41.91415],[12.55745,41.91379],[12.55572,41.91309],[12.55475,41.91254],[12.55366,41.91217],[12.55403,41.91146],[12.5556,41.9094],[12.55627,41.90784],[12.55659,41.90655],[12.55688,41.90592],[12.55687,41.90541],[12.5575,41.90349]]]},"properties":{"zona":"D61","linkzona":"RM00001102","fascia":"D","fascia_label":"Periferica","descr":"COLLI ANIENE-VERDEROCCA (VIA GROTTA DI GREGNA)","semestre":"2025-S2","loc_min":10.3,"loc_max":14.8,"loc_mid":12.55,"sale_min":2550.0,"sale_max":3700.0,"sup":"L","tipologia":"Abitazioni civili","stato":"NORMALE"}},{"type":"Feature","geometry":{"type":"Polygon","coordinates":[[[12.4943,41.83346],[12.49477,41.83346],[12.49721,41.83411],[12.49809,41.83379],[12.49867,41.83334],[12.49874,41.83483],[12.49847,41.83655],[12.49854,41.83724],[12.49798,41.83727],[12.49476,41.83902],[12.49297,41.83958],[12.49138,41.83992],[12.49043,41.83978],[12.48874,41.84076],[12.48813,41.84051],[12.48702,41.83954],[12.48583,41.83896],[12.48483,41.83911],[12.48318,41.83862],[12.48084,41.83832],[12.48071,41.8382],[12.48103,41.83714],[12.48114,41.83391],[12.48103,41.83265],[12.48297,41.83219],[12.4845,41.83193],[12.48568,41.83166],[12.4872,41.83158],[12.48863,41.83174],[12.48965,41.83261],[12.48957,41.83347],[12.4907,41.83337],[12.49161,41.83345],[12.49336,41.83344],[12.49353,41.83375],[12.4943,41.83346]]]},"properties":{"zona":"D38","linkzona":"RM00000804","fascia":"D","fascia_label":"Periferica","descr":"TINTORETTO (VIA BALLARIN)","semestre":"2025-S2","loc_min":10.5,"loc_max":15.0,"loc_mid":12.75,"sale_min":2450.0,"sale_max":3400.0,"sup":"L","tipologia":"Abitazioni civili","stato":"NORMALE"}},{"type":"Feature","geometry":{"type":"Polygon","coordinates":[[[12.47085,41.84581],[12.47089,41.8453],[12.47152,41.84545],[12.47196,41.84527],[12.47281,41.84524],[12.47351,41.84575],[12.47533,41.84554],[12.47611,41.84568],[12.47639,41.84604],[12.47723,41.84566],[12.47828,41.84586],[12.47889,41.84626],[12.47928,41.84629],[12.48257,41.84865],[12.48193,41.84887],[12.48093,41.8502],[12.47977,41.85137],[12.48053,41.8563],[12.48,41.85612],[12.47885,41.85689],[12.47809,41.8567],[12.47768,41.85701],[12.47798,41.85772],[12.47851,41.86003],[12.4788,41.86121],[12.47917,41.86341],[12.47868,41.86344],[12.4784,41.86266],[12.47742,41.86261],[12.47798,41.86346],[12.47721,41.86361],[12.47665,41.86266],[12.47544,41.86172],[12.47429,41.86114],[12.47184,41.86045],[12.47005,41.86018],[12.46712,41.85989],[12.46466,41.85998],[12.46283,41.85959],[12.46219,41.85923],[12.46143,41.85831],[12.46075,41.8562],[12.46049,41.85507],[12.46053,41.85413],[12.46112,41.85306],[12.46196,41.85231],[12.46407,41.8515],[12.46609,41.85086],[12.46756,41.85046],[12.46885,41.84985],[12.46992,41.84951],[12.47131,41.84835],[12.47157,41.84767],[12.47135,41.84678],[12.47082,41.8463],[12.47085,41.84581]]]},"properties":{"zona":"D5","linkzona":"RM00000147","fascia":"D","fascia_label":"Periferica","descr":"SAN PAOLO (VIA TULLIO LEVI CIVITA)","semestre":"2025-S2","loc_min":10.8,"loc_max":15.8,"loc_mid":13.3,"sale_min":2850.0,"sale_max":4100.0,"sup":"L","tipologia":"Abitazioni civili","stato":"NORMALE"}},{"type":"Feature","geometry":{"type":"Polygon","coordinates":[[[12.4419,41.82701],[12.44233,41.82669],[12.44378,41.82655],[12.44565,41.82672],[12.44668,41.82618],[12.44703,41.82638],[12.448,41.826],[12.4479,41.82534],[12.44835,41.82457],[12.4509,41.82622],[12.4529,41.82781],[12.4537,41.82773],[12.45432,41.82687],[12.45482,41.82658],[12.45503,41.82619],[12.45948,41.82136],[12.46192,41.81882],[12.46241,41.81851],[12.46349,41.81858],[12.46419,41.81848],[12.46982,41.82],[12.47176,41.82021],[12.4788,41.8204],[12.47921,41.82073],[12.48126,41.82023],[12.48119,41.82099],[12.48059,41.82184],[12.47986,41.82258],[12.47971,41.82309],[12.47926,41.82545],[12.47899,41.82683],[12.47904,41.82758],[12.47939,41.82824],[12.48023,41.82911],[12.48064,41.82994],[12.48103,41.83265],[12.48114,41.83391],[12.48103,41.83714],[12.48071,41.8382],[12.48061,41.8397],[12.48054,41.84295],[12.48021,41.84402],[12.47934,41.84537],[12.47892,41.84569],[12.47889,41.84626],[12.47828,41.84586],[12.47723,41.84566],[12.47639,41.84604],[12.47611,41.84568],[12.47533,41.84554],[12.47351,41.84575],[12.47281,41.84524],[12.47196,41.84527],[12.47152,41.84545],[12.47089,41.8453],[12.47085,41.84581],[12.47027,41.8461],[12.46588,41.84501],[12.4636,41.84421],[12.46178,41.84293],[12.46193,41.84279],[12.46064,41.84188],[12.45783,41.83894],[12.45759,41.83855],[12.45689,41.83795],[12.4559,41.83682],[12.45587,41.83662],[12.45417,41.835],[12.45277,41.83359],[12.45169,41.8329],[12.44931,41.83123],[12.44757,41.83026],[12.44433,41.82853],[12.44197,41.82714],[12.4419,41.82701]]]},"properties":{"zona":"D29","linkzona":"RM00000069","fascia":"D","fascia_label":"Periferica","descr":"EUR (VIALE EUROPA)","semestre":"2025-S2","loc_min":12.8,"loc_max":18.8,"loc_mid":15.8,"sale_min":3300.0,"sale_max":4900.0,"sup":"L","tipologia":"Abitazioni civili","stato":"NORMALE"}},{"type":"Feature","geometry":{"type":"Polygon","coordinates":[[[12.53229,41.89021],[12.53254,41.89007],[12.5345,41.89018],[12.53476,41.88884],[12.53504,41.88867],[12.53511,41.88752],[12.53495,41.88693],[12.53722,41.88587],[12.53814,41.88587],[12.54047,41.8864],[12.54093,41.88653],[12.54312,41.88645],[12.54364,41.8855],[12.54624,41.8859],[12.54782,41.884],[12.5494,41.88488],[12.55116,41.8841],[12.55523,41.88378],[12.55665,41.88372],[12.55841,41.88354],[12.56018,41.88347],[12.561,41.8839],[12.56082,41.88405],[12.56114,41.88775],[12.56156,41.88818],[12.56104,41.88952],[12.56074,41.88948],[12.56031,41.89068],[12.56059,41.89075],[12.55966,41.8934],[12.55937,41.89334],[12.559,41.89439],[12.5589,41.89521],[12.55925,41.89526],[12.55691,41.89497],[12.55663,41.89465],[12.5516,41.89402],[12.55179,41.89368],[12.54488,41.89288],[12.54475,41.89322],[12.55097,41.89396],[12.55096,41.89403],[12.55055,41.89528],[12.55008,41.89603],[12.54896,41.89728],[12.54868,41.89795],[12.54646,41.89748],[12.54617,41.89756],[12.54526,41.89722],[12.54281,41.89679],[12.54146,41.89645],[12.54106,41.89679],[12.53929,41.89659],[12.53619,41.89585],[12.53567,41.89582],[12.53438,41.89547],[12.53358,41.89543],[12.53384,41.89501],[12.5329,41.89477],[12.53287,41.89258],[12.53111,41.89232],[12.53141,41.89198],[12.53332,41.89222],[12.53333,41.89204],[12.53209,41.89192],[12.53229,41.89021]]]},"properties":{"zona":"D1","linkzona":"RM00000135","fascia":"D","fascia_label":"Periferica","descr":"PRENESTINO LABICANO (VIALE PARTENOPE,VIA TEANO)","semestre":"2025-S2","loc_min":10.0,"loc_max":14.5,"loc_mid":12.25,"sale_min":2450.0,"sale_max":3500.0,"sup":"L","tipologia":"Abitazioni civili","stato":"NORMALE"}},{"type":"Feature","geometry":{"type":"Polygon","coordinates":[[[12.44435,41.75837],[12.4436,41.75984],[12.44295,41.76067],[12.44193,41.76269],[12.44096,41.76273],[12.44083,41.76318],[12.44042,41.76349],[12.44034,41.76396],[12.43997,41.76419],[12.43971,41.76474],[12.4392,41.76498],[12.43846,41.76505],[12.43841,41.76503],[12.43731,41.76472],[12.43741,41.76411],[12.43649,41.76305],[12.43639,41.76265],[12.4367,41.76183],[12.43648,41.76124],[12.43584,41.76124],[12.43525,41.76052],[12.43526,41.76005],[12.43557,41.75923],[12.43541,41.75849],[12.43508,41.75814],[12.43292,41.75757],[12.43282,41.75694],[12.4337,41.75502],[12.43379,41.75452],[12.43445,41.75305],[12.43519,41.75227],[12.4358,41.75186],[12.43707,41.75055],[12.43727,41.74889],[12.43693,41.74801],[12.43603,41.74748],[12.43531,41.74605],[12.43336,41.74473],[12.43242,41.74428],[12.43197,41.74373],[12.43197,41.74305],[12.43115,41.7397],[12.43112,41.73842],[12.43094,41.73761],[12.43108,41.73706],[12.4316,41.73621],[12.43185,41.73517],[12.43182,41.73406],[12.4313,41.73311],[12.43092,41.7247],[12.42991,41.72042],[12.42947,41.71983],[12.42843,41.71909],[12.42674,41.71618],[12.42407,41.71411],[12.42325,41.7123],[12.42331,41.71193],[12.42393,41.71039],[12.42476,41.70941],[12.42552,41.70816],[12.42683,41.70684],[12.43239,41.70117],[12.43614,41.69741],[12.44487,41.68951],[12.44706,41.68751],[12.44784,41.68644],[12.44858,41.68477],[12.44938,41.68378],[12.45148,41.68173],[12.45311,41.68238],[12.46195,41.68597],[12.46404,41.68617],[12.46677,41.68758],[12.47955,41.68954],[12.48292,41.69004],[12.48407,41.69011],[12.48697,41.69002],[12.48858,41.69026],[12.49183,41.69133],[12.49413,41.69213],[12.49552,41.69326],[12.49656,41.69257],[12.49752,41.69231],[12.49809,41.69193],[12.49822,41.69153],[12.49864,41.69136],[12.49968,41.69031],[12.50279,41.68984],[12.50366,41.68959],[12.50421,41.68973],[12.50468,41.6896],[12.50496,41.6892],[12.50606,41.68844],[12.50708,41.6875],[12.50875,41.68684],[12.50913,41.68641],[12.51131,41.68718],[12.51307,41.68757],[12.51469,41.68815],[12.5187,41.69122],[12.51926,41.69182],[12.5203,41.6925],[12.52298,41.69476],[12.52462,41.69597],[12.52515,41.69673],[12.52529,41.6976],[12.52496,41.70097],[12.52497,41.70149],[12.52544,41.70336],[12.52629,41.70483],[12.52641,41.70605],[12.52627,41.7064],[12.52483,41.7074],[12.52409,41.70808],[12.52351,41.70923],[12.52288,41.70982],[12.52182,41.71033],[12.52044,41.71076],[12.51897,41.71155],[12.51745,41.71349],[12.51682,41.71454],[12.51675,41.71492],[12.51687,41.71697],[12.51664,41.71947],[12.51592,41.72076],[12.51546,41.72137],[12.51233,41.72426],[12.5109,41.72569],[12.51237,41.72853],[12.51238,41.72959],[12.5117,41.72975],[12.51012,41.72858],[12.50867,41.72955],[12.50775,41.72886],[12.50806,41.72865],[12.5076,41.72828],[12.50582,41.72911],[12.50516,41.72953],[12.50448,41.73026],[12.50414,41.73223],[12.50421,41.7334],[12.5046,41.73399],[12.50515,41.73674],[12.5045,41.73835],[12.50456,41.73952],[12.50407,41.74119],[12.50399,41.74387],[12.50414,41.74467],[12.50399,41.74507],[12.50305,41.74628],[12.50259,41.74728],[12.50181,41.74839],[12.50159,41.74929],[12.50168,41.75015],[12.50167,41.75172],[12.50245,41.75267],[12.5025,41.75361],[12.50351,41.75359],[12.50374,41.75423],[12.50404,41.75451],[12.50461,41.75548],[12.50449,41.75599],[12.50522,41.75681],[12.50552,41.75805],[12.50595,41.7591],[12.50645,41.75954],[12.50738,41.76133],[12.50571,41.76229],[12.50571,41.76277],[12.50478,41.76306],[12.50325,41.76368],[12.50192,41.76433],[12.49881,41.76607],[12.49801,41.76643],[12.49646,41.76684],[12.49489,41.76769],[12.49255,41.76883],[12.49072,41.76965],[12.48868,41.77038],[12.48838,41.77039],[12.48721,41.766],[12.48721,41.76196],[12.48727,41.7599],[12.48735,41.7547],[12.48943,41.74897],[12.48954,41.74812],[12.48995,41.74767],[12.48954,41.74723],[12.48866,41.74741],[12.48748,41.74698],[12.48712,41.74707],[12.48587,41.74701],[12.48509,41.74718],[12.48366,41.74731],[12.4823,41.74714],[12.48181,41.74698],[12.48114,41.74703],[12.47972,41.74759],[12.47853,41.74732],[12.47761,41.74747],[12.47723,41.7472],[12.47631,41.74605],[12.47649,41.7459],[12.47588,41.74484],[12.47561,41.74469],[12.47499,41.74518],[12.47321,41.7455],[12.47299,41.74491],[12.47015,41.74494],[12.46909,41.74508],[12.46973,41.7445],[12.46984,41.74368],[12.46964,41.74333],[12.47058,41.74236],[12.47174,41.74159],[12.47241,41.74042],[12.47314,41.73974],[12.47444,41.73925],[12.47561,41.73904],[12.47501,41.73842],[12.47559,41.73755],[12.47616,41.73715],[12.4765,41.73636],[12.47729,41.7357],[12.47738,41.73479],[12.47784,41.73468],[12.4783,41.73405],[12.47836,41.73365],[12.47807,41.73301],[12.47704,41.73226],[12.47611,41.73146],[12.47633,41.73131],[12.4751,41.72943],[12.47496,41.72888],[12.47457,41.72856],[12.47463,41.72803],[12.47383,41.7274],[12.47343,41.72765],[12.4715,41.72781],[12.47012,41.72877],[12.46984,41.72914],[12.46824,41.72982],[12.46775,41.73027],[12.46773,41.73081],[12.4668,41.73127],[12.46609,41.73248],[12.4649,41.73268],[12.46438,41.73324],[12.46365,41.7333],[12.46288,41.73418],[12.46274,41.73479],[12.46233,41.7353],[12.46255,41.73565],[12.46243,41.73631],[12.46204,41.73704],[12.46121,41.73748],[12.45992,41.73856],[12.45871,41.73985],[12.45865,41.74048],[12.45785,41.74235],[12.45753,41.74292],[12.45728,41.74413],[12.4565,41.74478],[12.45622,41.74527],[12.45378,41.74697],[12.45308,41.74738],[12.4522,41.74755],[12.4514,41.74754],[12.45109,41.74806],[12.44888,41.74994],[12.44768,41.75103],[12.44764,41.75143],[12.44612,41.75522],[12.44564,41.75587],[12.44435,41.75837]]]},"properties":{"zona":"E39","linkzona":"RM00000505","fascia":"E","fascia_label":"Suburbana","descr":"CASTEL DI DECIMA-CASTEL ROMANO (VIA NAZZARENO STRAMPELLI)","semestre":"2025-S2","loc_min":6.8,"loc_max":9.8,"loc_mid":8.3,"sale_min":1600.0,"sale_max":2300.0,"sup":"L","tipologia":"Abitazioni civili","stato":"NORMALE"}},{"type":"Feature","geometry":{"type":"Polygon","coordinates":[[[12.34703,42.03249],[12.34702,42.03193],[12.34221,42.03079],[12.34186,42.03105],[12.34138,42.03207],[12.34085,42.03273],[12.33986,42.0332],[12.33921,42.03368],[12.3381,42.03509],[12.33767,42.03539],[12.33673,42.03541],[12.33409,42.03527],[12.33322,42.03586],[12.33243,42.03655],[12.33096,42.03723],[12.33027,42.03732],[12.32954,42.03716],[12.32795,42.03658],[12.32658,42.03675],[12.32467,42.03725],[12.32242,42.03756],[12.32141,42.03741],[12.31984,42.03549],[12.31939,42.03463],[12.32095,42.03318],[12.31913,42.0317],[12.31899,42.0312],[12.31798,42.02664],[12.31877,42.02551],[12.31939,42.02482],[12.31973,42.02398],[12.31984,42.02258],[12.32001,42.02166],[12.31983,42.02092],[12.31989,42.01968],[12.31979,42.01897],[12.31991,42.01805],[12.31974,42.01613],[12.31824,42.01561],[12.31766,42.01495],[12.31753,42.01457],[12.3169,42.01446],[12.3165,42.01402],[12.31395,42.01294],[12.31332,42.0123],[12.31235,42.01221],[12.3123,42.01073],[12.31168,42.01056],[12.31184,42.00995],[12.31283,42.00795],[12.31294,42.00718],[12.31338,42.00604],[12.31539,42.00325],[12.31579,42.0023],[12.31581,42.00191],[12.31552,42.00124],[12.31423,41.99915],[12.31467,41.99872],[12.31521,41.99912],[12.3161,41.99931],[12.31788,41.99933],[12.31852,41.99971],[12.31874,41.99937],[12.31993,41.99939],[12.32032,41.99923],[12.32055,41.99814],[12.32108,41.99733],[12.32098,41.99648],[12.32203,41.99408],[12.32241,41.99445],[12.32356,41.99457],[12.32429,41.99393],[12.32594,41.99367],[12.32761,41.99315],[12.32839,41.99311],[12.32866,41.99167],[12.32974,41.99051],[12.32988,41.98997],[12.33041,41.98965],[12.33035,41.98898],[12.33169,41.98919],[12.33219,41.98906],[12.33216,41.98863],[12.33275,41.98814],[12.33317,41.98889],[12.33403,41.98871],[12.33418,41.9892],[12.33431,41.99082],[12.33457,41.99135],[12.33458,41.9919],[12.33621,41.99239],[12.3376,41.99268],[12.33815,41.99289],[12.34041,41.99287],[12.34203,41.99259],[12.34247,41.992],[12.3425,41.99143],[12.34301,41.99087],[12.34334,41.98964],[12.34335,41.98899],[12.34357,41.98789],[12.34296,41.9868],[12.34083,41.98551],[12.33993,41.98466],[12.33962,41.98379],[12.33918,41.98344],[12.33834,41.9831],[12.33834,41.98285],[12.33689,41.98146],[12.3365,41.98076],[12.33577,41.98037],[12.33546,41.97999],[12.33437,41.97945],[12.33361,41.97751],[12.33313,41.97643],[12.33259,41.97587],[12.33264,41.97537],[12.33237,41.97488],[12.33166,41.97147],[12.33223,41.97076],[12.33301,41.96965],[12.33476,41.96686],[12.33613,41.96481],[12.33663,41.96333],[12.33698,41.96333],[12.33745,41.96465],[12.33814,41.96605],[12.33862,41.96678],[12.33899,41.96812],[12.33933,41.96991],[12.33988,41.97175],[12.3398,41.97247],[12.34115,41.97423],[12.3418,41.97517],[12.3426,41.97592],[12.3438,41.97664],[12.34704,41.97714],[12.34762,41.97745],[12.34851,41.97856],[12.34977,41.97889],[12.3508,41.97928],[12.35187,41.97954],[12.35435,41.98061],[12.3552,41.98169],[12.35573,41.98204],[12.35729,41.98263],[12.35804,41.98278],[12.36196,41.98586],[12.36251,41.98666],[12.36254,41.98735],[12.36322,41.98971],[12.36361,41.99138],[12.36359,41.99287],[12.36379,41.99315],[12.36373,41.99387],[12.36468,41.99501],[12.3646,41.99557],[12.36533,41.99655],[12.36635,41.99773],[12.36721,41.99837],[12.3686,41.99963],[12.36938,42.00009],[12.36964,42.00057],[12.37063,42.00081],[12.37191,41.99974],[12.37333,41.99831],[12.37374,41.99894],[12.37474,41.99838],[12.37438,41.99976],[12.37462,42.00027],[12.37662,42.00169],[12.37815,42.0026],[12.37862,42.00316],[12.37797,42.00407],[12.37781,42.00484],[12.3767,42.00616],[12.37628,42.00621],[12.37568,42.00594],[12.37805,42.00828],[12.37718,42.00895],[12.37581,42.0094],[12.37477,42.00943],[12.37426,42.00929],[12.37341,42.00932],[12.37155,42.00918],[12.37062,42.00929],[12.369,42.00973],[12.36768,42.01072],[12.36703,42.01148],[12.36655,42.01175],[12.36628,42.01225],[12.36389,42.0153],[12.36332,42.01576],[12.3632,42.01584],[12.36308,42.01592],[12.3622,42.01643],[12.36031,42.01717],[12.35881,42.01784],[12.35793,42.01855],[12.35659,42.0201],[12.35649,42.02076],[12.35489,42.02262],[12.3536,42.02398],[12.35237,42.02544],[12.35104,42.02719],[12.35067,42.02824],[12.35112,42.02904],[12.34985,42.03042],[12.34843,42.03146],[12.34742,42.03253],[12.34742,42.03282],[12.34799,42.0346],[12.34809,42.03597],[12.34829,42.03667],[12.34796,42.03712],[12.34851,42.04034],[12.34837,42.0416],[12.34802,42.04255],[12.34643,42.04509],[12.34599,42.04581],[12.3435,42.0498],[12.34364,42.04929],[12.34782,42.04265],[12.34817,42.04181],[12.34831,42.04059],[12.34809,42.03882],[12.34758,42.0362],[12.34703,42.03249]]]},"properties":{"zona":"E159","linkzona":"RM00001195","fascia":"E","fascia_label":"Suburbana","descr":"LA STORTA CASALE SAN NICOLA (VIA G.B.PARAVIA)","semestre":"2025-S2","loc_min":6.3,"loc_max":8.8,"loc_mid":7.55,"sale_min":1650.0,"sale_max":2100.0,"sup":"L","tipologia":"Abitazioni civili","stato":"NORMALE"}},{"type":"Feature","geometry":{"type":"MultiPolygon","coordinates":[[[[12.34829,42.03667],[12.34833,42.03695],[12.34796,42.03712],[12.34829,42.03667]]],[[[12.26028,42.05315],[12.26113,42.05241],[12.26081,42.05209],[12.261,42.05126],[12.26076,42.05048],[12.26101,42.04984],[12.26106,42.04909],[12.26087,42.04873],[12.261,42.04816],[12.26071,42.04801],[12.26065,42.04737],[12.26148,42.04646],[12.26156,42.04611],[12.26216,42.04579],[12.26323,42.0447],[12.26362,42.04417],[12.26331,42.0438],[12.26355,42.04305],[12.26336,42.04239],[12.26378,42.0421],[12.26395,42.04159],[12.26451,42.04091],[12.26381,42.03947],[12.26445,42.03901],[12.26473,42.03829],[12.26504,42.03793],[12.26595,42.03739],[12.26944,42.03615],[12.27023,42.03602],[12.2715,42.03582],[12.27427,42.03486],[12.2813,42.03287],[12.28526,42.03238],[12.28686,42.0318],[12.28909,42.03173],[12.29381,42.03098],[12.2968,42.03113],[12.29986,42.03124],[12.30083,42.03165],[12.30261,42.03248],[12.30463,42.03394],[12.30575,42.03444],[12.30748,42.03541],[12.31048,42.03642],[12.31133,42.0364],[12.3113,42.03687],[12.31228,42.03747],[12.31268,42.03791],[12.3125,42.03831],[12.3109,42.03845],[12.31086,42.03901],[12.31033,42.03945],[12.3107,42.03982],[12.31009,42.04022],[12.30963,42.04099],[12.30965,42.0414],[12.30936,42.04192],[12.30984,42.04294],[12.30983,42.04368],[12.31036,42.04386],[12.31028,42.04435],[12.31072,42.0447],[12.31062,42.04501],[12.31144,42.04618],[12.31218,42.04635],[12.31183,42.04689],[12.31197,42.04716],[12.31158,42.04785],[12.31192,42.04824],[12.31185,42.04861],[12.31231,42.04963],[12.31168,42.05088],[12.31156,42.05142],[12.31072,42.05193],[12.31005,42.05297],[12.30969,42.05326],[12.30971,42.05367],[12.30932,42.05519],[12.30923,42.05616],[12.30968,42.057],[12.30944,42.05772],[12.30843,42.05848],[12.30814,42.05894],[12.30639,42.05878],[12.30385,42.05933],[12.30233,42.0595],[12.30194,42.05987],[12.3011,42.06018],[12.29985,42.06019],[12.29941,42.06069],[12.29824,42.06148],[12.29747,42.06143],[12.29609,42.06116],[12.29427,42.06051],[12.29385,42.06024],[12.29429,42.05865],[12.29497,42.05808],[12.29561,42.05784],[12.29586,42.05672],[12.29615,42.05658],[12.29709,42.05431],[12.29472,42.05521],[12.2939,42.05545],[12.29153,42.05637],[12.28773,42.05774],[12.2859,42.05859],[12.28191,42.05999],[12.28041,42.06047],[12.27908,42.06041],[12.27833,42.06117],[12.27662,42.06196],[12.27555,42.06205],[12.27477,42.06182],[12.27348,42.06168],[12.27214,42.06142],[12.27121,42.06111],[12.27006,42.06087],[12.26856,42.06037],[12.26729,42.0601],[12.26367,42.0599],[12.26195,42.05974],[12.26129,42.05958],[12.26155,42.05902],[12.26198,42.05885],[12.26246,42.05815],[12.2623,42.05785],[12.26164,42.05747],[12.26203,42.05675],[12.26204,42.05622],[12.26259,42.05587],[12.26224,42.0552],[12.26146,42.05446],[12.26063,42.05408],[12.26063,42.05356],[12.26028,42.05315]]]]},"properties":{"zona":"E79","linkzona":"RM00001110","fascia":"E","fascia_label":"Suburbana","descr":"OSTERIA NUOVA-CASACCIA (VIA ANGUILLARESE)","semestre":"2025-S2","loc_min":5.8,"loc_max":8.5,"loc_mid":7.15,"sale_min":950.0,"sale_max":1400.0,"sup":"L","tipologia":"Abitazioni civili","stato":"NORMALE"}},{"type":"Feature","geometry":{"type":"Polygon","coordinates":[[[12.63463,41.86666],[12.63518,41.86644],[12.63813,41.86448],[12.63888,41.86414],[12.63965,41.8642],[12.64022,41.86408],[12.64015,41.86375],[12.63849,41.86395],[12.63835,41.86378],[12.64019,41.86351],[12.64012,41.8631],[12.6429,41.86275],[12.64352,41.86246],[12.64461,41.86237],[12.64664,41.86235],[12.64771,41.86233],[12.64939,41.86279],[12.65212,41.86379],[12.65363,41.86412],[12.65496,41.86439],[12.65838,41.86463],[12.66126,41.86444],[12.66272,41.86455],[12.66584,41.86424],[12.66774,41.8643],[12.66774,41.86474],[12.66577,41.86773],[12.66511,41.86773],[12.66468,41.86854],[12.66418,41.86911],[12.66315,41.8698],[12.66249,41.86987],[12.66213,41.87049],[12.66144,41.87104],[12.66095,41.87126],[12.66056,41.87171],[12.66042,41.8723],[12.66005,41.87294],[12.65941,41.87278],[12.65902,41.87304],[12.65898,41.87371],[12.65836,41.87427],[12.65743,41.87469],[12.65728,41.87576],[12.65646,41.87671],[12.65572,41.87787],[12.65495,41.8781],[12.65401,41.8787],[12.65387,41.87926],[12.65283,41.88003],[12.65257,41.88046],[12.63734,41.87803],[12.6374,41.87707],[12.63716,41.8767],[12.63825,41.87577],[12.63872,41.87477],[12.63939,41.87473],[12.63969,41.87415],[12.64028,41.87358],[12.64047,41.87313],[12.64201,41.87291],[12.64252,41.87248],[12.64385,41.87218],[12.6443,41.87173],[12.6451,41.87151],[12.64667,41.87059],[12.64725,41.86971],[12.64841,41.86886],[12.64863,41.86853],[12.64808,41.86831],[12.64825,41.86778],[12.64895,41.8673],[12.64624,41.86608],[12.64561,41.86659],[12.64437,41.86573],[12.64213,41.86779],[12.64099,41.86712],[12.64076,41.8673],[12.63929,41.86639],[12.63709,41.8684],[12.63694,41.86838],[12.63463,41.86667],[12.63463,41.86666]]]},"properties":{"zona":"E139","linkzona":"RM00001175","fascia":"E","fascia_label":"Suburbana","descr":"TOR BELLA MONACA-VALLE FIORITA-DUE LEONI (VIA ACQUARONI)","semestre":"2025-S2","loc_min":7.0,"loc_max":10.5,"loc_mid":8.75,"sale_min":1450.0,"sale_max":2000.0,"sup":"L","tipologia":"Abitazioni civili","stato":"NORMALE"}},{"type":"Feature","geometry":{"type":"Polygon","coordinates":[[[12.47926,41.93842],[12.4793,41.93797],[12.47969,41.93738],[12.47969,41.93705],[12.48028,41.93657],[12.47964,41.93557],[12.48028,41.93518],[12.48174,41.93395],[12.48269,41.93325],[12.48361,41.9329],[12.48505,41.93292],[12.48589,41.93331],[12.4863,41.93367],[12.48695,41.9344],[12.48714,41.93538],[12.48698,41.93603],[12.48613,41.93785],[12.48589,41.93903],[12.4861,41.93984],[12.48698,41.94091],[12.48816,41.94153],[12.49013,41.94183],[12.49295,41.94206],[12.49658,41.94205],[12.49825,41.94216],[12.50013,41.9428],[12.50086,41.94328],[12.50174,41.94404],[12.50256,41.94561],[12.50249,41.94644],[12.50225,41.94691],[12.50147,41.94774],[12.49998,41.94881],[12.49984,41.94928],[12.49898,41.94957],[12.49479,41.95153],[12.49286,41.95258],[12.49147,41.9534],[12.48992,41.95457],[12.49049,41.95409],[12.48999,41.95373],[12.48919,41.95395],[12.48841,41.95368],[12.48767,41.95393],[12.48714,41.95394],[12.48668,41.95339],[12.48557,41.95341],[12.48476,41.95358],[12.48484,41.95235],[12.48459,41.95149],[12.48462,41.95043],[12.48438,41.94975],[12.48463,41.94924],[12.48635,41.9467],[12.48638,41.94592],[12.48662,41.94537],[12.48337,41.9427],[12.48389,41.94249],[12.48162,41.9406],[12.48122,41.93994],[12.48067,41.93998],[12.47965,41.93913],[12.47926,41.93842]]]},"properties":{"zona":"R30","linkzona":"RM00001521","fascia":"R","fascia_label":"Extraurbana","descr":"IPPODROMO TOR DI QUINTO","semestre":"2025-S2","loc_min":null,"loc_max":null,"loc_mid":null,"nonres":true}},{"type":"Feature","geometry":{"type":"Polygon","coordinates":[[[12.29997,41.79226],[12.30045,41.79198],[12.30456,41.78931],[12.30269,41.78833],[12.30349,41.78765],[12.30182,41.78715],[12.3032,41.78366],[12.30326,41.78367],[12.30595,41.77679],[12.30626,41.77628],[12.3099,41.77714],[12.31049,41.7758],[12.31237,41.77584],[12.31423,41.76877],[12.3159,41.76883],[12.3166,41.76671],[12.31951,41.76798],[12.32304,41.76932],[12.34134,41.7762],[12.34148,41.776],[12.34556,41.7775],[12.34999,41.7792],[12.34996,41.78],[12.34986,41.78001],[12.34581,41.77864],[12.33528,41.78842],[12.334,41.78965],[12.33351,41.79169],[12.33262,41.79314],[12.33277,41.79477],[12.33267,41.79551],[12.33286,41.79594],[12.32966,41.79619],[12.32543,41.79672],[12.32312,41.79695],[12.32102,41.79732],[12.31837,41.79765],[12.31759,41.79768],[12.31601,41.79787],[12.31483,41.79787],[12.31386,41.798],[12.31018,41.79805],[12.30908,41.79798],[12.30749,41.79776],[12.30617,41.79742],[12.30432,41.79667],[12.3025,41.79508],[12.29997,41.79226]]]},"properties":{"zona":"E88","linkzona":"RM00001118","fascia":"E","fascia_label":"Suburbana","descr":"DRAGONA (VIA DI DRAGONE)","semestre":"2025-S2","loc_min":8.3,"loc_max":11.5,"loc_mid":9.9,"sale_min":1750.0,"sale_max":2400.0,"sup":"L","tipologia":"Abitazioni civili","stato":"NORMALE"}},{"type":"Feature","geometry":{"type":"Polygon","coordinates":[[[12.35075,41.74032],[12.35032,41.7398],[12.34596,41.73644],[12.34587,41.73645],[12.34577,41.73609],[12.33976,41.73142],[12.3395,41.73159],[12.33793,41.73039],[12.33843,41.72994],[12.33936,41.72809],[12.33997,41.72723],[12.34034,41.72716],[12.34215,41.72562],[12.34824,41.72058],[12.35183,41.71758],[12.36042,41.71033],[12.36153,41.71108],[12.36486,41.71314],[12.36757,41.71457],[12.37095,41.71619],[12.37282,41.71737],[12.37574,41.71901],[12.37801,41.72225],[12.37842,41.7231],[12.37912,41.72408],[12.38058,41.72657],[12.38177,41.72836],[12.38284,41.73045],[12.38421,41.73291],[12.3854,41.73476],[12.38647,41.73671],[12.38571,41.73947],[12.38523,41.7416],[12.3846,41.74375],[12.38481,41.74512],[12.38496,41.74676],[12.38667,41.74943],[12.38746,41.75102],[12.38779,41.75231],[12.3879,41.75361],[12.38732,41.7546],[12.38303,41.75742],[12.38088,41.75879],[12.38043,41.75943],[12.37955,41.75913],[12.37769,41.75921],[12.37705,41.75939],[12.37607,41.7593],[12.37572,41.75953],[12.37551,41.75967],[12.36948,41.75505],[12.35861,41.7467],[12.35179,41.74144],[12.35168,41.74109],[12.35075,41.74032]]]},"properties":{"zona":"E94","linkzona":"RM00001121","fascia":"E","fascia_label":"Suburbana","descr":"INFERNETTO (VIA ERMANNO WOLF FERRARI)","semestre":"2025-S2","loc_min":9.5,"loc_max":14.0,"loc_mid":11.75,"sale_min":2100.0,"sale_max":3100.0,"sup":"L","tipologia":"Abitazioni civili","stato":"NORMALE"}},{"type":"Feature","geometry":{"type":"Polygon","coordinates":[[[12.50421,42.00972],[12.50488,42.00934],[12.50564,42.00916],[12.50604,42.00859],[12.50728,42.00902],[12.50954,42.0093],[12.51135,42.00962],[12.51306,42.01004],[12.51399,42.01046],[12.51471,42.01062],[12.51558,42.01112],[12.5167,42.01227],[12.51733,42.01326],[12.51847,42.01531],[12.51889,42.01741],[12.51898,42.01811],[12.5194,42.01854],[12.52001,42.01989],[12.5205,42.02215],[12.52055,42.02291],[12.5203,42.0237],[12.51955,42.0248],[12.51862,42.0257],[12.51659,42.02698],[12.51628,42.02707],[12.51401,42.02885],[12.51255,42.03052],[12.51233,42.0313],[12.51238,42.03225],[12.51318,42.03293],[12.51419,42.03299],[12.51534,42.03271],[12.51629,42.03237],[12.51677,42.03198],[12.51826,42.03105],[12.51848,42.03054],[12.51887,42.0302],[12.52011,42.02983],[12.52081,42.03],[12.52144,42.03045],[12.5216,42.03204],[12.52141,42.03289],[12.52085,42.03406],[12.51987,42.0354],[12.51868,42.03632],[12.51771,42.0374],[12.51695,42.03864],[12.51681,42.03952],[12.51712,42.04056],[12.51781,42.04123],[12.51877,42.04199],[12.52006,42.04261],[12.52158,42.0431],[12.52315,42.04382],[12.52503,42.04432],[12.52805,42.04478],[12.53118,42.04521],[12.533,42.0457],[12.53403,42.04608],[12.53512,42.04669],[12.53729,42.04847],[12.53766,42.04895],[12.53889,42.04986],[12.54037,42.05037],[12.54129,42.05006],[12.54206,42.04942],[12.5427,42.04844],[12.54359,42.04624],[12.54457,42.04532],[12.54666,42.04463],[12.54877,42.04456],[12.55135,42.04492],[12.55282,42.04549],[12.55352,42.04603],[12.55584,42.0481],[12.55633,42.04881],[12.55665,42.04963],[12.55677,42.05063],[12.55645,42.05179],[12.55606,42.05238],[12.55549,42.0528],[12.55379,42.05352],[12.55307,42.05373],[12.55178,42.0539],[12.549,42.05391],[12.54705,42.05413],[12.54316,42.05428],[12.54171,42.05448],[12.54043,42.05501],[12.53977,42.05543],[12.53931,42.0562],[12.53936,42.0574],[12.53969,42.05827],[12.54078,42.06011],[12.54278,42.06371],[12.54344,42.06518],[12.54398,42.06714],[12.5439,42.06798],[12.54397,42.06912],[12.54431,42.07052],[12.54508,42.0718],[12.54608,42.07266],[12.54681,42.07293],[12.54751,42.07302],[12.54641,42.07627],[12.54468,42.07713],[12.54349,42.07654],[12.54132,42.07533],[12.53937,42.07433],[12.53868,42.07361],[12.53848,42.07296],[12.53767,42.07204],[12.53524,42.0712],[12.534,42.06797],[12.53387,42.06709],[12.53413,42.06584],[12.53411,42.06487],[12.5332,42.0643],[12.53225,42.0656],[12.53262,42.06574],[12.53203,42.06681],[12.53135,42.06773],[12.52912,42.06929],[12.52687,42.07053],[12.52725,42.07089],[12.52599,42.07212],[12.52544,42.07181],[12.52556,42.07091],[12.52521,42.06974],[12.52456,42.06931],[12.52411,42.06825],[12.52337,42.06773],[12.5231,42.0672],[12.52223,42.06674],[12.52034,42.06776],[12.51931,42.06809],[12.51816,42.06801],[12.51781,42.06834],[12.51687,42.06854],[12.51478,42.06952],[12.51449,42.06975],[12.51367,42.06986],[12.51275,42.06942],[12.51212,42.06958],[12.51123,42.06946],[12.50948,42.06946],[12.50786,42.06974],[12.50589,42.06918],[12.50474,42.06917],[12.49979,42.06737],[12.49886,42.06706],[12.4982,42.0667],[12.49798,42.0663],[12.49747,42.06638],[12.49627,42.06604],[12.4961,42.06476],[12.49586,42.0642],[12.49644,42.06327],[12.49636,42.06296],[12.49654,42.06152],[12.49668,42.06119],[12.49642,42.06054],[12.49647,42.05997],[12.49615,42.0593],[12.49622,42.05875],[12.49603,42.05829],[12.49599,42.0567],[12.49441,42.05663],[12.49405,42.05788],[12.49426,42.06133],[12.49277,42.06542],[12.48808,42.06888],[12.48743,42.06897],[12.48772,42.0697],[12.48692,42.07062],[12.48649,42.07158],[12.48585,42.07251],[12.48605,42.07313],[12.48541,42.07345],[12.48397,42.07488],[12.48332,42.07579],[12.48256,42.07591],[12.4808,42.07598],[12.47997,42.07549],[12.47901,42.07573],[12.47847,42.07534],[12.47706,42.07485],[12.47525,42.07461],[12.47497,42.07391],[12.47542,42.07313],[12.47534,42.07244],[12.47585,42.07227],[12.47604,42.07139],[12.47677,42.07031],[12.47832,42.07041],[12.47876,42.07036],[12.47926,42.06996],[12.48004,42.06825],[12.48098,42.06766],[12.48117,42.06703],[12.48208,42.06571],[12.48246,42.06412],[12.48305,42.06365],[12.48219,42.06285],[12.4824,42.06218],[12.48205,42.06193],[12.4807,42.06195],[12.48032,42.06178],[12.48025,42.06107],[12.47825,42.06095],[12.47642,42.06101],[12.47585,42.06126],[12.47459,42.06158],[12.47095,42.06163],[12.46677,42.0615],[12.46449,42.06133],[12.46355,42.06134],[12.46275,42.0615],[12.46033,42.06074],[12.458,42.06018],[12.45613,42.05988],[12.4536,42.05928],[12.45327,42.05949],[12.45274,42.05932],[12.45324,42.05893],[12.45509,42.05722],[12.45575,42.05547],[12.4563,42.05322],[12.45649,42.05198],[12.45622,42.05062],[12.45551,42.05014],[12.45534,42.04902],[12.45551,42.04857],[12.45525,42.04801],[12.45654,42.04618],[12.45648,42.04561],[12.45681,42.04496],[12.45759,42.04403],[12.45753,42.04376],[12.45828,42.04278],[12.45834,42.04231],[12.45891,42.04146],[12.45934,42.04321],[12.46037,42.04376],[12.46088,42.04447],[12.46092,42.04502],[12.46203,42.04514],[12.46463,42.04624],[12.46602,42.04691],[12.46537,42.0478],[12.46652,42.04818],[12.46722,42.04797],[12.46841,42.04794],[12.46956,42.04816],[12.46965,42.04848],[12.47059,42.04891],[12.47106,42.04947],[12.47209,42.04994],[12.47359,42.04971],[12.47446,42.04932],[12.47517,42.04939],[12.47646,42.04886],[12.47758,42.0478],[12.47826,42.04773],[12.47864,42.04736],[12.47971,42.04717],[12.47978,42.04665],[12.48092,42.04606],[12.48135,42.04555],[12.48159,42.04475],[12.48183,42.04464],[12.48282,42.04506],[12.48373,42.04486],[12.4839,42.04436],[12.48343,42.04405],[12.48306,42.04334],[12.48314,42.04268],[12.4835,42.04222],[12.48428,42.04221],[12.4844,42.04188],[12.48278,42.04108],[12.48242,42.04007],[12.48079,42.03939],[12.47995,42.03889],[12.47923,42.038],[12.47828,42.0377],[12.47855,42.03742],[12.47873,42.03674],[12.47812,42.03571],[12.47729,42.03542],[12.47772,42.03489],[12.47887,42.03438],[12.47944,42.03338],[12.48013,42.03266],[12.47982,42.03227],[12.47828,42.03182],[12.47821,42.03152],[12.47906,42.03071],[12.47918,42.03015],[12.47991,42.02957],[12.48027,42.02902],[12.47948,42.0282],[12.47937,42.02741],[12.47957,42.02625],[12.47956,42.025],[12.47991,42.02412],[12.48023,42.0237],[12.48083,42.0234],[12.48152,42.02347],[12.48169,42.0229],[12.48229,42.02246],[12.48266,42.02178],[12.48244,42.021],[12.48271,42.02053],[12.4828,42.01955],[12.48272,42.01899],[12.4822,42.01882],[12.48126,42.01776],[12.48121,42.01734],[12.48064,42.01684],[12.48101,42.0163],[12.48068,42.01606],[12.48058,42.01552],[12.4807,42.01465],[12.48075,42.01422],[12.48202,42.01368],[12.48258,42.01294],[12.48358,42.0126],[12.48434,42.01215],[12.48499,42.0123],[12.48653,42.01188],[12.48751,42.01232],[12.48858,42.01221],[12.49023,42.01253],[12.48924,42.01654],[12.48808,42.01994],[12.49278,42.02099],[12.49333,42.02099],[12.49407,42.02141],[12.49484,42.02234],[12.49496,42.0227],[12.49601,42.02321],[12.49644,42.02309],[12.49684,42.02243],[12.49752,42.02171],[12.49565,42.02069],[12.49934,42.02011],[12.50005,42.01943],[12.50044,42.0194],[12.50242,42.01886],[12.50491,42.01734],[12.5043,42.0173],[12.50082,42.01199],[12.50198,42.01069],[12.50332,42.01],[12.50421,42.00972]]]},"properties":{"zona":"E89","linkzona":"RM00001119","fascia":"E","fascia_label":"Suburbana","descr":"TIBERINA-MALBORGHETTO (VIA MALBORGHETTO-TIBERINA KM 7)","semestre":"2025-S2","loc_min":6.5,"loc_max":9.5,"loc_mid":8.0,"sale_min":1150.0,"sale_max":1700.0,"sup":"L","tipologia":"Abitazioni civili","stato":"NORMALE"}},{"type":"Feature","geometry":{"type":"Polygon","coordinates":[[[12.37572,41.75953],[12.38287,41.76499],[12.38276,41.76519],[12.37453,41.76982],[12.37341,41.7706],[12.37332,41.77084],[12.37207,41.77244],[12.37157,41.7722],[12.36949,41.7715],[12.36011,41.76827],[12.35769,41.76745],[12.35922,41.76471],[12.36121,41.76151],[12.36167,41.7609],[12.3653,41.75805],[12.36686,41.757],[12.36948,41.75505],[12.37551,41.75967],[12.37572,41.75953]]]},"properties":{"zona":"E84","linkzona":"RM00001115","fascia":"E","fascia_label":"Suburbana","descr":"AXA (VIA ARISTOFANE)","semestre":"2025-S2","loc_min":7.5,"loc_max":11.0,"loc_mid":9.25,"sale_min":1750.0,"sale_max":2550.0,"sup":"L","tipologia":"Abitazioni civili","stato":"NORMALE"}},{"type":"Feature","geometry":{"type":"Polygon","coordinates":[[[12.52564,42.01445],[12.5256,42.01404],[12.52805,42.01405],[12.52969,42.01442],[12.52994,42.01422],[12.5297,42.01331],[12.53025,42.01295],[12.52992,42.0123],[12.5301,42.01158],[12.52924,42.00826],[12.52899,42.00703],[12.52886,42.00496],[12.5287,42.00434],[12.52881,42.00267],[12.52785,41.99724],[12.52762,41.99715],[12.52798,41.99641],[12.52791,41.99486],[12.52771,41.9935],[12.52756,41.99176],[12.52724,41.99109],[12.52733,41.98976],[12.527,41.98685],[12.5268,41.98642],[12.52836,41.98578],[12.52952,41.98601],[12.53361,41.98619],[12.53437,41.98612],[12.53723,41.98616],[12.53922,41.98662],[12.54001,41.98698],[12.5409,41.98768],[12.54186,41.98867],[12.5424,41.98949],[12.54422,41.9903],[12.5463,41.99092],[12.54686,41.99095],[12.54799,41.99144],[12.54783,41.99214],[12.54728,41.99346],[12.54792,41.99608],[12.54821,41.99675],[12.54828,41.99754],[12.54846,41.9977],[12.54843,41.99854],[12.5505,41.99924],[12.55166,41.99985],[12.55247,42.00012],[12.5532,42.00051],[12.55363,42.00054],[12.55491,42.00096],[12.5563,42.00021],[12.55561,41.99903],[12.55726,41.99708],[12.55771,41.99671],[12.55811,41.9959],[12.5585,41.99642],[12.55884,41.99721],[12.55974,41.99765],[12.56132,41.99905],[12.56187,42.00002],[12.56216,42.0008],[12.56193,42.00135],[12.56221,42.00174],[12.56874,42.00266],[12.57668,42.00254],[12.57673,42.00213],[12.57638,42.00041],[12.57618,41.99993],[12.57557,41.99758],[12.57492,41.99624],[12.57389,41.99514],[12.57292,41.995],[12.57231,41.99437],[12.57119,41.99424],[12.57033,41.99391],[12.56896,41.99292],[12.56845,41.99284],[12.56763,41.9924],[12.56633,41.99224],[12.56535,41.99182],[12.56408,41.99154],[12.56299,41.99168],[12.56243,41.99162],[12.56149,41.99084],[12.56249,41.98975],[12.56459,41.98905],[12.56633,41.98914],[12.5669,41.98864],[12.56753,41.98784],[12.56922,41.9867],[12.56956,41.98663],[12.57144,41.98675],[12.57674,41.98264],[12.57868,41.9808],[12.57908,41.98083],[12.58013,41.97978],[12.58253,41.97802],[12.58327,41.97759],[12.58591,41.97521],[12.59031,41.97893],[12.59403,41.97489],[12.59489,41.97504],[12.59537,41.97478],[12.5962,41.97472],[12.59667,41.97449],[12.59767,41.9744],[12.59851,41.97457],[12.5995,41.97455],[12.60094,41.9748],[12.60203,41.97454],[12.60238,41.97426],[12.603,41.97436],[12.60421,41.97361],[12.60505,41.97291],[12.60792,41.96974],[12.60757,41.96951],[12.60762,41.96811],[12.6074,41.96739],[12.60772,41.96655],[12.60838,41.96408],[12.60833,41.96091],[12.60959,41.95882],[12.61011,41.95875],[12.61273,41.95944],[12.61409,41.95973],[12.61473,41.95977],[12.61727,41.9596],[12.61912,41.95535],[12.61916,41.95412],[12.61972,41.95261],[12.62168,41.95243],[12.6248,41.95331],[12.62553,41.95393],[12.62582,41.95465],[12.62658,41.95537],[12.62672,41.95604],[12.62706,41.95661],[12.62755,41.95803],[12.62732,41.9588],[12.62734,41.95893],[12.62355,41.96074],[12.6231,41.9614],[12.62262,41.96173],[12.62125,41.96194],[12.62071,41.96221],[12.62002,41.96282],[12.61986,41.96406],[12.62027,41.96616],[12.62003,41.96684],[12.61858,41.96857],[12.61709,41.96953],[12.616,41.97082],[12.61547,41.97131],[12.61491,41.97151],[12.61422,41.97143],[12.61119,41.97044],[12.61282,41.97124],[12.613,41.97151],[12.61476,41.97657],[12.6151,41.97744],[12.61559,41.9782],[12.61624,41.98021],[12.61629,41.9816],[12.61661,41.98327],[12.61818,41.98662],[12.61834,41.9874],[12.61877,41.99023],[12.6103,41.99432],[12.60992,41.99442],[12.60635,41.99472],[12.6056,41.99517],[12.60498,41.99527],[12.60378,41.99574],[12.60323,41.99582],[12.60186,41.99654],[12.60171,41.9968],[12.60029,41.99745],[12.59762,41.99967],[12.59653,42.00152],[12.59685,42.00188],[12.59796,42.00239],[12.5995,42.00259],[12.60026,42.00287],[12.60051,42.00322],[12.60132,42.00339],[12.60222,42.00384],[12.60411,42.00424],[12.60429,42.0061],[12.60394,42.00635],[12.60344,42.00728],[12.60326,42.00793],[12.60338,42.00854],[12.60329,42.00906],[12.60266,42.01038],[12.60338,42.01073],[12.60431,42.01182],[12.6048,42.0121],[12.60586,42.01198],[12.60694,42.01218],[12.6078,42.01183],[12.60868,42.01178],[12.60856,42.01283],[12.60751,42.01485],[12.6071,42.01467],[12.60657,42.01486],[12.60432,42.01514],[12.60404,42.01884],[12.60282,42.01818],[12.60179,42.01932],[12.60273,42.01991],[12.60571,42.02142],[12.60646,42.02032],[12.60814,42.01997],[12.6093,42.02004],[12.61048,42.01989],[12.61145,42.01992],[12.61312,42.02052],[12.61325,42.0214],[12.61306,42.02246],[12.61302,42.02404],[12.61316,42.02508],[12.6132,42.02682],[12.61487,42.02941],[12.61317,42.02977],[12.6123,42.02971],[12.61141,42.02993],[12.61128,42.03016],[12.61014,42.03061],[12.60899,42.03093],[12.60825,42.03096],[12.60755,42.03119],[12.60528,42.033],[12.6046,42.03332],[12.6038,42.03393],[12.6032,42.03459],[12.60135,42.0355],[12.60108,42.03609],[12.60006,42.03651],[12.59878,42.03759],[12.59813,42.03788],[12.59764,42.03839],[12.59616,42.03872],[12.5938,42.03996],[12.59244,42.04051],[12.59184,42.04061],[12.5912,42.04107],[12.58976,42.04173],[12.58855,42.04243],[12.58816,42.04242],[12.58765,42.04313],[12.58808,42.04328],[12.58705,42.04429],[12.58704,42.04453],[12.58625,42.04477],[12.5848,42.04544],[12.58343,42.04575],[12.58308,42.04624],[12.58248,42.04654],[12.58237,42.04716],[12.58192,42.04721],[12.58138,42.04812],[12.58157,42.04867],[12.58097,42.04934],[12.58085,42.04996],[12.58122,42.05019],[12.58036,42.05083],[12.58069,42.05115],[12.57997,42.05176],[12.57968,42.05259],[12.58013,42.05373],[12.57998,42.05473],[12.57912,42.05431],[12.57587,42.05251],[12.57504,42.05237],[12.57364,42.05162],[12.57312,42.05119],[12.57244,42.05038],[12.57131,42.04848],[12.57019,42.04718],[12.56866,42.04596],[12.56847,42.04534],[12.56622,42.04368],[12.56233,42.04087],[12.56026,42.03943],[12.55977,42.03926],[12.55916,42.03979],[12.55708,42.03885],[12.55446,42.03706],[12.55452,42.03693],[12.5526,42.03563],[12.55207,42.03517],[12.55054,42.03338],[12.548,42.03105],[12.54609,42.0294],[12.54379,42.02702],[12.54043,42.02375],[12.53971,42.02312],[12.53959,42.02262],[12.53888,42.02229],[12.5386,42.02197],[12.53783,42.02175],[12.53632,42.0205],[12.53552,42.01933],[12.53475,42.01799],[12.53425,42.01735],[12.53318,42.01767],[12.53043,42.01889],[12.53024,42.01907],[12.53041,42.01882],[12.53043,42.018],[12.53085,42.01753],[12.53173,42.01721],[12.53198,42.01644],[12.53108,42.01595],[12.53017,42.016],[12.53,42.0148],[12.52815,42.01447],[12.52564,42.01445]]]},"properties":{"zona":"R7","linkzona":"RM00001267","fascia":"R","fascia_label":"Extraurbana","descr":"RISERVA DELLA MARCIGLIANA (VIA DI SANTA COLOMBA)","semestre":"2025-S2","loc_min":6.0,"loc_max":8.8,"loc_mid":7.4,"sale_min":1500.0,"sale_max":2250.0,"sup":"L","tipologia":"Abitazioni civili","stato":"NORMALE"}},{"type":"Feature","geometry":{"type":"Polygon","coordinates":[[[12.47737,41.91115],[12.47707,41.91172],[12.47627,41.91163],[12.47236,41.91067],[12.47152,41.91044],[12.47218,41.90897],[12.47344,41.90736],[12.47375,41.90667],[12.47384,41.90558],[12.47365,41.90492],[12.47475,41.90484],[12.47458,41.90419],[12.47398,41.90343],[12.47341,41.90297],[12.47397,41.90184],[12.47614,41.90158],[12.47658,41.90096],[12.47642,41.90019],[12.47653,41.89921],[12.47634,41.89834],[12.47639,41.89777],[12.47631,41.89574],[12.47654,41.89496],[12.48101,41.89506],[12.48167,41.89529],[12.48222,41.89574],[12.48205,41.89655],[12.48271,41.89663],[12.48299,41.89608],[12.48356,41.89621],[12.48369,41.89585],[12.48476,41.89593],[12.48696,41.89626],[12.48689,41.89732],[12.48669,41.89789],[12.48671,41.89882],[12.48733,41.89942],[12.49036,41.90155],[12.49068,41.90186],[12.49061,41.90198],[12.48835,41.90326],[12.48796,41.90361],[12.4845,41.90554],[12.48392,41.90577],[12.48354,41.90565],[12.48312,41.9063],[12.48247,41.90793],[12.48022,41.90931],[12.47817,41.91054],[12.47737,41.91115]]]},"properties":{"zona":"B31","linkzona":"RM00003261","fascia":"B","fascia_label":"Centrale","descr":"C.STORICO:TRIDENTE(CAMPO MARZIO,COLONNA,PIGNA,TREVI)","semestre":"2025-S2","loc_min":19.5,"loc_max":25.8,"loc_mid":22.65,"sale_min":7400.0,"sale_max":9700.0,"sup":"L","tipologia":"Abitazioni civili","stato":"NORMALE"}},{"type":"Feature","geometry":{"type":"Polygon","coordinates":[[[12.58169,41.82428],[12.58167,41.82432],[12.58063,41.82278],[12.58004,41.82293],[12.57821,41.82376],[12.57715,41.82461],[12.5763,41.82655],[12.57519,41.8287],[12.57495,41.82884],[12.57401,41.83012],[12.57164,41.83226],[12.56949,41.8343],[12.56978,41.83454],[12.56969,41.83451],[12.56626,41.83804],[12.56559,41.83849],[12.56374,41.83955],[12.56167,41.8406],[12.55951,41.84343],[12.55777,41.84288],[12.55678,41.84161],[12.55574,41.83983],[12.55554,41.83922],[12.55477,41.8384],[12.55277,41.83698],[12.55117,41.83614],[12.55136,41.83599],[12.55402,41.83239],[12.55835,41.82774],[12.55948,41.82649],[12.56056,41.8254],[12.56176,41.82459],[12.56183,41.82429],[12.56495,41.82206],[12.56538,41.82186],[12.56858,41.81842],[12.57082,41.81451],[12.5714,41.81371],[12.57269,41.81228],[12.57396,41.81091],[12.573,41.81209],[12.57304,41.81233],[12.57411,41.81306],[12.57481,41.81383],[12.5774,41.81779],[12.5777,41.81807],[12.5792,41.82032],[12.58169,41.82428]]]},"properties":{"zona":"D22","linkzona":"RM00000142","fascia":"D","fascia_label":"Periferica","descr":"STATUARIO-CAPANNELLE (VIA DEL CALICE)","semestre":"2025-S2","loc_min":9.8,"loc_max":13.3,"loc_mid":11.55,"sale_min":2300.0,"sale_max":3200.0,"sup":"L","tipologia":"Abitazioni civili","stato":"NORMALE"}},{"type":"Feature","geometry":{"type":"Polygon","coordinates":[[[12.34996,41.78],[12.35005,41.78159],[12.34961,41.78419],[12.34947,41.78424],[12.34841,41.78964],[12.34778,41.79141],[12.3514,41.79212],[12.35228,41.79334],[12.35322,41.79427],[12.35414,41.79637],[12.35549,41.79799],[12.35702,41.79921],[12.35815,41.79959],[12.35778,41.80039],[12.35784,41.8028],[12.35773,41.80306],[12.35744,41.80313],[12.35548,41.80305],[12.35467,41.80294],[12.35303,41.80291],[12.3515,41.80315],[12.34902,41.80415],[12.3487,41.80437],[12.34668,41.8053],[12.34571,41.80565],[12.34438,41.80586],[12.34321,41.80568],[12.34277,41.80532],[12.34241,41.80453],[12.34214,41.8029],[12.34214,41.80167],[12.3419,41.79861],[12.34106,41.79732],[12.34024,41.7967],[12.33936,41.79637],[12.33769,41.79606],[12.33565,41.79592],[12.33286,41.79594],[12.33267,41.79551],[12.33277,41.79477],[12.33262,41.79314],[12.33351,41.79169],[12.334,41.78965],[12.33528,41.78842],[12.34581,41.77864],[12.34986,41.78001],[12.34996,41.78]]]},"properties":{"zona":"E87","linkzona":"RM00001117","fascia":"E","fascia_label":"Suburbana","descr":"DRAGONCELLO (VIALE A.RUSPOLI)","semestre":"2025-S2","loc_min":7.0,"loc_max":9.5,"loc_mid":8.25,"sale_min":1500.0,"sale_max":1950.0,"sup":"L","tipologia":"Abitazioni civili","stato":"NORMALE"}},{"type":"Feature","geometry":{"type":"Polygon","coordinates":[[[12.36948,41.75505],[12.36686,41.757],[12.3653,41.75805],[12.36167,41.7609],[12.36121,41.76151],[12.35191,41.75824],[12.35033,41.75766],[12.35063,41.757],[12.35069,41.75633],[12.35037,41.7546],[12.3501,41.7546],[12.34904,41.75322],[12.34653,41.75121],[12.34595,41.75193],[12.34781,41.75334],[12.34754,41.75365],[12.34521,41.75282],[12.34324,41.75519],[12.3353,41.7524],[12.33447,41.75219],[12.33018,41.75177],[12.32984,41.75041],[12.33027,41.75015],[12.33034,41.74973],[12.33148,41.74927],[12.33769,41.74377],[12.34587,41.73645],[12.34596,41.73644],[12.35032,41.7398],[12.35075,41.74032],[12.35168,41.74109],[12.35179,41.74144],[12.35861,41.7467],[12.36948,41.75505]]]},"properties":{"zona":"E30","linkzona":"RM00000102","fascia":"E","fascia_label":"Suburbana","descr":"CASAL PALOCCO (VIALE GORGIA DI LEONTINI)","semestre":"2025-S2","loc_min":9.5,"loc_max":13.0,"loc_mid":11.25,"sale_min":2500.0,"sale_max":3300.0,"sup":"L","tipologia":"Abitazioni civili","stato":"NORMALE"}},{"type":"Feature","geometry":{"type":"Polygon","coordinates":[[[12.52945,41.95155],[12.52796,41.95122],[12.52689,41.95036],[12.52584,41.95106],[12.52545,41.95072],[12.52541,41.94995],[12.52506,41.94902],[12.52459,41.94842],[12.52351,41.94799],[12.5248,41.94653],[12.52525,41.94623],[12.52526,41.94621],[12.5261,41.94588],[12.52698,41.946],[12.52926,41.94581],[12.52926,41.94598],[12.532,41.94582],[12.53326,41.94554],[12.53568,41.94447],[12.53647,41.94387],[12.53683,41.94399],[12.53771,41.94377],[12.53957,41.94369],[12.54,41.94358],[12.54118,41.94361],[12.54145,41.94344],[12.54264,41.94347],[12.54255,41.94405],[12.54284,41.94429],[12.54256,41.94566],[12.54269,41.94647],[12.54231,41.94717],[12.54235,41.94745],[12.54164,41.94836],[12.54053,41.94907],[12.54037,41.95092],[12.54036,41.95251],[12.54004,41.95262],[12.53946,41.95437],[12.53983,41.95565],[12.53873,41.95639],[12.53851,41.95635],[12.5375,41.95724],[12.53612,41.95808],[12.53561,41.95784],[12.53559,41.95745],[12.53583,41.95547],[12.53591,41.95401],[12.5364,41.95207],[12.53631,41.95204],[12.53299,41.95286],[12.53187,41.9527],[12.5315,41.95234],[12.5311,41.95144],[12.52945,41.95155]]]},"properties":{"zona":"D12","linkzona":"RM00000051","fascia":"D","fascia_label":"Periferica","descr":"VALMELAINA-TUFELLO (VIA DELLE ISOLE CURZOLANE)","semestre":"2025-S2","loc_min":9.0,"loc_max":12.5,"loc_mid":10.75,"sale_min":2850.0,"sale_max":4000.0,"sup":"L","tipologia":"Abitazioni civili","stato":"NORMALE"}},{"type":"Feature","geometry":{"type":"Polygon","coordinates":[[[12.45413,42.03337],[12.45385,42.03378],[12.45325,42.03418],[12.45279,42.03474],[12.45204,42.03514],[12.45142,42.03611],[12.45082,42.0361],[12.45132,42.03704],[12.45187,42.0381],[12.45214,42.03841],[12.45206,42.03878],[12.4528,42.03954],[12.45287,42.04005],[12.45173,42.04105],[12.45093,42.0419],[12.4512,42.04221],[12.45118,42.0429],[12.45047,42.04329],[12.44979,42.04304],[12.44915,42.04321],[12.44822,42.04315],[12.44799,42.04382],[12.44674,42.04414],[12.44636,42.04454],[12.44627,42.04546],[12.44584,42.04635],[12.44518,42.04626],[12.43592,42.04538],[12.4323,42.04509],[12.43135,42.0448],[12.42964,42.04448],[12.42949,42.04466],[12.42869,42.04687],[12.42875,42.04758],[12.42852,42.04803],[12.42833,42.04979],[12.42808,42.05123],[12.42776,42.0521],[12.42703,42.05241],[12.4249,42.05249],[12.42404,42.05263],[12.42361,42.05285],[12.42251,42.053],[12.422,42.05388],[12.42194,42.0547],[12.42103,42.05461],[12.42014,42.05419],[12.41901,42.05345],[12.41847,42.05334],[12.41681,42.0534],[12.41634,42.05327],[12.41359,42.05333],[12.41329,42.05387],[12.41349,42.05413],[12.4127,42.05537],[12.41168,42.0557],[12.41047,42.0557],[12.41039,42.05652],[12.40974,42.057],[12.40984,42.05746],[12.40922,42.05774],[12.409,42.05844],[12.40821,42.05942],[12.40757,42.05968],[12.40663,42.05966],[12.40592,42.05999],[12.40419,42.05947],[12.40516,42.05884],[12.40699,42.05662],[12.4079,42.05602],[12.40782,42.05567],[12.40927,42.0542],[12.40924,42.05378],[12.41015,42.05327],[12.41069,42.05272],[12.41082,42.05177],[12.41102,42.05161],[12.41137,42.05067],[12.41167,42.04946],[12.41188,42.04919],[12.41207,42.04806],[12.41195,42.04763],[12.41258,42.04551],[12.41285,42.04503],[12.41287,42.044],[12.41305,42.04314],[12.41333,42.04272],[12.414,42.04243],[12.41545,42.04158],[12.41701,42.04013],[12.41748,42.0391],[12.41828,42.03866],[12.41902,42.03805],[12.41991,42.03795],[12.42078,42.03834],[12.42153,42.03844],[12.42276,42.03841],[12.42316,42.03883],[12.42437,42.03818],[12.42409,42.03701],[12.42407,42.03638],[12.42452,42.03611],[12.42414,42.03568],[12.42451,42.03516],[12.42407,42.03471],[12.42436,42.03435],[12.42479,42.03338],[12.42533,42.03324],[12.42552,42.03275],[12.42624,42.03247],[12.42657,42.032],[12.42808,42.03098],[12.4288,42.02991],[12.42867,42.02905],[12.42906,42.02857],[12.42896,42.02818],[12.42933,42.02781],[12.42909,42.02756],[12.42897,42.02664],[12.4283,42.02601],[12.42871,42.02548],[12.42881,42.02483],[12.42913,42.02467],[12.42974,42.0249],[12.43046,42.02479],[12.43046,42.02424],[12.43301,42.02521],[12.43296,42.02443],[12.43367,42.02428],[12.43296,42.02334],[12.43338,42.02217],[12.43424,42.01949],[12.43479,42.01831],[12.43564,42.01775],[12.43581,42.01707],[12.43552,42.0165],[12.43621,42.01569],[12.43694,42.01395],[12.43759,42.01397],[12.43714,42.01307],[12.43658,42.01289],[12.43734,42.01253],[12.43709,42.0122],[12.43818,42.01167],[12.43763,42.01114],[12.43827,42.01005],[12.43933,42.00884],[12.43943,42.00809],[12.43952,42.00802],[12.43957,42.00793],[12.43945,42.00722],[12.43957,42.0067],[12.44005,42.00609],[12.44082,42.0057],[12.44072,42.00535],[12.44112,42.00492],[12.44291,42.00476],[12.44441,42.004],[12.44475,42.00347],[12.44529,42.00303],[12.44718,42.00202],[12.44815,42.00195],[12.44936,42.00091],[12.45196,41.99958],[12.45383,41.99853],[12.45456,41.99826],[12.45647,41.9977],[12.45999,41.99638],[12.46043,41.99684],[12.46122,41.99689],[12.46312,41.99678],[12.46515,41.99622],[12.46677,41.99503],[12.46849,41.99463],[12.46908,41.9951],[12.46971,41.99537],[12.47024,41.99535],[12.47144,41.99451],[12.47275,41.99418],[12.47319,41.99588],[12.47095,41.9982],[12.47265,41.99909],[12.47405,41.99767],[12.47533,41.99836],[12.47496,41.99878],[12.47636,41.99975],[12.47682,41.99949],[12.47791,42.00094],[12.47823,42.00112],[12.47936,42.00109],[12.47888,42.00177],[12.47849,42.00267],[12.4773,42.00395],[12.4776,42.00419],[12.47719,42.00453],[12.47671,42.00527],[12.47579,42.00583],[12.47401,42.00722],[12.47543,42.00735],[12.47536,42.00779],[12.47461,42.00838],[12.47467,42.00922],[12.47429,42.01007],[12.47364,42.0106],[12.47317,42.01077],[12.47255,42.01138],[12.47122,42.01182],[12.47116,42.01216],[12.47051,42.01307],[12.46981,42.01363],[12.46931,42.01446],[12.46877,42.01462],[12.46805,42.01567],[12.46628,42.01641],[12.46576,42.01654],[12.46488,42.01745],[12.46487,42.01811],[12.46416,42.01871],[12.46312,42.01887],[12.4628,42.01989],[12.46333,42.02087],[12.46242,42.02123],[12.46196,42.02245],[12.46125,42.0229],[12.46167,42.02348],[12.46166,42.02378],[12.46092,42.02501],[12.46064,42.02525],[12.46112,42.02601],[12.46087,42.02654],[12.45923,42.02782],[12.45966,42.02864],[12.45761,42.02972],[12.45692,42.03093],[12.45596,42.03181],[12.45542,42.03202],[12.45437,42.03296],[12.45413,42.03337]],[[12.46122,42.01779],[12.46049,42.01856],[12.46089,42.01893],[12.4616,42.01893],[12.46191,42.01821],[12.46192,42.01745],[12.46279,42.01768],[12.46309,42.01749],[12.46234,42.01708],[12.46122,42.01779]],[[12.4312,42.02617],[12.43149,42.02548],[12.43218,42.02562],[12.43232,42.02527],[12.43139,42.02505],[12.43097,42.02613],[12.4312,42.02617]]]},"properties":{"zona":"E96","linkzona":"RM00001123","fascia":"E","fascia_label":"Suburbana","descr":"SANTA CORNELIA (VIA DEL FOSSO DI MONTE OLIVIERO)","semestre":"2025-S2","loc_min":8.0,"loc_max":11.5,"loc_mid":9.75,"sale_min":1800.0,"sale_max":2600.0,"sup":"L","tipologia":"Abitazioni civili","stato":"NORMALE"}},{"type":"Feature","geometry":{"type":"MultiPolygon","coordinates":[[[[12.36308,42.01592],[12.36354,42.0159],[12.36392,42.01554],[12.36604,42.01638],[12.36757,42.0172],[12.36851,42.01747],[12.36909,42.01779],[12.3693,42.01813],[12.36993,42.01855],[12.37007,42.01909],[12.37057,42.01951],[12.37196,42.02005],[12.37383,42.0212],[12.37499,42.02227],[12.37537,42.02243],[12.3756,42.0233],[12.37614,42.02382],[12.37645,42.02502],[12.37619,42.02526],[12.37623,42.0261],[12.37673,42.02686],[12.37676,42.02699],[12.3755,42.02766],[12.37528,42.02832],[12.37508,42.02994],[12.3749,42.0302],[12.37517,42.03069],[12.37515,42.03141],[12.37408,42.03292],[12.37448,42.0334],[12.3739,42.03443],[12.37411,42.03519],[12.37464,42.03588],[12.37477,42.03639],[12.37464,42.03753],[12.37413,42.03913],[12.37345,42.03979],[12.37386,42.04041],[12.37373,42.04105],[12.37404,42.04142],[12.374,42.04204],[12.37452,42.04222],[12.37442,42.04268],[12.37463,42.04303],[12.37415,42.04396],[12.37432,42.04418],[12.37376,42.04464],[12.37399,42.04501],[12.3735,42.04543],[12.37341,42.04618],[12.37253,42.04654],[12.37191,42.04651],[12.37165,42.04723],[12.3711,42.0482],[12.37065,42.04845],[12.37,42.04989],[12.36772,42.0508],[12.36658,42.05147],[12.36538,42.0538],[12.36558,42.05425],[12.36681,42.05559],[12.36621,42.05592],[12.36527,42.05732],[12.36515,42.05778],[12.36464,42.05819],[12.36412,42.05922],[12.36285,42.06062],[12.36014,42.06006],[12.35966,42.05986],[12.34708,42.05728],[12.3473,42.05638],[12.34834,42.05564],[12.34846,42.05495],[12.34916,42.05415],[12.35039,42.05309],[12.35092,42.05163],[12.35235,42.05035],[12.35295,42.04953],[12.35254,42.04857],[12.35106,42.04886],[12.35051,42.04841],[12.35037,42.04717],[12.35105,42.04615],[12.34979,42.0455],[12.34852,42.04444],[12.34945,42.04164],[12.34978,42.041],[12.34977,42.04027],[12.34959,42.03937],[12.3486,42.03709],[12.34833,42.03695],[12.34829,42.03667],[12.34809,42.03597],[12.34799,42.0346],[12.34742,42.03282],[12.34742,42.03253],[12.34843,42.03146],[12.34985,42.03042],[12.35112,42.02904],[12.35067,42.02824],[12.35104,42.02719],[12.35237,42.02544],[12.3536,42.02398],[12.35489,42.02262],[12.35649,42.02076],[12.35659,42.0201],[12.35793,42.01855],[12.35881,42.01784],[12.36031,42.01717],[12.3622,42.01643],[12.36308,42.01592]]],[[[12.3634,42.01584],[12.3632,42.01584],[12.36332,42.01576],[12.3634,42.01584]]]]},"properties":{"zona":"E97","linkzona":"RM00001124","fascia":"E","fascia_label":"Suburbana","descr":"OLGIATA (LARGO DELL`OLGIATA)","semestre":"2025-S2","loc_min":7.0,"loc_max":10.0,"loc_mid":8.5,"sale_min":1400.0,"sale_max":2050.0,"sup":"L","tipologia":"Abitazioni civili","stato":"NORMALE"}},{"type":"Feature","geometry":{"type":"Polygon","coordinates":[[[12.58253,41.97802],[12.58185,41.97805],[12.57925,41.97677],[12.57857,41.97633],[12.57806,41.97554],[12.57567,41.97314],[12.57445,41.97271],[12.57373,41.97235],[12.57257,41.97158],[12.57151,41.97048],[12.57077,41.96893],[12.56907,41.96743],[12.56818,41.96625],[12.5674,41.96567],[12.5671,41.96483],[12.56709,41.96482],[12.56693,41.96465],[12.56682,41.96444],[12.56941,41.96338],[12.57113,41.96252],[12.57521,41.96075],[12.57623,41.96016],[12.57647,41.96031],[12.57786,41.95967],[12.57985,41.95832],[12.58108,41.95742],[12.58149,41.95729],[12.58303,41.95593],[12.58488,41.95419],[12.58675,41.95171],[12.58738,41.95101],[12.58848,41.94952],[12.58908,41.94882],[12.58969,41.94791],[12.59025,41.94728],[12.59014,41.94709],[12.59145,41.94542],[12.59222,41.94453],[12.59418,41.94197],[12.59457,41.94218],[12.595,41.94152],[12.59605,41.94024],[12.59598,41.94008],[12.59629,41.93995],[12.597,41.9402],[12.60322,41.93993],[12.60343,41.93915],[12.60426,41.9396],[12.60645,41.94025],[12.60764,41.94073],[12.60987,41.941],[12.61048,41.94218],[12.61116,41.94294],[12.61153,41.94378],[12.61213,41.94478],[12.61247,41.94564],[12.61363,41.9471],[12.61492,41.94913],[12.61555,41.95034],[12.61611,41.95076],[12.61737,41.95127],[12.61894,41.95212],[12.61972,41.95261],[12.61916,41.95412],[12.61912,41.95535],[12.61727,41.9596],[12.61473,41.95977],[12.61409,41.95973],[12.61273,41.95944],[12.61011,41.95875],[12.60959,41.95882],[12.60833,41.96091],[12.60838,41.96408],[12.60772,41.96655],[12.6074,41.96739],[12.60762,41.96811],[12.60757,41.96951],[12.60792,41.96974],[12.60505,41.97291],[12.60421,41.97361],[12.603,41.97436],[12.60238,41.97426],[12.60203,41.97454],[12.60094,41.9748],[12.5995,41.97455],[12.59851,41.97457],[12.59767,41.9744],[12.59667,41.97449],[12.5962,41.97472],[12.59537,41.97478],[12.59489,41.97504],[12.59403,41.97489],[12.59031,41.97893],[12.58591,41.97521],[12.58327,41.97759],[12.58253,41.97802]]]},"properties":{"zona":"E101","linkzona":"RM00001128","fascia":"E","fascia_label":"Suburbana","descr":"CASAL MONASTERO (VIA BELMONTE IN SABINA)","semestre":"2025-S2","loc_min":7.5,"loc_max":11.0,"loc_mid":9.25,"sale_min":1750.0,"sale_max":2600.0,"sup":"L","tipologia":"Abitazioni civili","stato":"NORMALE"}},{"type":"Feature","geometry":{"type":"Polygon","coordinates":[[[12.45027,41.86836],[12.44813,41.86896],[12.44874,41.87081],[12.44736,41.87018],[12.44704,41.8705],[12.44674,41.87209],[12.44653,41.87397],[12.44686,41.87432],[12.44609,41.87477],[12.44352,41.87667],[12.44318,41.87681],[12.44065,41.87722],[12.44064,41.87653],[12.4401,41.87418],[12.4396,41.87247],[12.43864,41.86884],[12.43846,41.86793],[12.43788,41.86612],[12.43775,41.8655],[12.43765,41.86367],[12.43896,41.85894],[12.43881,41.85868],[12.43802,41.85856],[12.43852,41.85656],[12.43758,41.855],[12.43744,41.85456],[12.43764,41.85379],[12.43705,41.85362],[12.43787,41.85354],[12.43928,41.8536],[12.44037,41.8534],[12.44303,41.85466],[12.44455,41.85528],[12.44588,41.85614],[12.44768,41.85823],[12.44923,41.85863],[12.45094,41.85978],[12.45238,41.86183],[12.45239,41.86203],[12.45039,41.86369],[12.45008,41.86402],[12.44927,41.86546],[12.44954,41.86618],[12.45117,41.8674],[12.45137,41.8677],[12.45162,41.86834],[12.45149,41.86806],[12.45027,41.86836]]]},"properties":{"zona":"D9","linkzona":"RM00000151","fascia":"D","fascia_label":"Periferica","descr":"COLLI PORTUENSI (PIAZZALE EUGENIO MORELLI)","semestre":"2025-S2","loc_min":11.5,"loc_max":16.5,"loc_mid":14.0,"sale_min":2750.0,"sale_max":3900.0,"sup":"L","tipologia":"Abitazioni civili","stato":"NORMALE"}},{"type":"Feature","geometry":{"type":"Polygon","coordinates":[[[12.12339,41.96364],[12.12388,41.96316],[12.12459,41.96195],[12.12589,41.96061],[12.12688,41.95918],[12.12843,41.95745],[12.12936,41.95677],[12.13452,41.95254],[12.13532,41.95203],[12.13639,41.95079],[12.13806,41.94988],[12.14021,41.94821],[12.14219,41.94619],[12.1435,41.94545],[12.14468,41.94416],[12.14644,41.94284],[12.14776,41.94219],[12.1491,41.94081],[12.15148,41.93849],[12.15232,41.93796],[12.15317,41.93686],[12.15478,41.93636],[12.15485,41.93701],[12.15444,41.93738],[12.15517,41.93816],[12.15541,41.93863],[12.15653,41.93861],[12.15694,41.93898],[12.15737,41.94006],[12.15721,41.94058],[12.15739,41.9412],[12.15778,41.94185],[12.15755,41.94231],[12.15841,41.94284],[12.15741,41.94405],[12.15539,41.94574],[12.15462,41.94629],[12.15416,41.94689],[12.15314,41.94759],[12.15268,41.94811],[12.15167,41.94855],[12.15161,41.94991],[12.15243,41.95211],[12.15292,41.95295],[12.15373,41.95404],[12.15439,41.95515],[12.15467,41.95612],[12.15463,41.95721],[12.15418,41.9588],[12.154,41.9607],[12.15528,41.96463],[12.15769,41.96738],[12.15833,41.96834],[12.15883,41.96883],[12.15898,41.97034],[12.16,41.97246],[12.162,41.97457],[12.16261,41.97623],[12.16258,41.97691],[12.16285,41.97805],[12.16318,41.97891],[12.16353,41.98048],[12.16294,41.9838],[12.16253,41.9864],[12.15746,41.98567],[12.15482,41.98499],[12.15073,41.98513],[12.14953,41.98603],[12.14851,41.98599],[12.14809,41.98632],[12.14655,41.98577],[12.14675,41.98364],[12.14565,41.98288],[12.14378,41.98299],[12.14341,41.98273],[12.14301,41.98203],[12.14219,41.98167],[12.14262,41.98123],[12.14202,41.98048],[12.14158,41.98019],[12.14196,41.97979],[12.14164,41.97922],[12.14201,41.97833],[12.14172,41.978],[12.14022,41.97784],[12.14002,41.97725],[12.13933,41.97713],[12.1392,41.97637],[12.13883,41.97596],[12.13937,41.97533],[12.13889,41.97516],[12.13896,41.97482],[12.13805,41.9741],[12.1383,41.97377],[12.13732,41.97328],[12.13693,41.9728],[12.13695,41.97233],[12.13614,41.97213],[12.13558,41.97182],[12.13484,41.97069],[12.13437,41.9705],[12.13439,41.96917],[12.13387,41.96886],[12.13325,41.96881],[12.13287,41.96834],[12.13193,41.96786],[12.13241,41.96752],[12.13223,41.96685],[12.13174,41.96665],[12.13083,41.96691],[12.13034,41.96674],[12.13034,41.96607],[12.13067,41.96529],[12.13049,41.96478],[12.13016,41.96468],[12.12882,41.96468],[12.12778,41.96488],[12.12711,41.96461],[12.12555,41.96427],[12.12452,41.96388],[12.12339,41.96364]]]},"properties":{"zona":"R42","fascia":"R","fascia_label":"Extraurbana","redefined":true,"loc_min":null,"loc_max":null,"loc_mid":null}},{"type":"Feature","geometry":{"type":"Polygon","coordinates":[[[12.60091,41.86388],[12.60176,41.86526],[12.60598,41.86424],[12.60719,41.86405],[12.6091,41.86411],[12.61042,41.86396],[12.61226,41.86339],[12.61251,41.86488],[12.61237,41.86562],[12.61276,41.86612],[12.61272,41.86671],[12.61238,41.86761],[12.61298,41.86786],[12.61332,41.8686],[12.61311,41.86979],[12.61239,41.87034],[12.612,41.87037],[12.61147,41.87086],[12.61105,41.87183],[12.61124,41.8725],[12.61038,41.87349],[12.60979,41.87375],[12.60965,41.87505],[12.61069,41.87587],[12.6105,41.87625],[12.61066,41.87705],[12.60943,41.8777],[12.60871,41.87832],[12.60833,41.87858],[12.60581,41.8789],[12.60549,41.87976],[12.60493,41.88058],[12.60216,41.88095],[12.60065,41.88108],[12.5994,41.881],[12.59739,41.88068],[12.5955,41.8803],[12.59219,41.88213],[12.59187,41.88164],[12.59155,41.88029],[12.59138,41.88005],[12.59016,41.87824],[12.58919,41.87743],[12.58648,41.87365],[12.58647,41.87327],[12.58681,41.87259],[12.58795,41.87085],[12.58803,41.87041],[12.58755,41.86839],[12.58704,41.86857],[12.58707,41.86824],[12.58558,41.86142],[12.58552,41.86061],[12.58587,41.85715],[12.58603,41.85702],[12.59092,41.85526],[12.59316,41.85441],[12.59382,41.85424],[12.59489,41.85372],[12.5959,41.853],[12.59597,41.85263],[12.59664,41.85239],[12.59698,41.85255],[12.59732,41.85322],[12.59913,41.85922],[12.6,41.862],[12.60055,41.86351],[12.60091,41.86388]],[[12.59627,41.85298],[12.5972,41.85304],[12.59679,41.85261],[12.59627,41.85298]]]},"properties":{"zona":"E3","linkzona":"RM00000193","fascia":"E","fascia_label":"Suburbana","descr":"TORRE MAURA (VIA WALTER TOBAGI)","semestre":"2025-S2","loc_min":8.8,"loc_max":12.5,"loc_mid":10.65,"sale_min":1800.0,"sale_max":2650.0,"sup":"L","tipologia":"Abitazioni civili","stato":"NORMALE"}},{"type":"Feature","geometry":{"type":"Polygon","coordinates":[[[12.36472,41.95098],[12.36283,41.95148],[12.36262,41.94812],[12.36021,41.94923],[12.35775,41.95041],[12.35733,41.95046],[12.35625,41.95017],[12.35504,41.95026],[12.35381,41.95161],[12.35098,41.94999],[12.34924,41.94575],[12.34795,41.94198],[12.3472,41.94205],[12.34632,41.94101],[12.3501,41.93318],[12.35192,41.92957],[12.35214,41.92897],[12.3528,41.92817],[12.35339,41.92809],[12.3544,41.92828],[12.35617,41.92828],[12.35692,41.92861],[12.35861,41.92786],[12.35865,41.92705],[12.35971,41.92602],[12.36171,41.92554],[12.36277,41.92515],[12.36292,41.92525],[12.36416,41.92494],[12.36497,41.92433],[12.36629,41.92418],[12.36743,41.92333],[12.36896,41.92266],[12.37103,41.92213],[12.37194,41.9217],[12.37253,41.92168],[12.37321,41.922],[12.37439,41.92196],[12.37547,41.9215],[12.37598,41.92081],[12.37711,41.91886],[12.37782,41.91843],[12.37815,41.91801],[12.37891,41.91657],[12.37956,41.91596],[12.38035,41.91567],[12.38347,41.91506],[12.38463,41.91491],[12.38475,41.91509],[12.38384,41.91866],[12.38366,41.91912],[12.38168,41.92277],[12.38151,41.92354],[12.38108,41.92839],[12.38118,41.92848],[12.38086,41.93143],[12.38022,41.93167],[12.38038,41.93222],[12.38064,41.93426],[12.38103,41.93437],[12.38128,41.9358],[12.3816,41.93847],[12.38133,41.93853],[12.38192,41.94318],[12.38301,41.95212],[12.38336,41.95429],[12.38367,41.95525],[12.38421,41.95617],[12.38485,41.9569],[12.38594,41.95777],[12.38909,41.9596],[12.38944,41.95993],[12.39125,41.96106],[12.39144,41.96117],[12.387,41.96415],[12.38835,41.96512],[12.38677,41.96601],[12.38638,41.96663],[12.38607,41.96807],[12.38635,41.96925],[12.38614,41.97035],[12.38576,41.97106],[12.38356,41.97151],[12.38234,41.97253],[12.38144,41.97191],[12.38082,41.97059],[12.37895,41.96922],[12.37866,41.9688],[12.37798,41.96882],[12.37784,41.96963],[12.37668,41.96892],[12.37713,41.96706],[12.37683,41.966],[12.37692,41.96418],[12.3767,41.96402],[12.37791,41.96255],[12.37814,41.96147],[12.37758,41.96135],[12.37722,41.96028],[12.37718,41.95918],[12.37784,41.95813],[12.37845,41.95806],[12.37919,41.95818],[12.38055,41.95782],[12.38189,41.95772],[12.38045,41.95669],[12.37804,41.95599],[12.37725,41.95536],[12.37691,41.95538],[12.3762,41.95662],[12.37543,41.95612],[12.37495,41.95552],[12.37418,41.95493],[12.37366,41.95478],[12.37298,41.95432],[12.37241,41.95372],[12.37158,41.95312],[12.371,41.95204],[12.37016,41.95128],[12.36902,41.95065],[12.36815,41.95115],[12.36706,41.95117],[12.3668,41.95105],[12.36472,41.95098]]]},"properties":{"zona":"E113","linkzona":"RM00001140","fascia":"E","fascia_label":"Suburbana","descr":"CASALOTTI SELVA CANDIDA (VIA DI SELVA NERA)","semestre":"2025-S2","loc_min":9.0,"loc_max":13.0,"loc_mid":11.0,"sale_min":2000.0,"sale_max":2900.0,"sup":"L","tipologia":"Abitazioni civili","stato":"NORMALE"}},{"type":"Feature","geometry":{"type":"Polygon","coordinates":[[[12.38944,41.95993],[12.39123,41.95959],[12.39235,41.95945],[12.39404,41.95871],[12.39503,41.95865],[12.39585,41.95846],[12.39573,41.95791],[12.39598,41.95769],[12.3967,41.95805],[12.3972,41.958],[12.39591,41.95703],[12.39523,41.95605],[12.39409,41.95537],[12.39348,41.95477],[12.39237,41.95345],[12.39159,41.95198],[12.39047,41.95098],[12.39233,41.95109],[12.39413,41.95146],[12.39522,41.95229],[12.39584,41.95212],[12.39687,41.95136],[12.39492,41.9501],[12.3948,41.94979],[12.39772,41.9481],[12.39904,41.94842],[12.40248,41.9469],[12.402,41.94639],[12.40132,41.94593],[12.40034,41.94475],[12.39972,41.94364],[12.39961,41.9431],[12.39905,41.94234],[12.40049,41.94225],[12.40168,41.94261],[12.40266,41.94302],[12.4045,41.94408],[12.40532,41.94425],[12.41261,41.94993],[12.41287,41.95026],[12.41248,41.95074],[12.41253,41.95149],[12.4183,41.95379],[12.41776,41.9546],[12.41791,41.95614],[12.41769,41.95727],[12.41678,41.96028],[12.41802,41.96048],[12.41907,41.96001],[12.42076,41.95951],[12.42189,41.96096],[12.42225,41.96231],[12.42547,41.96218],[12.426,41.96233],[12.42721,41.96124],[12.42779,41.96121],[12.42915,41.96062],[12.4306,41.96059],[12.43131,41.9601],[12.43273,41.95984],[12.43297,41.9599],[12.4348,41.95936],[12.43548,41.95868],[12.43703,41.95945],[12.43766,41.96002],[12.4385,41.96054],[12.43971,41.96085],[12.44026,41.96075],[12.44005,41.96097],[12.43855,41.96188],[12.43616,41.96372],[12.43342,41.96542],[12.43282,41.96589],[12.4317,41.9665],[12.43081,41.96723],[12.42883,41.96805],[12.42828,41.96854],[12.42697,41.96928],[12.42669,41.96965],[12.42537,41.97044],[12.42489,41.97045],[12.42408,41.97124],[12.42335,41.97179],[12.4231,41.97216],[12.4221,41.97256],[12.42134,41.97327],[12.42057,41.97343],[12.41978,41.9734],[12.41832,41.97264],[12.41695,41.97222],[12.41534,41.97148],[12.41495,41.97146],[12.41391,41.97086],[12.41321,41.97079],[12.41175,41.97028],[12.41178,41.96993],[12.41072,41.96985],[12.4096,41.97],[12.40896,41.96978],[12.40891,41.96913],[12.40948,41.96752],[12.40918,41.96617],[12.40868,41.96435],[12.40842,41.96311],[12.40824,41.96309],[12.40906,41.96675],[12.4091,41.96756],[12.40862,41.96968],[12.40852,41.96995],[12.40579,41.96976],[12.40524,41.9694],[12.40448,41.96928],[12.40413,41.96883],[12.40294,41.96823],[12.40133,41.96712],[12.40053,41.96672],[12.40067,41.96631],[12.40009,41.96584],[12.39962,41.9659],[12.39739,41.96451],[12.39504,41.96314],[12.39489,41.96292],[12.39335,41.96212],[12.39158,41.96103],[12.39125,41.96106],[12.38944,41.95993]]]},"properties":{"zona":"E114","linkzona":"RM00001143","fascia":"E","fascia_label":"Suburbana","descr":"OTTAVIA LUCCHINA (VIA DELLA LUCCHINA)","semestre":"2025-S2","loc_min":9.5,"loc_max":13.3,"loc_mid":11.4,"sale_min":1900.0,"sale_max":2650.0,"sup":"L","tipologia":"Abitazioni civili","stato":"NORMALE"}},{"type":"Feature","geometry":{"type":"Polygon","coordinates":[[[12.60027,41.93379],[12.60033,41.9335],[12.601,41.93325],[12.60259,41.93142],[12.60333,41.93034],[12.60441,41.92913],[12.60802,41.92448],[12.60878,41.92402],[12.60954,41.92397],[12.61208,41.92413],[12.61268,41.9245],[12.61354,41.92532],[12.61506,41.92614],[12.61568,41.92581],[12.61564,41.92529],[12.61579,41.92402],[12.61605,41.9232],[12.6165,41.92258],[12.61689,41.92258],[12.61841,41.92297],[12.61916,41.92283],[12.62016,41.92214],[12.62016,41.92188],[12.6188,41.92095],[12.61821,41.92013],[12.61839,41.91921],[12.61872,41.91895],[12.62021,41.91857],[12.6206,41.91826],[12.62121,41.91853],[12.62121,41.91955],[12.62144,41.92053],[12.6232,41.92237],[12.6244,41.92271],[12.62523,41.92268],[12.62623,41.92244],[12.62666,41.92262],[12.62678,41.92358],[12.62667,41.92453],[12.62594,41.92565],[12.62517,41.92568],[12.62415,41.92554],[12.62264,41.92514],[12.62228,41.92527],[12.62276,41.92657],[12.62384,41.92759],[12.62494,41.92726],[12.62537,41.92733],[12.625,41.92822],[12.62364,41.92975],[12.62352,41.93016],[12.62402,41.93045],[12.62708,41.93083],[12.62625,41.9321],[12.62687,41.93281],[12.62813,41.93368],[12.6304,41.93495],[12.63109,41.93518],[12.63191,41.9358],[12.63129,41.93669],[12.63269,41.93749],[12.6333,41.93762],[12.63321,41.93855],[12.63333,41.93981],[12.63311,41.94046],[12.63348,41.94066],[12.63593,41.94085],[12.637,41.94099],[12.63798,41.94132],[12.6414,41.94167],[12.64522,41.94176],[12.64498,41.94506],[12.64516,41.94598],[12.64618,41.94814],[12.64571,41.94876],[12.64349,41.94872],[12.64297,41.94915],[12.64348,41.95017],[12.64294,41.95085],[12.64313,41.95141],[12.64286,41.9518],[12.64211,41.95213],[12.64218,41.95291],[12.64294,41.95348],[12.64317,41.95384],[12.64334,41.95488],[12.64319,41.95519],[12.64354,41.95669],[12.64326,41.95742],[12.64087,41.95727],[12.63952,41.95752],[12.63742,41.95713],[12.63551,41.95714],[12.63497,41.95721],[12.62838,41.95856],[12.62732,41.9588],[12.62755,41.95803],[12.62706,41.95661],[12.62672,41.95604],[12.62658,41.95537],[12.62582,41.95465],[12.62553,41.95393],[12.6248,41.95331],[12.62168,41.95243],[12.61972,41.95261],[12.61894,41.95212],[12.61737,41.95127],[12.61611,41.95076],[12.61555,41.95034],[12.61492,41.94913],[12.61363,41.9471],[12.61247,41.94564],[12.61213,41.94478],[12.61153,41.94378],[12.61116,41.94294],[12.61048,41.94218],[12.60987,41.941],[12.60764,41.94073],[12.60645,41.94025],[12.60426,41.9396],[12.60343,41.93915],[12.60322,41.93993],[12.597,41.9402],[12.59629,41.93995],[12.59598,41.94008],[12.59604,41.93983],[12.6001,41.93469],[12.59996,41.93421],[12.60027,41.93379]]]},"properties":{"zona":"E115","linkzona":"RM00001144","fascia":"E","fascia_label":"Suburbana","descr":"SETTECAMINI (VIA RUBELLIA)","semestre":"2025-S2","loc_min":8.0,"loc_max":11.3,"loc_mid":9.65,"sale_min":1700.0,"sale_max":2400.0,"sup":"L","tipologia":"Abitazioni civili","stato":"NORMALE"}},{"type":"Feature","geometry":{"type":"Polygon","coordinates":[[[12.59698,41.85255],[12.59703,41.85221],[12.59734,41.85218],[12.59759,41.85291],[12.59996,41.85206],[12.60331,41.85077],[12.60615,41.84983],[12.61123,41.84803],[12.61211,41.84777],[12.6148,41.84679],[12.61516,41.84703],[12.61244,41.84797],[12.61346,41.84818],[12.61366,41.84842],[12.6152,41.84932],[12.61491,41.84996],[12.61423,41.85039],[12.61443,41.85103],[12.61422,41.8513],[12.61311,41.85156],[12.61241,41.85188],[12.61217,41.85225],[12.61236,41.85305],[12.61207,41.85396],[12.61273,41.85412],[12.614,41.85481],[12.61446,41.85581],[12.61439,41.85616],[12.61388,41.85687],[12.61362,41.85766],[12.61273,41.85827],[12.61208,41.8593],[12.61253,41.8599],[12.61299,41.86008],[12.61378,41.86141],[12.6136,41.86192],[12.61256,41.8629],[12.61261,41.86325],[12.61226,41.86339],[12.61042,41.86396],[12.6091,41.86411],[12.60719,41.86405],[12.60598,41.86424],[12.60176,41.86526],[12.60091,41.86388],[12.60055,41.86351],[12.6,41.862],[12.59913,41.85922],[12.59732,41.85322],[12.59698,41.85255]]]},"properties":{"zona":"E11","linkzona":"RM00000081","fascia":"E","fascia_label":"Suburbana","descr":"GIARDINETTI (VIA MARCANTONIO RAIMONDI)","semestre":"2025-S2","loc_min":7.8,"loc_max":11.0,"loc_mid":9.4,"sale_min":1750.0,"sale_max":2400.0,"sup":"L","tipologia":"Abitazioni civili","stato":"NORMALE"}},{"type":"Feature","geometry":{"type":"Polygon","coordinates":[[[12.68119,41.852],[12.68042,41.85244],[12.68039,41.85297],[12.68075,41.85418],[12.68142,41.85467],[12.68474,41.85449],[12.68487,41.8546],[12.69225,41.85533],[12.69506,41.85605],[12.69747,41.85086],[12.69753,41.85093],[12.70229,41.85214],[12.71132,41.85448],[12.7119,41.85457],[12.71218,41.85524],[12.7137,41.85639],[12.71443,41.85754],[12.71519,41.85945],[12.70539,41.86536],[12.70489,41.86828],[12.70408,41.87261],[12.70288,41.87285],[12.7018,41.87264],[12.69941,41.87137],[12.69728,41.87039],[12.69711,41.87038],[12.69486,41.87192],[12.69169,41.87478],[12.69169,41.8754],[12.69289,41.87759],[12.69186,41.87718],[12.69079,41.87692],[12.68841,41.87824],[12.68817,41.87877],[12.68739,41.8796],[12.68721,41.88009],[12.68585,41.87978],[12.68475,41.88015],[12.68408,41.88013],[12.68245,41.87939],[12.68177,41.87937],[12.67675,41.88156],[12.67464,41.88248],[12.67425,41.88258],[12.67313,41.88238],[12.67024,41.8808],[12.66774,41.88068],[12.66627,41.88053],[12.65918,41.88155],[12.65257,41.88046],[12.65283,41.88003],[12.65387,41.87926],[12.65401,41.8787],[12.65495,41.8781],[12.65572,41.87787],[12.65646,41.87671],[12.65728,41.87576],[12.65743,41.87469],[12.65836,41.87427],[12.65898,41.87371],[12.65902,41.87304],[12.65941,41.87278],[12.66005,41.87294],[12.66042,41.8723],[12.66056,41.87171],[12.66095,41.87126],[12.66144,41.87104],[12.66213,41.87049],[12.66249,41.86987],[12.66315,41.8698],[12.66418,41.86911],[12.66468,41.86854],[12.66511,41.86773],[12.66577,41.86773],[12.66774,41.86474],[12.66774,41.8643],[12.66584,41.86424],[12.66272,41.86455],[12.66126,41.86444],[12.65838,41.86463],[12.65496,41.86439],[12.65363,41.86412],[12.6547,41.86281],[12.65525,41.86279],[12.6555,41.86239],[12.65709,41.86046],[12.65708,41.85944],[12.65783,41.85896],[12.6583,41.85838],[12.65864,41.85754],[12.65976,41.85628],[12.66019,41.8553],[12.65967,41.85492],[12.6599,41.85446],[12.65986,41.85373],[12.66013,41.85259],[12.66082,41.85238],[12.66319,41.85191],[12.66505,41.85172],[12.66534,41.85125],[12.66693,41.85017],[12.66755,41.84936],[12.6682,41.84927],[12.66853,41.84867],[12.66857,41.84806],[12.67166,41.85065],[12.67236,41.85166],[12.6734,41.85172],[12.67544,41.85223],[12.67602,41.85218],[12.67711,41.85164],[12.68012,41.85056],[12.68164,41.84979],[12.68208,41.84943],[12.68265,41.84937],[12.68192,41.85039],[12.68172,41.85101],[12.68122,41.85146],[12.68119,41.852]]]},"properties":{"zona":"E19","linkzona":"RM00000089","fascia":"E","fascia_label":"Suburbana","descr":"BORGHESIANA-FINOCCHIO (VIA DI BORGHESIANA)","semestre":"2025-S2","loc_min":7.3,"loc_max":10.5,"loc_mid":8.9,"sale_min":1450.0,"sale_max":2150.0,"sup":"L","tipologia":"Abitazioni civili","stato":"NORMALE"}},{"type":"Feature","geometry":{"type":"Polygon","coordinates":[[[12.33998,41.93409],[12.33842,41.93425],[12.33544,41.93386],[12.33461,41.9338],[12.33375,41.93257],[12.3268,41.92304],[12.33235,41.92117],[12.33251,41.92073],[12.33305,41.92028],[12.33412,41.91993],[12.33634,41.92105],[12.33758,41.92068],[12.33837,41.92027],[12.33973,41.92068],[12.34045,41.91971],[12.34066,41.91877],[12.34158,41.91764],[12.34166,41.91694],[12.3415,41.9161],[12.34089,41.91539],[12.34028,41.91521],[12.33869,41.91575],[12.33715,41.91547],[12.3369,41.91509],[12.33554,41.91467],[12.33522,41.91446],[12.33424,41.91484],[12.33407,41.91386],[12.33432,41.91272],[12.33511,41.9127],[12.33481,41.91175],[12.33538,41.91123],[12.33587,41.9112],[12.33631,41.91084],[12.3366,41.91021],[12.33719,41.91002],[12.33754,41.9095],[12.3374,41.90894],[12.3366,41.90865],[12.3363,41.90788],[12.33646,41.90742],[12.33779,41.90743],[12.33861,41.90693],[12.33964,41.90614],[12.34034,41.90585],[12.34119,41.90508],[12.34128,41.9046],[12.34232,41.90379],[12.34334,41.90373],[12.34428,41.90313],[12.3449,41.90299],[12.3465,41.9023],[12.3486,41.90153],[12.34865,41.90157],[12.34893,41.90169],[12.34934,41.9018],[12.34992,41.90229],[12.35099,41.90271],[12.35151,41.90304],[12.3529,41.90438],[12.35405,41.90644],[12.3548,41.90741],[12.35559,41.90946],[12.35567,41.91046],[12.35633,41.91205],[12.35628,41.91346],[12.35612,41.91466],[12.35573,41.91558],[12.35582,41.91783],[12.35527,41.91887],[12.35495,41.91915],[12.35476,41.92006],[12.35494,41.92059],[12.35454,41.92088],[12.35429,41.92162],[12.35432,41.92215],[12.35492,41.92233],[12.35537,41.92281],[12.35561,41.92372],[12.35503,41.92437],[12.35479,41.92488],[12.35469,41.92601],[12.35383,41.9269],[12.35332,41.92688],[12.35297,41.92723],[12.35289,41.92803],[12.35219,41.92788],[12.35073,41.92791],[12.34904,41.92762],[12.3484,41.92762],[12.34729,41.92796],[12.34676,41.9283],[12.34637,41.92933],[12.34591,41.92989],[12.34395,41.93115],[12.34242,41.93261],[12.3411,41.93328],[12.33998,41.93409]]]},"properties":{"zona":"E125","linkzona":"RM00001161","fascia":"E","fascia_label":"Suburbana","descr":"CASALOTTI  PANTAN MONASTERO (VIA DI CASAL SELCE)","semestre":"2025-S2","loc_min":8.5,"loc_max":12.3,"loc_mid":10.4,"sale_min":1700.0,"sale_max":2500.0,"sup":"L","tipologia":"Abitazioni civili","stato":"NORMALE"}},{"type":"Feature","geometry":{"type":"Polygon","coordinates":[[[12.64664,41.86235],[12.64996,41.85924],[12.64889,41.85858],[12.64978,41.85774],[12.64914,41.85738],[12.64965,41.8569],[12.64865,41.85622],[12.64979,41.85509],[12.65053,41.8545],[12.65051,41.85433],[12.64928,41.85347],[12.652,41.85124],[12.65261,41.85167],[12.65113,41.85031],[12.65191,41.84945],[12.6533,41.8488],[12.65492,41.84756],[12.65563,41.84634],[12.65743,41.84404],[12.65889,41.84188],[12.65934,41.84112],[12.66029,41.8406],[12.66226,41.84032],[12.66326,41.84098],[12.66193,41.84231],[12.66189,41.84308],[12.66215,41.84352],[12.66353,41.84432],[12.66241,41.84549],[12.65856,41.84961],[12.65787,41.85009],[12.65556,41.85113],[12.6537,41.85252],[12.65723,41.85274],[12.66013,41.85259],[12.65986,41.85373],[12.6599,41.85446],[12.65967,41.85492],[12.66019,41.8553],[12.65976,41.85628],[12.65864,41.85754],[12.6583,41.85838],[12.65783,41.85896],[12.65708,41.85944],[12.65709,41.86046],[12.6555,41.86239],[12.65525,41.86279],[12.6547,41.86281],[12.65363,41.86412],[12.65212,41.86379],[12.64939,41.86279],[12.64771,41.86233],[12.64664,41.86235]]]},"properties":{"zona":"E127","linkzona":"RM00001163","fascia":"E","fascia_label":"Suburbana","descr":"CASILINO DUE TORRI-VILLAVERDE (VIA DEGAS)","semestre":"2025-S2","loc_min":6.5,"loc_max":9.0,"loc_mid":7.75,"sale_min":1500.0,"sale_max":2000.0,"sup":"L","tipologia":"Abitazioni civili","stato":"NORMALE"}},{"type":"Feature","geometry":{"type":"Polygon","coordinates":[[[12.61803,41.88299],[12.61728,41.882],[12.61779,41.88182],[12.61839,41.88125],[12.6194,41.88061],[12.61979,41.87983],[12.62134,41.87805],[12.62211,41.87669],[12.62213,41.87636],[12.62279,41.87585],[12.62674,41.87261],[12.62708,41.87282],[12.62775,41.87203],[12.62838,41.87163],[12.6292,41.87053],[12.63068,41.86937],[12.63077,41.86903],[12.62795,41.86673],[12.62991,41.86523],[12.63011,41.86517],[12.63326,41.86744],[12.63463,41.86667],[12.63694,41.86838],[12.63709,41.8684],[12.63929,41.86639],[12.64076,41.8673],[12.64099,41.86712],[12.64213,41.86779],[12.64437,41.86573],[12.64561,41.86659],[12.64624,41.86608],[12.64895,41.8673],[12.64825,41.86778],[12.64808,41.86831],[12.64863,41.86853],[12.64841,41.86886],[12.64725,41.86971],[12.64667,41.87059],[12.6451,41.87151],[12.6443,41.87173],[12.64385,41.87218],[12.64252,41.87248],[12.64201,41.87291],[12.64047,41.87313],[12.64028,41.87358],[12.63969,41.87415],[12.63939,41.87473],[12.63872,41.87477],[12.63825,41.87577],[12.63716,41.8767],[12.6374,41.87707],[12.63734,41.87803],[12.63662,41.8782],[12.63649,41.87896],[12.6359,41.87947],[12.63541,41.88039],[12.63513,41.88189],[12.6349,41.8824],[12.63529,41.88355],[12.63507,41.88387],[12.63402,41.88426],[12.63338,41.88484],[12.6334,41.88568],[12.63295,41.88609],[12.63223,41.8876],[12.63125,41.88794],[12.63114,41.88819],[12.63158,41.88882],[12.63076,41.8894],[12.62935,41.88954],[12.62843,41.89011],[12.62815,41.8905],[12.6271,41.89117],[12.62432,41.8927],[12.62374,41.89199],[12.62232,41.8908],[12.62107,41.88797],[12.62059,41.88707],[12.61986,41.88617],[12.61837,41.88347],[12.61803,41.88299]]]},"properties":{"zona":"E138","linkzona":"RM00001174","fascia":"E","fascia_label":"Suburbana","descr":"TOR BELLA MONACA PEEP (VIA DELL`ARCHEOLOGIA)","semestre":"2025-S2","loc_min":6.8,"loc_max":10.0,"loc_mid":8.4,"sale_min":1100.0,"sale_max":1650.0,"sup":"L","tipologia":"Abitazioni civili","stato":"NORMALE"}},{"type":"Feature","geometry":{"type":"Polygon","coordinates":[[[12.40754,41.90725],[12.40756,41.90726],[12.40716,41.90773],[12.40608,41.90862],[12.40542,41.90848],[12.40317,41.90891],[12.40156,41.90944],[12.40151,41.90946],[12.40078,41.90981],[12.39935,41.91063],[12.39825,41.91121],[12.39708,41.91114],[12.3957,41.91071],[12.395,41.91059],[12.39354,41.91065],[12.39272,41.91079],[12.39175,41.91177],[12.39033,41.91293],[12.38932,41.91364],[12.38769,41.9141],[12.38606,41.91444],[12.38463,41.91491],[12.38347,41.91506],[12.38385,41.91446],[12.38468,41.91367],[12.38498,41.91298],[12.38489,41.91246],[12.38446,41.91192],[12.38374,41.91149],[12.38328,41.91104],[12.38252,41.90917],[12.38239,41.90838],[12.38225,41.90586],[12.38253,41.90531],[12.38259,41.90457],[12.38184,41.90328],[12.38079,41.903],[12.37966,41.90284],[12.37682,41.90098],[12.37631,41.9003],[12.37611,41.89872],[12.37542,41.89809],[12.37505,41.89733],[12.37601,41.8968],[12.37616,41.89607],[12.37664,41.89576],[12.37665,41.89519],[12.3766,41.89466],[12.37716,41.89435],[12.37792,41.89316],[12.37779,41.893],[12.37819,41.89213],[12.37828,41.89142],[12.37873,41.89109],[12.37891,41.89065],[12.37969,41.89002],[12.37943,41.88884],[12.38009,41.88856],[12.38035,41.88813],[12.38026,41.88752],[12.38096,41.88787],[12.38263,41.88864],[12.3826,41.88796],[12.38285,41.88778],[12.38578,41.88732],[12.38682,41.88735],[12.38745,41.88749],[12.38861,41.88794],[12.38923,41.88885],[12.39121,41.88957],[12.39201,41.88973],[12.39579,41.8921],[12.39606,41.89267],[12.3949,41.89587],[12.39494,41.89642],[12.39551,41.89625],[12.39612,41.89583],[12.3969,41.89587],[12.39697,41.89653],[12.39627,41.89704],[12.39632,41.89727],[12.39711,41.89747],[12.39763,41.89798],[12.39796,41.89874],[12.39798,41.89955],[12.39831,41.90014],[12.3991,41.90082],[12.40088,41.90133],[12.40208,41.90175],[12.40245,41.90161],[12.40343,41.90171],[12.40341,41.90287],[12.40291,41.90302],[12.40302,41.90345],[12.40275,41.90507],[12.40306,41.90562],[12.40411,41.90609],[12.40484,41.90659],[12.40579,41.90753],[12.40682,41.90757],[12.40754,41.90725]]]},"properties":{"zona":"E8","linkzona":"RM00000198","fascia":"E","fascia_label":"Suburbana","descr":"MONTESPACCATO (VIA CORNELIA)","semestre":"2025-S2","loc_min":8.5,"loc_max":12.0,"loc_mid":10.25,"sale_min":1700.0,"sale_max":2500.0,"sup":"L","tipologia":"Abitazioni civili","stato":"NORMALE"}},{"type":"Feature","geometry":{"type":"Polygon","coordinates":[[[12.60878,41.92402],[12.60664,41.92411],[12.60566,41.924],[12.60496,41.92341],[12.60363,41.92323],[12.60208,41.92292],[12.60167,41.92268],[12.60191,41.92156],[12.60121,41.92109],[12.60232,41.9195],[12.60255,41.91839],[12.60369,41.91893],[12.60466,41.91839],[12.60548,41.91778],[12.60523,41.91728],[12.60438,41.91683],[12.60367,41.91664],[12.6033,41.91675],[12.60246,41.91641],[12.60199,41.91582],[12.60136,41.91557],[12.59737,41.91423],[12.59589,41.91394],[12.59548,41.91355],[12.59234,41.9131],[12.59327,41.91234],[12.59429,41.91173],[12.59515,41.9106],[12.59562,41.91034],[12.59634,41.91025],[12.59742,41.90977],[12.59825,41.90978],[12.59943,41.90961],[12.6,41.90935],[12.59928,41.90892],[12.59874,41.90781],[12.59901,41.90807],[12.60089,41.90843],[12.60112,41.90807],[12.6034,41.90854],[12.60363,41.90819],[12.60476,41.90791],[12.60582,41.90793],[12.60735,41.90752],[12.60932,41.90623],[12.61011,41.90553],[12.60991,41.90502],[12.6125,41.9042],[12.61324,41.9042],[12.6141,41.90442],[12.61556,41.90425],[12.61582,41.90493],[12.61578,41.90685],[12.61591,41.90903],[12.61592,41.91163],[12.61603,41.91366],[12.61571,41.91493],[12.61579,41.91607],[12.61574,41.91706],[12.61585,41.91779],[12.61589,41.91947],[12.61582,41.92061],[12.61591,41.92106],[12.61605,41.9232],[12.61579,41.92402],[12.61564,41.92529],[12.61568,41.92581],[12.61506,41.92614],[12.61354,41.92532],[12.61268,41.9245],[12.61208,41.92413],[12.60954,41.92397],[12.60878,41.92402]]]},"properties":{"zona":"E132","linkzona":"RM00001168","fascia":"E","fascia_label":"Suburbana","descr":"LA RUSTICA (VIA ACHILLE VERTUNNI)","semestre":"2025-S2","loc_min":8.3,"loc_max":11.8,"loc_mid":10.05,"sale_min":1700.0,"sale_max":2250.0,"sup":"L","tipologia":"Abitazioni civili","stato":"NORMALE"}},{"type":"Feature","geometry":{"type":"Polygon","coordinates":[[[12.50428,41.91478],[12.50296,41.91584],[12.50282,41.91582],[12.50037,41.91779],[12.49979,41.91793],[12.4998,41.91825],[12.49838,41.91939],[12.49716,41.91818],[12.49724,41.91793],[12.49681,41.91704],[12.49697,41.91616],[12.49757,41.91366],[12.49816,41.91081],[12.49881,41.91063],[12.50135,41.90931],[12.50654,41.91284],[12.50591,41.91346],[12.50529,41.91353],[12.50518,41.91393],[12.50428,41.91478]]]},"properties":{"zona":"C2","linkzona":"RM00000179","fascia":"C","fascia_label":"Semicentrale","descr":"SALARIO (VIA NIZZA)","semestre":"2025-S2","loc_min":13.3,"loc_max":18.8,"loc_mid":16.05,"sale_min":3800.0,"sale_max":5300.0,"sup":"L","tipologia":"Abitazioni civili","stato":"NORMALE"}},{"type":"Feature","geometry":{"type":"Polygon","coordinates":[[[12.48696,41.89626],[12.48733,41.89672],[12.49038,41.8987],[12.49265,41.8968],[12.49511,41.89727],[12.49662,41.89894],[12.49716,41.89849],[12.4975,41.89856],[12.49745,41.89887],[12.49691,41.89943],[12.49616,41.90057],[12.49758,41.9014],[12.49791,41.90185],[12.50019,41.90313],[12.49946,41.90373],[12.50001,41.90415],[12.4989,41.90505],[12.49829,41.90505],[12.49713,41.90425],[12.49583,41.90533],[12.49424,41.90436],[12.49362,41.90385],[12.49139,41.90225],[12.49068,41.90186],[12.49036,41.90155],[12.48733,41.89942],[12.48671,41.89882],[12.48669,41.89789],[12.48689,41.89732],[12.48696,41.89626]]]},"properties":{"zona":"B29","linkzona":"RM00001064","fascia":"B","fascia_label":"Centrale","descr":"VIMINALE (VIA TORINO)","semestre":"2025-S2","loc_min":15.3,"loc_max":21.3,"loc_mid":18.3,"sale_min":4600.0,"sale_max":6300.0,"sup":"L","tipologia":"Abitazioni civili","stato":"NORMALE"}},{"type":"Feature","geometry":{"type":"Polygon","coordinates":[[[12.48476,41.89593],[12.48536,41.89515],[12.48469,41.89459],[12.48566,41.89392],[12.48532,41.8935],[12.48713,41.89249],[12.48748,41.89287],[12.49031,41.89128],[12.49086,41.89102],[12.49124,41.89079],[12.49265,41.89087],[12.49371,41.89028],[12.49412,41.89012],[12.49459,41.89061],[12.49661,41.89023],[12.49722,41.8899],[12.49913,41.88947],[12.50214,41.88895],[12.5034,41.88928],[12.50349,41.88957],[12.50126,41.89352],[12.50038,41.895],[12.49993,41.89532],[12.49917,41.89665],[12.49949,41.89713],[12.49925,41.89774],[12.4975,41.89856],[12.49716,41.89849],[12.49662,41.89894],[12.49511,41.89727],[12.49265,41.8968],[12.49038,41.8987],[12.48733,41.89672],[12.48696,41.89626],[12.48476,41.89593]]]},"properties":{"zona":"B4","linkzona":"RM00000172","fascia":"B","fascia_label":"Centrale","descr":"MONTI (VIA DEI  SERPENTI)","semestre":"2025-S2","loc_min":18.0,"loc_max":25.0,"loc_mid":21.5,"sale_min":4700.0,"sale_max":6400.0,"sup":"L","tipologia":"Abitazioni civili","stato":"NORMALE"}},{"type":"Feature","geometry":{"type":"Polygon","coordinates":[[[12.61446,41.85581],[12.61478,41.8557],[12.61625,41.85577],[12.61701,41.85555],[12.61801,41.85581],[12.62016,41.85615],[12.62121,41.85615],[12.62185,41.85646],[12.62342,41.85674],[12.62407,41.85642],[12.62505,41.85656],[12.62411,41.85753],[12.62466,41.85745],[12.62489,41.85738],[12.62603,41.85789],[12.6268,41.85865],[12.6274,41.85838],[12.62786,41.85897],[12.62909,41.85925],[12.62916,41.85993],[12.62983,41.86048],[12.63056,41.86099],[12.63057,41.86127],[12.63011,41.86258],[12.62943,41.86262],[12.62806,41.86249],[12.62722,41.86249],[12.62523,41.86235],[12.62309,41.8623],[12.62127,41.86252],[12.62039,41.86278],[12.61929,41.86283],[12.61816,41.86321],[12.61719,41.86313],[12.61377,41.86302],[12.61261,41.86325],[12.61256,41.8629],[12.6136,41.86192],[12.61378,41.86141],[12.61299,41.86008],[12.61253,41.8599],[12.61208,41.8593],[12.61273,41.85827],[12.61362,41.85766],[12.61388,41.85687],[12.61439,41.85616],[12.61446,41.85581]]]},"properties":{"zona":"E140","linkzona":"RM00001176","fascia":"E","fascia_label":"Suburbana","descr":"TORRENOVA (VIA DELLA TENUTA DI TORRENOVA)","semestre":"2025-S2","loc_min":7.8,"loc_max":11.3,"loc_mid":9.55,"sale_min":1600.0,"sale_max":2350.0,"sup":"L","tipologia":"Abitazioni civili","stato":"NORMALE"}},{"type":"Feature","geometry":{"type":"Polygon","coordinates":[[[12.59581,41.84757],[12.59581,41.84756],[12.59604,41.84794],[12.59747,41.84785],[12.59977,41.84757],[12.60202,41.8469],[12.60431,41.84616],[12.60428,41.84505],[12.60351,41.84367],[12.60396,41.84338],[12.60441,41.8434],[12.60544,41.84309],[12.60726,41.8428],[12.60799,41.8426],[12.60884,41.84275],[12.60317,41.83731],[12.60315,41.83598],[12.6047,41.83562],[12.60592,41.83515],[12.60852,41.83376],[12.61018,41.83327],[12.61439,41.83253],[12.61648,41.83458],[12.61848,41.83488],[12.61885,41.83421],[12.61952,41.83421],[12.61959,41.83383],[12.62063,41.83217],[12.62167,41.8313],[12.62454,41.82774],[12.62469,41.82756],[12.62565,41.82734],[12.62671,41.82987],[12.62701,41.8302],[12.63057,41.83242],[12.63052,41.83317],[12.63069,41.83343],[12.63227,41.83429],[12.63347,41.83504],[12.63297,41.83695],[12.63134,41.84077],[12.62938,41.84151],[12.62695,41.84232],[12.62458,41.84326],[12.62447,41.84324],[12.62076,41.84454],[12.61859,41.84526],[12.6148,41.84679],[12.61211,41.84777],[12.61123,41.84803],[12.60615,41.84983],[12.60331,41.85077],[12.59996,41.85206],[12.59759,41.85291],[12.59734,41.85218],[12.59703,41.85221],[12.59601,41.84891],[12.59624,41.84872],[12.59581,41.84757]]]},"properties":{"zona":"E179","linkzona":"RM00002321","fascia":"E","fascia_label":"Suburbana","descr":"ROMANINA TOR VERGATA (VIA BERNARDINO ALIMENA)","semestre":"2025-S2","loc_min":7.3,"loc_max":10.0,"loc_mid":8.65,"sale_min":2100.0,"sale_max":2950.0,"sup":"L","tipologia":"Abitazioni civili","stato":"NORMALE"}},{"type":"Feature","geometry":{"type":"Polygon","coordinates":[[[12.48068,41.95262],[12.48088,41.9527],[12.48097,41.95274],[12.48158,41.95291],[12.48309,41.95333],[12.48374,41.95326],[12.4846,41.95358],[12.48426,41.95392],[12.48288,41.95459],[12.48123,41.95588],[12.47555,41.95429],[12.47375,41.95367],[12.47294,41.95304],[12.4724,41.95245],[12.47212,41.95176],[12.46863,41.95199],[12.46798,41.9521],[12.46715,41.95185],[12.46665,41.95161],[12.46485,41.95127],[12.4645,41.95104],[12.46311,41.95103],[12.46108,41.95131],[12.46085,41.95038],[12.46198,41.94953],[12.46266,41.94867],[12.46326,41.94825],[12.46311,41.948],[12.46302,41.94796],[12.46505,41.94327],[12.46587,41.94112],[12.46777,41.94121],[12.46862,41.94106],[12.47112,41.94088],[12.47155,41.94093],[12.47125,41.94169],[12.471,41.94176],[12.46971,41.94398],[12.46943,41.9452],[12.46958,41.94596],[12.47082,41.94865],[12.47129,41.94946],[12.4725,41.94976],[12.47512,41.95062],[12.4752,41.95077],[12.47507,41.95084],[12.4752,41.95078],[12.47553,41.95082],[12.47828,41.95172],[12.47874,41.95197],[12.47885,41.952],[12.47933,41.95211],[12.47976,41.95235],[12.47981,41.95238],[12.48068,41.95262]]]},"properties":{"zona":"C42","linkzona":"RM00002702","fascia":"C","fascia_label":"Semicentrale","descr":"VIGNA CLARA (VIA DI VIGNA STELLUTI)","semestre":"2025-S2","loc_min":13.0,"loc_max":18.5,"loc_mid":15.75,"sale_min":3400.0,"sale_max":4900.0,"sup":"L","tipologia":"Abitazioni civili","stato":"NORMALE"}},{"type":"Feature","geometry":{"type":"Polygon","coordinates":[[[12.42678,41.87933],[12.42614,41.87699],[12.42625,41.87695],[12.42639,41.87701],[12.43051,41.877],[12.43135,41.87677],[12.43161,41.87692],[12.43362,41.87859],[12.43472,41.87812],[12.4366,41.87778],[12.43866,41.87734],[12.43872,41.87714],[12.44065,41.87722],[12.44061,41.87778],[12.44091,41.87982],[12.44124,41.8802],[12.44082,41.88162],[12.44045,41.88198],[12.44026,41.88332],[12.44046,41.88928],[12.44032,41.88931],[12.43814,41.88949],[12.43732,41.88966],[12.43482,41.89036],[12.43442,41.89017],[12.43254,41.89086],[12.43115,41.89114],[12.42979,41.89151],[12.42878,41.89147],[12.42752,41.8913],[12.4265,41.89083],[12.42574,41.89014],[12.42506,41.88976],[12.42318,41.88891],[12.42167,41.88852],[12.42134,41.88799],[12.42179,41.88612],[12.42287,41.88543],[12.42526,41.88212],[12.42632,41.88058],[12.42678,41.87933]]]},"properties":{"zona":"C45","linkzona":"RM00003301","fascia":"C","fascia_label":"Semicentrale","descr":"NOCETTA (VIA DELLA NOCETTA)","semestre":"2025-S2","loc_min":9.5,"loc_max":13.5,"loc_mid":11.5,"sale_min":2450.0,"sale_max":3600.0,"sup":"L","tipologia":"Abitazioni civili","stato":"NORMALE"}},{"type":"Feature","geometry":{"type":"Polygon","coordinates":[[[12.5034,41.88927],[12.5034,41.88928],[12.50214,41.88895],[12.49913,41.88947],[12.49722,41.8899],[12.49661,41.89023],[12.49459,41.89061],[12.49412,41.89012],[12.49371,41.89028],[12.49366,41.88986],[12.49256,41.88941],[12.49171,41.88958],[12.49139,41.8898],[12.49105,41.89043],[12.49124,41.89079],[12.49086,41.89102],[12.49036,41.89026],[12.49022,41.88974],[12.49022,41.88892],[12.48938,41.886],[12.48979,41.88592],[12.48932,41.8851],[12.48948,41.88472],[12.48999,41.88449],[12.48909,41.88395],[12.49029,41.88288],[12.49039,41.8825],[12.49002,41.88163],[12.49007,41.88018],[12.49052,41.88004],[12.4915,41.88022],[12.49223,41.88076],[12.49278,41.88101],[12.49412,41.88002],[12.49414,41.88001],[12.49424,41.87995],[12.49522,41.88075],[12.49566,41.88058],[12.49639,41.87999],[12.49676,41.88026],[12.49757,41.8814],[12.49794,41.88125],[12.4987,41.88149],[12.49874,41.88248],[12.49929,41.88253],[12.50123,41.88321],[12.50222,41.88332],[12.50274,41.88315],[12.50349,41.88325],[12.50473,41.8841],[12.50614,41.88446],[12.50569,41.88484],[12.50706,41.88507],[12.50902,41.88578],[12.50779,41.88791],[12.50668,41.88754],[12.50485,41.88712],[12.50452,41.88725],[12.5034,41.88927]],[[12.49036,41.88999],[12.49093,41.88998],[12.49091,41.88951],[12.49026,41.88969],[12.49036,41.88999]]]},"properties":{"zona":"B3","linkzona":"RM00000171","fascia":"B","fascia_label":"Centrale","descr":"CELIO (VIA CLAUDIA)","semestre":"2025-S2","loc_min":16.3,"loc_max":23.5,"loc_mid":19.9,"sale_min":4100.0,"sale_max":5900.0,"sup":"L","tipologia":"Abitazioni civili","stato":"NORMALE"}},{"type":"Feature","geometry":{"type":"Polygon","coordinates":[[[12.38104,41.84715],[12.38115,41.84734],[12.38064,41.84806],[12.3799,41.84944],[12.37907,41.85167],[12.37861,41.8523],[12.37848,41.85231],[12.37846,41.85231],[12.37781,41.85193],[12.37705,41.85181],[12.374,41.85183],[12.37334,41.85177],[12.37033,41.85096],[12.37,41.85155],[12.37101,41.85182],[12.37063,41.85332],[12.36861,41.8529],[12.36769,41.85316],[12.36691,41.85307],[12.36686,41.85339],[12.36613,41.8539],[12.36531,41.85426],[12.36441,41.85434],[12.36348,41.85428],[12.36196,41.85472],[12.36094,41.85446],[12.35916,41.85467],[12.35823,41.85455],[12.35775,41.85472],[12.35474,41.85404],[12.35235,41.85317],[12.35195,41.85295],[12.34857,41.85241],[12.34619,41.85225],[12.34572,41.85231],[12.34545,41.85225],[12.34258,41.85058],[12.33793,41.84779],[12.33474,41.84584],[12.3344,41.84554],[12.33455,41.84518],[12.33378,41.84356],[12.3343,41.84267],[12.33445,41.84211],[12.33519,41.84091],[12.33523,41.83971],[12.33561,41.83839],[12.33592,41.83795],[12.33652,41.83775],[12.33711,41.83639],[12.33768,41.83558],[12.33799,41.83542],[12.33826,41.83374],[12.33851,41.83158],[12.33847,41.83112],[12.33888,41.83006],[12.33965,41.82952],[12.33996,41.82873],[12.34108,41.82777],[12.34095,41.82635],[12.34061,41.82561],[12.34077,41.82421],[12.34056,41.82318],[12.34057,41.82164],[12.34085,41.82048],[12.34108,41.82015],[12.34096,41.81966],[12.34133,41.81875],[12.34162,41.81847],[12.34183,41.81761],[12.34254,41.81602],[12.34265,41.81448],[12.34284,41.81349],[12.34258,41.81239],[12.34273,41.81188],[12.34258,41.81099],[12.34261,41.80949],[12.34289,41.80873],[12.34344,41.80808],[12.34345,41.80751],[12.34262,41.80644],[12.34321,41.80568],[12.34438,41.80586],[12.34571,41.80565],[12.34668,41.8053],[12.3487,41.80437],[12.34902,41.80415],[12.3515,41.80315],[12.35303,41.80291],[12.35467,41.80294],[12.35548,41.80305],[12.35744,41.80313],[12.35773,41.80306],[12.35784,41.80316],[12.36041,41.80348],[12.36397,41.80351],[12.36662,41.80314],[12.36799,41.80282],[12.37058,41.80211],[12.37436,41.8006],[12.37941,41.79834],[12.38208,41.7968],[12.38371,41.79603],[12.38389,41.79682],[12.38385,41.79744],[12.38486,41.80258],[12.38458,41.8057],[12.38446,41.80861],[12.38453,41.81028],[12.3848,41.81394],[12.38379,41.8175],[12.38528,41.81764],[12.38772,41.81767],[12.38929,41.81936],[12.38976,41.82022],[12.38981,41.82092],[12.38947,41.82229],[12.38945,41.82309],[12.38867,41.82541],[12.38834,41.82582],[12.38843,41.82638],[12.38793,41.82721],[12.38754,41.82822],[12.38737,41.82909],[12.38695,41.82969],[12.38666,41.83117],[12.38603,41.83291],[12.38572,41.83418],[12.38552,41.83454],[12.38521,41.83575],[12.38489,41.83626],[12.38467,41.83768],[12.38435,41.83835],[12.38312,41.84236],[12.38269,41.84293],[12.3824,41.844],[12.38146,41.84602],[12.38104,41.84715]]]},"properties":{"zona":"E156","linkzona":"RM00001192","fascia":"E","fascia_label":"Suburbana","descr":"PISANA-PONTE GALERIA (VIA ETTORE SCANDALE,VIA USINI)","semestre":"2025-S2","loc_min":7.0,"loc_max":10.3,"loc_mid":8.65,"sale_min":1850.0,"sale_max":2600.0,"sup":"L","tipologia":"Abitazioni civili","stato":"NORMALE"}},{"type":"Feature","geometry":{"type":"Polygon","coordinates":[[[12.52673,41.7676],[12.52618,41.76651],[12.5256,41.76581],[12.52358,41.76434],[12.52317,41.7633],[12.52316,41.76294],[12.524,41.76252],[12.52423,41.76197],[12.52424,41.76116],[12.52502,41.76049],[12.52596,41.75995],[12.5283,41.75757],[12.52914,41.75714],[12.5302,41.75674],[12.53085,41.75664],[12.5354,41.75641],[12.53807,41.75598],[12.53807,41.75584],[12.54005,41.75554],[12.54101,41.75582],[12.54103,41.75612],[12.54156,41.75658],[12.54251,41.75652],[12.54403,41.75586],[12.54561,41.75601],[12.54709,41.75524],[12.54957,41.75539],[12.55125,41.75555],[12.55156,41.75571],[12.55229,41.75656],[12.55445,41.7575],[12.55577,41.75778],[12.55616,41.75775],[12.55836,41.75687],[12.5598,41.75681],[12.56025,41.75656],[12.56134,41.75669],[12.56154,41.75647],[12.56091,41.75604],[12.56098,41.75501],[12.56208,41.75422],[12.56328,41.75427],[12.56434,41.75388],[12.56506,41.75412],[12.56545,41.75493],[12.566,41.75527],[12.56659,41.75532],[12.56768,41.75576],[12.56977,41.75619],[12.57065,41.756],[12.57182,41.75549],[12.57273,41.75528],[12.57389,41.75515],[12.57652,41.75525],[12.57741,41.7549],[12.5778,41.755],[12.57852,41.75482],[12.57929,41.75484],[12.57987,41.7545],[12.58073,41.75452],[12.58166,41.75425],[12.58204,41.75366],[12.58264,41.7539],[12.58385,41.75375],[12.5845,41.75405],[12.58572,41.75394],[12.58685,41.75422],[12.58706,41.75473],[12.58782,41.75482],[12.58829,41.75514],[12.59108,41.75515],[12.59142,41.75549],[12.59219,41.75563],[12.59315,41.75553],[12.59406,41.7559],[12.59435,41.75558],[12.59439,41.7549],[12.59524,41.75514],[12.59592,41.75757],[12.5968,41.75858],[12.59531,41.75876],[12.58722,41.75947],[12.58527,41.75936],[12.58365,41.75945],[12.58412,41.76073],[12.58452,41.76229],[12.58499,41.76233],[12.58519,41.76294],[12.58467,41.76329],[12.58495,41.76463],[12.58453,41.76478],[12.58425,41.76505],[12.58363,41.76486],[12.58305,41.765],[12.58285,41.76533],[12.58201,41.76582],[12.58146,41.76663],[12.58068,41.76682],[12.58021,41.76748],[12.5784,41.76795],[12.57754,41.76831],[12.57755,41.76862],[12.57633,41.76982],[12.57561,41.76996],[12.57472,41.76992],[12.57425,41.77036],[12.57332,41.77047],[12.57261,41.77069],[12.57124,41.77088],[12.57062,41.7708],[12.56965,41.77169],[12.56787,41.77293],[12.56772,41.77325],[12.56652,41.77402],[12.56481,41.77407],[12.56434,41.77433],[12.56294,41.77461],[12.56144,41.77543],[12.56119,41.77585],[12.55939,41.77666],[12.55803,41.77709],[12.55684,41.77763],[12.55657,41.7779],[12.55443,41.77907],[12.5527,41.77928],[12.54853,41.77946],[12.5475,41.77926],[12.54694,41.77888],[12.54571,41.77865],[12.54518,41.77909],[12.54382,41.77967],[12.543,41.77989],[12.54235,41.77984],[12.54168,41.78018],[12.54142,41.77908],[12.54123,41.77891],[12.54007,41.77834],[12.5394,41.7777],[12.53955,41.77735],[12.53732,41.77697],[12.53696,41.77697],[12.5345,41.77739],[12.53278,41.77601],[12.53072,41.77399],[12.52956,41.77323],[12.52886,41.77209],[12.52755,41.76861],[12.52673,41.7676]]]},"properties":{"zona":"E158","linkzona":"RM00001194","fascia":"E","fascia_label":"Suburbana","descr":"DIVINO AMORE-FALCOGNANA (VIA DEI CASALI DI PORTA MEDAGLIA)","semestre":"2025-S2","loc_min":6.3,"loc_max":9.3,"loc_mid":7.8,"sale_min":1550.0,"sale_max":2300.0,"sup":"L","tipologia":"Abitazioni civili","stato":"NORMALE"}},{"type":"Feature","geometry":{"type":"Polygon","coordinates":[[[12.38463,41.91491],[12.38606,41.91444],[12.38769,41.9141],[12.38895,41.91592],[12.38972,41.9164],[12.39089,41.9173],[12.39197,41.91853],[12.39261,41.91866],[12.39358,41.91912],[12.39388,41.9194],[12.39368,41.92023],[12.39407,41.92082],[12.39367,41.9224],[12.39369,41.92345],[12.39392,41.92404],[12.39492,41.92509],[12.39634,41.92624],[12.40025,41.9271],[12.40283,41.92758],[12.40324,41.92864],[12.40354,41.92874],[12.40368,41.92949],[12.40402,41.92994],[12.40411,41.9308],[12.40448,41.93148],[12.40481,41.93167],[12.40546,41.93286],[12.406,41.93441],[12.40638,41.93474],[12.40681,41.93543],[12.40571,41.93546],[12.40551,41.93604],[12.40571,41.9371],[12.40599,41.93729],[12.40583,41.93787],[12.40519,41.93751],[12.40437,41.93745],[12.40436,41.93673],[12.40055,41.93852],[12.40015,41.93889],[12.39926,41.93881],[12.39871,41.93895],[12.39803,41.93874],[12.3972,41.93877],[12.39709,41.93834],[12.39585,41.93711],[12.39493,41.93649],[12.39446,41.93683],[12.39457,41.9374],[12.39415,41.93741],[12.39362,41.93687],[12.39413,41.93575],[12.39389,41.93547],[12.3932,41.93525],[12.3925,41.93463],[12.39308,41.93389],[12.39082,41.93308],[12.38981,41.93313],[12.38723,41.93292],[12.38653,41.93282],[12.38507,41.93212],[12.38401,41.93103],[12.38182,41.92891],[12.38118,41.92848],[12.38108,41.92839],[12.38151,41.92354],[12.38168,41.92277],[12.38366,41.91912],[12.38384,41.91866],[12.38475,41.91509],[12.38463,41.91491]]]},"properties":{"zona":"E7","linkzona":"RM00000197","fascia":"E","fascia_label":"Suburbana","descr":"TORRESINA-MONTE DEL MARMO (VIA DEL PODERE DI SAN GIUSTO)","semestre":"2025-S2","loc_min":7.5,"loc_max":11.0,"loc_mid":9.25,"sale_min":2000.0,"sale_max":2850.0,"sup":"L","tipologia":"Abitazioni civili","stato":"NORMALE"}},{"type":"Feature","geometry":{"type":"Polygon","coordinates":[[[12.27002,42.00372],[12.27043,42.0044],[12.26967,42.00551],[12.26918,42.00715],[12.26917,42.00766],[12.26756,42.00849],[12.26683,42.00867],[12.26623,42.00938],[12.26534,42.00996],[12.26481,42.01117],[12.26544,42.01102],[12.26604,42.01153],[12.26561,42.01296],[12.26472,42.01391],[12.26401,42.01418],[12.26322,42.01494],[12.26348,42.01605],[12.26303,42.01668],[12.26337,42.01758],[12.26349,42.01838],[12.26221,42.01824],[12.26081,42.01825],[12.26003,42.01817],[12.25766,42.0182],[12.25259,42.0182],[12.25031,42.01834],[12.24851,42.01825],[12.24761,42.01805],[12.24294,42.01719],[12.2428,42.01559],[12.24243,42.01458],[12.24253,42.01415],[12.24309,42.01385],[12.24301,42.01327],[12.24315,42.01257],[12.24298,42.01192],[12.2433,42.01119],[12.2441,42.01073],[12.24433,42.0089],[12.24394,42.00573],[12.24275,42.00196],[12.24257,41.99973],[12.24255,41.99861],[12.24386,41.99673],[12.24602,41.99457],[12.24602,41.9942],[12.24517,41.99159],[12.24512,41.99118],[12.24521,41.98947],[12.24518,41.98869],[12.24603,41.98784],[12.24703,41.98841],[12.2479,41.98917],[12.24801,41.98955],[12.24862,41.99034],[12.24938,41.99099],[12.25025,41.9911],[12.25049,41.99114],[12.25057,41.99106],[12.25088,41.99098],[12.25118,41.99084],[12.25153,41.99089],[12.25238,41.99048],[12.25297,41.99045],[12.2534,41.99022],[12.25375,41.98933],[12.2539,41.98841],[12.25494,41.98782],[12.256,41.9876],[12.2568,41.98715],[12.25765,41.98749],[12.25894,41.98744],[12.2594,41.9871],[12.26086,41.98651],[12.26181,41.98572],[12.26219,41.98566],[12.26261,41.98658],[12.26337,41.98724],[12.26374,41.98786],[12.2637,41.98871],[12.26313,41.98911],[12.26412,41.98918],[12.26438,41.98961],[12.26366,41.98987],[12.26431,41.99021],[12.26498,41.99014],[12.26499,41.99063],[12.26424,41.99097],[12.26385,41.99168],[12.26485,41.9915],[12.26493,41.99197],[12.2642,41.99241],[12.26403,41.99332],[12.26341,41.99336],[12.26357,41.99383],[12.26425,41.99424],[12.26408,41.99448],[12.26321,41.99473],[12.26308,41.9951],[12.26382,41.99505],[12.26409,41.9956],[12.26336,41.99558],[12.26307,41.99596],[12.26247,41.99628],[12.26235,41.99685],[12.26362,41.99648],[12.26344,41.99797],[12.26414,41.99729],[12.26434,41.99672],[12.26507,41.99576],[12.26546,41.99577],[12.26595,41.99621],[12.26637,41.9957],[12.26685,41.99592],[12.2664,41.9966],[12.26666,41.99717],[12.26653,41.99769],[12.2669,41.99789],[12.26721,41.99738],[12.26707,41.99681],[12.26788,41.99676],[12.2686,41.99724],[12.26843,41.99771],[12.26865,41.99838],[12.26901,41.9989],[12.26902,42.00016],[12.26921,42.00158],[12.26976,42.00264],[12.27002,42.00372]]]},"properties":{"zona":"E160","linkzona":"RM00001196","fascia":"E","fascia_label":"Suburbana","descr":"TRAGLIATELLA (VIA PIOSSASCO)","semestre":"2025-S2","loc_min":5.5,"loc_max":7.8,"loc_mid":6.65,"sale_min":1000.0,"sale_max":1400.0,"sup":"L","tipologia":"Abitazioni civili","stato":"NORMALE"}},{"type":"Feature","geometry":{"type":"Polygon","coordinates":[[[12.45534,42.04902],[12.4553,42.04862],[12.45481,42.04727],[12.45401,42.04533],[12.45309,42.04334],[12.45338,42.04294],[12.45148,42.04154],[12.45164,42.04127],[12.45296,42.04006],[12.45287,42.03949],[12.45235,42.039],[12.45214,42.0384],[12.45188,42.03809],[12.45132,42.03704],[12.45082,42.0361],[12.45142,42.03611],[12.45204,42.03514],[12.45279,42.03474],[12.45325,42.03418],[12.45385,42.03378],[12.45413,42.03337],[12.45437,42.03296],[12.45542,42.03202],[12.45596,42.03181],[12.45692,42.03093],[12.45761,42.02972],[12.45966,42.02864],[12.45923,42.02782],[12.46087,42.02654],[12.46112,42.02601],[12.46064,42.02525],[12.46092,42.02501],[12.46166,42.02378],[12.46167,42.02348],[12.46125,42.0229],[12.46196,42.02245],[12.46242,42.02123],[12.46333,42.02087],[12.4628,42.01989],[12.46312,42.01887],[12.46416,42.01871],[12.46487,42.01811],[12.46488,42.01745],[12.46576,42.01654],[12.46628,42.01641],[12.46805,42.01567],[12.46877,42.01462],[12.46931,42.01446],[12.46981,42.01363],[12.47051,42.01307],[12.47116,42.01216],[12.47122,42.01182],[12.47255,42.01138],[12.47317,42.01077],[12.47364,42.0106],[12.47429,42.01007],[12.47467,42.00922],[12.47476,42.00941],[12.47565,42.00953],[12.47556,42.01129],[12.47721,42.01165],[12.47659,42.01261],[12.47632,42.01402],[12.47536,42.01496],[12.47553,42.01565],[12.47622,42.01625],[12.47731,42.01635],[12.47796,42.01594],[12.47841,42.01625],[12.4807,42.01465],[12.48058,42.01552],[12.48068,42.01606],[12.48101,42.0163],[12.48064,42.01684],[12.48121,42.01734],[12.48126,42.01776],[12.4822,42.01882],[12.48272,42.01899],[12.4828,42.01955],[12.48271,42.02053],[12.48244,42.021],[12.48266,42.02178],[12.48229,42.02246],[12.48169,42.0229],[12.48152,42.02347],[12.48083,42.0234],[12.48023,42.0237],[12.47991,42.02412],[12.47956,42.025],[12.47957,42.02625],[12.47937,42.02741],[12.47948,42.0282],[12.48027,42.02902],[12.47991,42.02957],[12.47918,42.03015],[12.47906,42.03071],[12.47821,42.03152],[12.47828,42.03182],[12.47982,42.03227],[12.48013,42.03266],[12.47944,42.03338],[12.47887,42.03438],[12.47772,42.03489],[12.47729,42.03542],[12.47812,42.03571],[12.47873,42.03674],[12.47855,42.03742],[12.47828,42.0377],[12.47923,42.038],[12.47995,42.03889],[12.48079,42.03939],[12.48242,42.04007],[12.48278,42.04108],[12.4844,42.04188],[12.48428,42.04221],[12.4835,42.04222],[12.48314,42.04268],[12.48306,42.04334],[12.48343,42.04405],[12.4839,42.04436],[12.48373,42.04486],[12.48282,42.04506],[12.48183,42.04464],[12.48159,42.04475],[12.48135,42.04555],[12.48092,42.04606],[12.47978,42.04665],[12.47971,42.04717],[12.47864,42.04736],[12.47826,42.04773],[12.47758,42.0478],[12.47646,42.04886],[12.47517,42.04939],[12.47446,42.04932],[12.47359,42.04971],[12.47209,42.04994],[12.47106,42.04947],[12.47059,42.04891],[12.46965,42.04848],[12.46956,42.04816],[12.46841,42.04794],[12.46722,42.04797],[12.46652,42.04818],[12.46537,42.0478],[12.46602,42.04691],[12.46463,42.04624],[12.46203,42.04514],[12.46092,42.04502],[12.46088,42.04447],[12.46037,42.04376],[12.45934,42.04321],[12.45891,42.04146],[12.45834,42.04231],[12.45828,42.04278],[12.45753,42.04376],[12.45759,42.04403],[12.45681,42.04496],[12.45648,42.04561],[12.45654,42.04618],[12.45525,42.04801],[12.45551,42.04857],[12.45534,42.04902]]]},"properties":{"zona":"E162","linkzona":"RM00001198","fascia":"E","fascia_label":"Suburbana","descr":"VALLE MURICANA-MONTE PIETRA PERTUSA (VIA DI VALLE MURICANA)","semestre":"2025-S2","loc_min":8.3,"loc_max":12.3,"loc_mid":10.3,"sale_min":1700.0,"sale_max":2400.0,"sup":"L","tipologia":"Abitazioni civili","stato":"NORMALE"}},{"type":"Feature","geometry":{"type":"Polygon","coordinates":[[[12.44568,41.9108],[12.44815,41.90963],[12.44891,41.90884],[12.44899,41.90876],[12.45204,41.90951],[12.452,41.90969],[12.45309,41.90996],[12.45347,41.90963],[12.45379,41.91013],[12.4547,41.91036],[12.45505,41.91063],[12.46322,41.91264],[12.46339,41.91231],[12.46939,41.91379],[12.46996,41.91415],[12.47072,41.91428],[12.47057,41.91589],[12.47079,41.91761],[12.47076,41.91879],[12.47031,41.91998],[12.46969,41.92091],[12.46899,41.92159],[12.46821,41.92193],[12.46501,41.9226],[12.46402,41.92289],[12.4629,41.92335],[12.46133,41.9243],[12.46027,41.92541],[12.45959,41.92689],[12.45929,41.92685],[12.45869,41.9265],[12.45692,41.9261],[12.45663,41.9262],[12.45588,41.92819],[12.45566,41.92815],[12.45381,41.92744],[12.45512,41.92598],[12.45198,41.92616],[12.45005,41.92588],[12.44811,41.92516],[12.44814,41.92363],[12.44796,41.92221],[12.44817,41.92015],[12.44836,41.91991],[12.44925,41.91961],[12.4501,41.91891],[12.45018,41.91856],[12.4494,41.91817],[12.44942,41.91886],[12.44803,41.9189],[12.4471,41.91841],[12.44704,41.91787],[12.44639,41.91713],[12.44625,41.91584],[12.44653,41.91527],[12.44639,41.91286],[12.44625,41.9125],[12.44679,41.91188],[12.4457,41.91099],[12.44568,41.9108]]]},"properties":{"zona":"C41","linkzona":"RM00002685","fascia":"C","fascia_label":"Semicentrale","descr":"DELLA VITTORIA (PIAZZA MAZZINI)","semestre":"2025-S2","loc_min":13.8,"loc_max":19.5,"loc_mid":16.65,"sale_min":4000.0,"sale_max":5800.0,"sup":"L","tipologia":"Abitazioni civili","stato":"NORMALE"}},{"type":"Feature","geometry":{"type":"Polygon","coordinates":[[[12.47076,41.91879],[12.47348,41.91909],[12.47225,41.9223],[12.4717,41.92356],[12.4712,41.92297],[12.47087,41.92382],[12.47153,41.92374],[12.4717,41.92415],[12.46999,41.92831],[12.46905,41.92813],[12.46961,41.92909],[12.46861,41.93154],[12.46797,41.93292],[12.46717,41.9328],[12.46704,41.93317],[12.46664,41.93416],[12.46696,41.93456],[12.46717,41.93489],[12.46692,41.93548],[12.46615,41.93525],[12.46431,41.93425],[12.46288,41.93327],[12.46209,41.93261],[12.46111,41.93157],[12.4601,41.93006],[12.45973,41.92889],[12.45958,41.928],[12.45959,41.9269],[12.45929,41.92685],[12.45959,41.92689],[12.46027,41.92541],[12.46133,41.9243],[12.4629,41.92335],[12.46402,41.92289],[12.46501,41.9226],[12.46821,41.92193],[12.46899,41.92159],[12.46969,41.92091],[12.47031,41.91998],[12.47076,41.91879]]]},"properties":{"zona":"C49","linkzona":"RM00003622","fascia":"C","fascia_label":"Semicentrale","descr":"FLAMINIO (VIA G. RENI)","semestre":"2025-S2","loc_min":13.8,"loc_max":18.8,"loc_mid":16.3,"sale_min":4500.0,"sale_max":6200.0,"sup":"L","tipologia":"Abitazioni civili","stato":"NORMALE"}},{"type":"Feature","geometry":{"type":"Polygon","coordinates":[[[12.4987,41.88149],[12.49874,41.88119],[12.49954,41.88011],[12.50045,41.87917],[12.50236,41.87815],[12.50272,41.87744],[12.50261,41.87663],[12.50224,41.8761],[12.50272,41.87525],[12.50354,41.87473],[12.50329,41.87416],[12.50228,41.87361],[12.50156,41.87348],[12.50204,41.87208],[12.50198,41.87126],[12.50197,41.87104],[12.5039,41.87105],[12.50473,41.87115],[12.5058,41.87151],[12.50714,41.87233],[12.50767,41.8729],[12.50854,41.87425],[12.5094,41.87512],[12.51059,41.87587],[12.51183,41.87647],[12.51303,41.8765],[12.51769,41.8768],[12.5194,41.87712],[12.51798,41.87839],[12.51458,41.88118],[12.51368,41.88121],[12.51327,41.88155],[12.51335,41.8822],[12.51295,41.88279],[12.50926,41.88584],[12.50902,41.88578],[12.50706,41.88507],[12.50569,41.88484],[12.50614,41.88446],[12.50473,41.8841],[12.50349,41.88325],[12.50274,41.88315],[12.50222,41.88332],[12.50123,41.88321],[12.49929,41.88253],[12.49874,41.88248],[12.4987,41.88149]]]},"properties":{"zona":"C9","linkzona":"RM00000134","fascia":"C","fascia_label":"Semicentrale","descr":"APPIO METRONIO (PIAZZA TUSCOLO)","semestre":"2025-S2","loc_min":11.8,"loc_max":17.0,"loc_mid":14.4,"sale_min":3200.0,"sale_max":4600.0,"sup":"L","tipologia":"Abitazioni civili","stato":"NORMALE"}},{"type":"Feature","geometry":{"type":"Polygon","coordinates":[[[12.47707,41.91172],[12.47668,41.91219],[12.47669,41.91277],[12.47724,41.91366],[12.4773,41.91466],[12.47645,41.91472],[12.47646,41.91523],[12.47622,41.91668],[12.47577,41.91725],[12.47561,41.91802],[12.47575,41.91829],[12.47696,41.91831],[12.47728,41.9188],[12.47544,41.9192],[12.47348,41.91909],[12.47076,41.91879],[12.47079,41.91761],[12.47057,41.91589],[12.47072,41.91428],[12.47103,41.91316],[12.47199,41.91071],[12.47236,41.91067],[12.47627,41.91163],[12.47707,41.91172]]]},"properties":{"zona":"C50","linkzona":"RM00003641","fascia":"C","fascia_label":"Semicentrale","descr":"FLAMINIO PORTA DEL POPOLO (PIAZZA DELLA MARINA)","semestre":"2025-S2","loc_min":16.8,"loc_max":23.8,"loc_mid":20.3,"sale_min":4800.0,"sale_max":7000.0,"sup":"L","tipologia":"Abitazioni civili","stato":"NORMALE"}},{"type":"Feature","geometry":{"type":"Polygon","coordinates":[[[12.51946,41.87713],[12.5194,41.87712],[12.51769,41.8768],[12.51303,41.8765],[12.51183,41.87647],[12.51059,41.87587],[12.5094,41.87512],[12.50854,41.87425],[12.50767,41.8729],[12.50714,41.87233],[12.5058,41.87151],[12.50473,41.87115],[12.5039,41.87105],[12.50197,41.87104],[12.50198,41.87126],[12.50195,41.87094],[12.50196,41.87055],[12.5021,41.86991],[12.50242,41.86852],[12.50287,41.86712],[12.50363,41.86625],[12.50513,41.86574],[12.50588,41.8661],[12.50725,41.86568],[12.50821,41.86515],[12.50851,41.8652],[12.50928,41.86593],[12.51017,41.86519],[12.5122,41.86491],[12.51373,41.86459],[12.51307,41.86318],[12.51341,41.86291],[12.51263,41.86235],[12.51358,41.86165],[12.5134,41.86151],[12.51416,41.86086],[12.51444,41.86104],[12.51615,41.86046],[12.51662,41.85833],[12.51728,41.85814],[12.52133,41.85669],[12.52154,41.85663],[12.52283,41.85704],[12.52366,41.85741],[12.52416,41.85932],[12.5269,41.85826],[12.52796,41.85767],[12.53042,41.86217],[12.53212,41.86168],[12.5328,41.86194],[12.53177,41.86364],[12.53173,41.86429],[12.53071,41.86671],[12.53058,41.86681],[12.52973,41.86882],[12.52936,41.86891],[12.52835,41.87029],[12.5274,41.87107],[12.52722,41.87102],[12.52145,41.87577],[12.52108,41.87583],[12.51969,41.87696],[12.51946,41.87713]]]},"properties":{"zona":"C51","linkzona":"RM00003701","fascia":"C","fascia_label":"Semicentrale","descr":"APPIO LATINO (VIA LATINA)","semestre":"2025-S2","loc_min":10.5,"loc_max":14.5,"loc_mid":12.5,"sale_min":3300.0,"sale_max":4400.0,"sup":"L","tipologia":"Abitazioni civili","stato":"NORMALE"}},{"type":"Feature","geometry":{"type":"Polygon","coordinates":[[[12.47112,41.94088],[12.47036,41.94072],[12.47029,41.94039],[12.47103,41.94002],[12.4713,41.93857],[12.47158,41.93756],[12.47162,41.93678],[12.47066,41.9365],[12.47074,41.93615],[12.47338,41.93644],[12.47535,41.93651],[12.47713,41.9364],[12.47869,41.93603],[12.47964,41.93557],[12.48028,41.93657],[12.47969,41.93705],[12.47969,41.93738],[12.4793,41.93797],[12.47926,41.93842],[12.47965,41.93913],[12.48067,41.93998],[12.48122,41.93994],[12.48162,41.9406],[12.48389,41.94249],[12.48337,41.9427],[12.48662,41.94537],[12.48638,41.94592],[12.48635,41.9467],[12.48463,41.94924],[12.48438,41.94975],[12.48462,41.95043],[12.48459,41.95149],[12.48484,41.95235],[12.48476,41.95358],[12.4846,41.95358],[12.48374,41.95326],[12.48309,41.95333],[12.48158,41.95291],[12.48088,41.9527],[12.48068,41.95262],[12.47981,41.95238],[12.47976,41.95235],[12.47933,41.95211],[12.47885,41.952],[12.47874,41.95197],[12.47828,41.95172],[12.47553,41.95082],[12.4752,41.95078],[12.4752,41.95077],[12.47512,41.95062],[12.4725,41.94976],[12.47129,41.94946],[12.47082,41.94865],[12.46958,41.94596],[12.46943,41.9452],[12.46971,41.94398],[12.471,41.94176],[12.47125,41.94169],[12.47155,41.94093],[12.47112,41.94088]]]},"properties":{"zona":"C52","linkzona":"RM00003702","fascia":"C","fascia_label":"Semicentrale","descr":"COLLINA FLEMING (VIA BEVAGNA)","semestre":"2025-S2","loc_min":13.0,"loc_max":18.8,"loc_mid":15.9,"sale_min":3500.0,"sale_max":4900.0,"sup":"L","tipologia":"Abitazioni civili","stato":"NORMALE"}},{"type":"Feature","geometry":{"type":"Polygon","coordinates":[[[12.65063,41.92354],[12.65262,41.92274],[12.65261,41.92225],[12.65334,41.92174],[12.65458,41.92061],[12.65583,41.91971],[12.6566,41.91971],[12.65772,41.92009],[12.65798,41.92054],[12.65932,41.92159],[12.66037,41.92195],[12.66133,41.92177],[12.66157,41.92102],[12.66232,41.92072],[12.66265,41.92016],[12.66364,41.91963],[12.66435,41.91703],[12.66464,41.91641],[12.66452,41.91548],[12.66485,41.91468],[12.66628,41.91376],[12.66641,41.91326],[12.66716,41.91305],[12.66964,41.91138],[12.67107,41.91012],[12.67226,41.90826],[12.67158,41.908],[12.67216,41.90712],[12.67298,41.90658],[12.67381,41.90499],[12.67576,41.90589],[12.6764,41.90519],[12.67688,41.90544],[12.67619,41.90609],[12.67705,41.90647],[12.6788,41.90311],[12.67387,41.90123],[12.6753,41.89924],[12.68046,41.89056],[12.68049,41.89046],[12.68333,41.89023],[12.68637,41.89019],[12.68751,41.8901],[12.68978,41.88978],[12.69113,41.88941],[12.69349,41.88965],[12.69581,41.89034],[12.69721,41.89051],[12.6978,41.89074],[12.69878,41.89019],[12.70107,41.88932],[12.70252,41.88917],[12.70414,41.88885],[12.70464,41.88884],[12.70467,41.88928],[12.70417,41.89041],[12.71542,41.88719],[12.71612,41.88675],[12.71763,41.88681],[12.7194,41.88716],[12.7215,41.88612],[12.72273,41.88626],[12.72406,41.88664],[12.72633,41.88666],[12.72837,41.8864],[12.72871,41.88705],[12.72938,41.88762],[12.73165,41.88868],[12.73294,41.89001],[12.73323,41.89065],[12.73324,41.89139],[12.73591,41.89292],[12.73687,41.89323],[12.73667,41.89572],[12.73611,41.89655],[12.73602,41.89727],[12.73521,41.89865],[12.73556,41.89921],[12.73519,41.89921],[12.73491,41.89927],[12.73469,41.89951],[12.73508,41.89976],[12.73521,41.90069],[12.73472,41.90156],[12.73488,41.90255],[12.7345,41.90318],[12.73462,41.90427],[12.73387,41.90518],[12.73348,41.906],[12.73228,41.90745],[12.73162,41.90783],[12.73118,41.90842],[12.73001,41.91032],[12.72874,41.91193],[12.72721,41.91106],[12.7269,41.91143],[12.72442,41.91382],[12.72289,41.91533],[12.71871,41.92061],[12.72038,41.92146],[12.71991,41.92285],[12.71987,41.92351],[12.72023,41.92498],[12.72014,41.92567],[12.71972,41.92643],[12.71772,41.92786],[12.71652,41.92863],[12.71571,41.92984],[12.71444,41.93017],[12.71321,41.93079],[12.71072,41.9317],[12.71023,41.93252],[12.71023,41.9331],[12.71,41.9334],[12.70873,41.93297],[12.70742,41.93234],[12.70704,41.93292],[12.70662,41.93404],[12.70617,41.93448],[12.70519,41.93513],[12.70422,41.93609],[12.70227,41.93677],[12.70093,41.93761],[12.69981,41.93774],[12.69955,41.9376],[12.69854,41.93607],[12.69741,41.93528],[12.69452,41.93447],[12.69345,41.93424],[12.69314,41.93399],[12.69299,41.93271],[12.69255,41.93274],[12.69181,41.93345],[12.69161,41.93397],[12.69156,41.93501],[12.69182,41.93574],[12.69126,41.93618],[12.69024,41.93587],[12.68857,41.93613],[12.68769,41.93606],[12.6862,41.93556],[12.68583,41.93476],[12.68586,41.93322],[12.68371,41.93264],[12.68263,41.93205],[12.68251,41.93167],[12.68272,41.9308],[12.68239,41.93061],[12.68125,41.93065],[12.6799,41.93089],[12.67905,41.93149],[12.67851,41.93257],[12.67786,41.93306],[12.67638,41.93317],[12.6756,41.93301],[12.67412,41.93225],[12.67355,41.9316],[12.67209,41.93162],[12.67174,41.93104],[12.67238,41.92988],[12.67248,41.92934],[12.67218,41.92766],[12.67143,41.92721],[12.66951,41.92649],[12.66807,41.92696],[12.66763,41.92727],[12.6683,41.92795],[12.66789,41.92875],[12.66444,41.93077],[12.6639,41.93118],[12.66228,41.93167],[12.66033,41.93205],[12.65929,41.93197],[12.65789,41.9313],[12.65568,41.93011],[12.65518,41.92955],[12.65489,41.92859],[12.65603,41.92812],[12.65621,41.92658],[12.65497,41.92533],[12.654,41.9246],[12.65302,41.92495],[12.65265,41.92417],[12.65189,41.9241],[12.65063,41.92354]]]},"properties":{"zona":"E165","linkzona":"RM00001201","fascia":"E","fascia_label":"Suburbana","descr":"LUNGHEZZA-CASTELVERDE-FOSSO SAN GIULIANO (VIA DEL FOSSO DELL`OSA)","semestre":"2025-S2","loc_min":6.5,"loc_max":9.3,"loc_mid":7.9,"sale_min":1350.0,"sale_max":1900.0,"sup":"L","tipologia":"Abitazioni civili","stato":"NORMALE"}},{"type":"Feature","geometry":{"type":"Polygon","coordinates":[[[12.73469,41.89951],[12.73495,41.89929],[12.73531,41.89923],[12.73547,41.89927],[12.73569,41.89919],[12.73701,41.89965],[12.73749,41.89917],[12.73904,41.89856],[12.74028,41.89839],[12.74123,41.89788],[12.74782,41.90059],[12.75553,41.90361],[12.76387,41.90699],[12.76778,41.90851],[12.76996,41.90941],[12.77643,41.91196],[12.77782,41.91098],[12.77845,41.91071],[12.77845,41.91017],[12.77919,41.90996],[12.78038,41.90946],[12.78147,41.90938],[12.7818,41.90808],[12.78261,41.90813],[12.7837,41.90781],[12.78408,41.90753],[12.78401,41.90686],[12.78471,41.90661],[12.78625,41.90644],[12.78728,41.90603],[12.78762,41.90547],[12.78843,41.90486],[12.78916,41.90458],[12.79041,41.90481],[12.79122,41.90437],[12.79253,41.90472],[12.79393,41.90386],[12.79478,41.90394],[12.79522,41.9036],[12.79542,41.90283],[12.79632,41.90273],[12.79699,41.90215],[12.79761,41.90195],[12.79791,41.90164],[12.79793,41.90103],[12.79889,41.90076],[12.79929,41.90025],[12.79968,41.90066],[12.80024,41.90078],[12.80056,41.90053],[12.80076,41.8998],[12.80135,41.90032],[12.80183,41.89998],[12.80163,41.89914],[12.80209,41.89919],[12.8034,41.89773],[12.80457,41.89668],[12.80482,41.89626],[12.80584,41.89507],[12.80628,41.8947],[12.80736,41.89333],[12.80959,41.89232],[12.81087,41.89129],[12.81101,41.89043],[12.81082,41.89021],[12.81266,41.88871],[12.81689,41.88581],[12.81843,41.88483],[12.81828,41.88288],[12.81975,41.88193],[12.82219,41.88019],[12.82491,41.87869],[12.82612,41.87779],[12.8263,41.87755],[12.82725,41.87714],[12.82847,41.87676],[12.83009,41.87677],[12.83094,41.87582],[12.83295,41.87505],[12.83626,41.87318],[12.83867,41.8722],[12.83983,41.87118],[12.83986,41.87048],[12.83946,41.86983],[12.84085,41.86892],[12.84109,41.8683],[12.84167,41.86824],[12.84202,41.86858],[12.84353,41.86737],[12.84393,41.86747],[12.84435,41.86714],[12.84513,41.86709],[12.84585,41.86755],[12.8464,41.86851],[12.84625,41.86968],[12.84641,41.86988],[12.84753,41.87015],[12.84663,41.87085],[12.84678,41.87137],[12.84626,41.87201],[12.84655,41.87245],[12.8484,41.87241],[12.85129,41.87214],[12.85207,41.87196],[12.85273,41.87205],[12.85337,41.87177],[12.85423,41.8712],[12.85517,41.87183],[12.85548,41.87238],[12.8555,41.87314],[12.85473,41.87354],[12.85433,41.87391],[12.85294,41.87457],[12.85142,41.87564],[12.8508,41.87565],[12.85007,41.87614],[12.84894,41.87666],[12.84818,41.87717],[12.84643,41.87756],[12.84414,41.87824],[12.84288,41.87841],[12.84244,41.87867],[12.84277,41.87931],[12.84292,41.88027],[12.84437,41.88031],[12.84513,41.88188],[12.8458,41.88278],[12.84626,41.88381],[12.84733,41.88441],[12.84961,41.88555],[12.8508,41.88559],[12.85091,41.88589],[12.84981,41.88679],[12.84936,41.88705],[12.84906,41.88756],[12.84909,41.88806],[12.8472,41.88815],[12.84637,41.88852],[12.8459,41.88858],[12.84461,41.88847],[12.84398,41.8888],[12.84423,41.88908],[12.84358,41.8894],[12.84356,41.88974],[12.84464,41.8902],[12.84502,41.8907],[12.84399,41.89174],[12.84358,41.89281],[12.84349,41.89337],[12.84287,41.89345],[12.84207,41.893],[12.84152,41.89312],[12.84095,41.8929],[12.84059,41.89231],[12.83929,41.89202],[12.83826,41.89111],[12.83781,41.89101],[12.83741,41.89129],[12.83669,41.89144],[12.83624,41.89213],[12.8354,41.89223],[12.83503,41.8927],[12.83454,41.89237],[12.83472,41.89182],[12.83458,41.89106],[12.83405,41.89038],[12.83352,41.89036],[12.83302,41.89002],[12.83093,41.89021],[12.8297,41.89006],[12.82871,41.89007],[12.8283,41.8899],[12.82725,41.89038],[12.82692,41.89066],[12.8256,41.89097],[12.8255,41.89127],[12.82462,41.89158],[12.82303,41.8931],[12.82216,41.89348],[12.82104,41.89352],[12.82039,41.89311],[12.81954,41.89386],[12.81847,41.89433],[12.81669,41.89571],[12.81587,41.89675],[12.81525,41.89734],[12.8148,41.89863],[12.81387,41.89876],[12.81243,41.89781],[12.8113,41.89876],[12.81018,41.90001],[12.80908,41.90084],[12.80745,41.90108],[12.80612,41.90102],[12.80443,41.90106],[12.80362,41.9012],[12.80048,41.90227],[12.79852,41.90345],[12.79575,41.90499],[12.79665,41.906],[12.79694,41.90593],[12.79744,41.90657],[12.79761,41.90726],[12.79813,41.90746],[12.79871,41.90725],[12.79973,41.9089],[12.80036,41.90974],[12.80689,41.90898],[12.80738,41.91208],[12.80786,41.91455],[12.80724,41.91543],[12.80738,41.91568],[12.80696,41.91676],[12.80669,41.91701],[12.80586,41.91696],[12.80517,41.91721],[12.80426,41.9178],[12.80237,41.91814],[12.80155,41.91871],[12.8005,41.91911],[12.79955,41.91917],[12.79841,41.91948],[12.79647,41.91973],[12.7959,41.92023],[12.79512,41.92039],[12.7946,41.92032],[12.79377,41.9207],[12.79251,41.92097],[12.79187,41.92157],[12.7915,41.92164],[12.79051,41.92221],[12.78949,41.92217],[12.78847,41.92259],[12.78813,41.92301],[12.78614,41.92322],[12.78512,41.92327],[12.78448,41.92342],[12.78412,41.92323],[12.78263,41.92343],[12.78215,41.92377],[12.78059,41.92399],[12.7802,41.9243],[12.77968,41.92425],[12.77846,41.9248],[12.77764,41.92487],[12.77586,41.92559],[12.77511,41.92606],[12.7749,41.92648],[12.77346,41.92694],[12.77197,41.9281],[12.77157,41.92936],[12.77041,41.92915],[12.77032,41.92882],[12.76933,41.92801],[12.76854,41.92794],[12.76824,41.92764],[12.7666,41.92667],[12.76634,41.92672],[12.76404,41.92767],[12.76358,41.92696],[12.76281,41.92705],[12.7628,41.92631],[12.76323,41.92527],[12.76258,41.92502],[12.76237,41.92546],[12.76173,41.92538],[12.76098,41.92561],[12.76066,41.92608],[12.75705,41.92486],[12.75655,41.92464],[12.75568,41.92346],[12.75391,41.92219],[12.75353,41.92207],[12.75124,41.92566],[12.75065,41.9265],[12.74791,41.92818],[12.74581,41.92984],[12.74461,41.93055],[12.74377,41.9308],[12.7416,41.93014],[12.74118,41.93015],[12.74046,41.93063],[12.73979,41.93084],[12.73832,41.93168],[12.73747,41.93201],[12.73676,41.93287],[12.73551,41.93323],[12.7337,41.9332],[12.73204,41.93274],[12.73156,41.93252],[12.73052,41.93272],[12.73019,41.93236],[12.73012,41.93127],[12.72942,41.9299],[12.72886,41.92918],[12.72847,41.92843],[12.72838,41.92753],[12.72753,41.92755],[12.72636,41.92794],[12.72535,41.92877],[12.7252,41.92903],[12.7245,41.9293],[12.72276,41.92938],[12.72136,41.93036],[12.71987,41.93127],[12.71909,41.93133],[12.71815,41.93082],[12.71748,41.92994],[12.71718,41.92987],[12.71573,41.92997],[12.71658,41.92864],[12.71777,41.92788],[12.71969,41.92649],[12.72016,41.92565],[12.72024,41.92498],[12.71989,41.92351],[12.71991,41.92285],[12.72038,41.92146],[12.71871,41.92061],[12.72289,41.91533],[12.72442,41.91382],[12.7269,41.91143],[12.72721,41.91106],[12.72874,41.91193],[12.73001,41.91032],[12.73118,41.90842],[12.73162,41.90783],[12.73228,41.90745],[12.73348,41.906],[12.73387,41.90518],[12.73462,41.90427],[12.7345,41.90318],[12.73488,41.90255],[12.73472,41.90156],[12.73521,41.90069],[12.73508,41.89976],[12.73469,41.89951]]]},"properties":{"zona":"E166","linkzona":"RM00001202","fascia":"E","fascia_label":"Suburbana","descr":"CORCOLLE-SAN VITTORINO (VIA SANT`ELPIDIO AL MARE)","semestre":"2025-S2","loc_min":6.0,"loc_max":8.8,"loc_mid":7.4,"sale_min":1250.0,"sale_max":1850.0,"sup":"L","tipologia":"Abitazioni civili","stato":"NORMALE"}},{"type":"Feature","geometry":{"type":"Polygon","coordinates":[[[12.70288,41.87285],[12.70403,41.87263],[12.70403,41.87337],[12.70375,41.8738],[12.70353,41.87515],[12.70295,41.87599],[12.70137,41.87864],[12.69993,41.88075],[12.70002,41.88085],[12.69917,41.88225],[12.69939,41.88721],[12.69949,41.88739],[12.69883,41.8882],[12.69768,41.89017],[12.69721,41.89051],[12.69581,41.89034],[12.69349,41.88965],[12.69113,41.88941],[12.68978,41.88978],[12.68751,41.8901],[12.68637,41.89019],[12.68333,41.89023],[12.68049,41.89046],[12.67921,41.89049],[12.67797,41.89065],[12.6752,41.89067],[12.67517,41.88755],[12.67875,41.8838],[12.67675,41.88156],[12.68177,41.87937],[12.68245,41.87939],[12.68408,41.88013],[12.68475,41.88015],[12.68585,41.87978],[12.68721,41.88009],[12.68739,41.8796],[12.68817,41.87877],[12.68841,41.87824],[12.69079,41.87692],[12.69186,41.87718],[12.69289,41.87759],[12.69169,41.8754],[12.69169,41.87478],[12.69486,41.87192],[12.69711,41.87038],[12.69728,41.87039],[12.69941,41.87137],[12.7018,41.87264],[12.70288,41.87285]]]},"properties":{"zona":"E168","linkzona":"RM00001204","fascia":"E","fascia_label":"Suburbana","descr":"PRENESTINO COLLE DEL SOLE-LAGO REGILLO (VIA OLLOLAI)","semestre":"2025-S2","loc_min":6.3,"loc_max":9.3,"loc_mid":7.8,"sale_min":1350.0,"sale_max":2000.0,"sup":"L","tipologia":"Abitazioni civili","stato":"NORMALE"}},{"type":"Feature","geometry":{"type":"Polygon","coordinates":[[[12.68265,41.84937],[12.68313,41.8485],[12.68301,41.84803],[12.68329,41.84783],[12.68372,41.8464],[12.68412,41.84613],[12.68365,41.84539],[12.68376,41.84457],[12.68305,41.84387],[12.68206,41.84233],[12.68237,41.8413],[12.68182,41.83966],[12.68227,41.83894],[12.68367,41.83872],[12.68409,41.84061],[12.68454,41.84084],[12.68432,41.84222],[12.68488,41.84257],[12.68511,41.84313],[12.68635,41.84371],[12.68654,41.84351],[12.68743,41.84116],[12.68766,41.84032],[12.68891,41.84049],[12.69019,41.84052],[12.69004,41.84251],[12.68956,41.84343],[12.68878,41.84411],[12.6868,41.84447],[12.68643,41.8444],[12.68579,41.84479],[12.68506,41.84503],[12.68601,41.84586],[12.68687,41.84577],[12.68919,41.84583],[12.6893,41.84552],[12.69089,41.84529],[12.69192,41.84492],[12.69283,41.84436],[12.69373,41.84361],[12.69387,41.84288],[12.69455,41.84243],[12.69495,41.84172],[12.6952,41.84037],[12.69507,41.84001],[12.69544,41.8392],[12.69633,41.83892],[12.69649,41.83872],[12.6965,41.83775],[12.69754,41.83761],[12.6979,41.83729],[12.69853,41.83755],[12.69744,41.83841],[12.69702,41.83963],[12.69708,41.84152],[12.69694,41.84228],[12.69751,41.84275],[12.69892,41.843],[12.70002,41.84201],[12.70055,41.84182],[12.70155,41.84254],[12.70368,41.84067],[12.70548,41.83945],[12.70585,41.83898],[12.70674,41.83707],[12.70731,41.83637],[12.70781,41.83373],[12.71016,41.83438],[12.71085,41.83512],[12.71112,41.83582],[12.71229,41.83763],[12.71282,41.83833],[12.71489,41.83958],[12.71542,41.84036],[12.71542,41.84096],[12.71585,41.84096],[12.71614,41.84029],[12.71805,41.83874],[12.71896,41.83816],[12.72134,41.83781],[12.72334,41.83776],[12.72389,41.83763],[12.72429,41.83722],[12.72492,41.83622],[12.72516,41.83528],[12.72492,41.83497],[12.72508,41.83396],[12.72555,41.83339],[12.72568,41.83294],[12.72614,41.8325],[12.72629,41.83193],[12.72628,41.831],[12.72584,41.83086],[12.7257,41.83032],[12.72529,41.82961],[12.72531,41.8289],[12.72645,41.82677],[12.72902,41.82715],[12.72897,41.82743],[12.73285,41.8291],[12.73321,41.82838],[12.7392,41.8302],[12.74151,41.83086],[12.74237,41.83118],[12.74183,41.83205],[12.74057,41.83188],[12.73985,41.83336],[12.73953,41.83376],[12.73902,41.83519],[12.73949,41.83537],[12.73976,41.83592],[12.73908,41.83686],[12.73798,41.83867],[12.73796,41.84041],[12.73816,41.84182],[12.73629,41.84162],[12.73663,41.84315],[12.73622,41.8441],[12.73619,41.84461],[12.7357,41.84549],[12.73529,41.84569],[12.7351,41.84644],[12.73386,41.84759],[12.73193,41.84797],[12.73113,41.84799],[12.73048,41.84847],[12.72969,41.84839],[12.72926,41.84874],[12.72827,41.84902],[12.72759,41.84959],[12.72764,41.85092],[12.72729,41.85206],[12.72677,41.85213],[12.72589,41.85302],[12.72498,41.85367],[12.72365,41.85428],[12.72328,41.8546],[12.72194,41.85498],[12.72067,41.85577],[12.72084,41.85674],[12.72037,41.8581],[12.71958,41.85904],[12.71844,41.85967],[12.71717,41.85933],[12.71673,41.85981],[12.71548,41.85929],[12.7152,41.85945],[12.71461,41.85783],[12.71443,41.85754],[12.7137,41.85639],[12.71218,41.85524],[12.7119,41.85457],[12.71132,41.85448],[12.70229,41.85214],[12.69753,41.85093],[12.69747,41.85086],[12.69506,41.85605],[12.69225,41.85533],[12.68487,41.8546],[12.68474,41.85449],[12.68142,41.85467],[12.68075,41.85418],[12.68039,41.85297],[12.68042,41.85244],[12.68119,41.852],[12.68122,41.85146],[12.68172,41.85101],[12.68192,41.85039],[12.68265,41.84937]]]},"properties":{"zona":"E170","linkzona":"RM00001206","fascia":"E","fascia_label":"Suburbana","descr":"COLLE MATTIA-FONTANA CANDIDA (VIA DEL CASALE CIMINELLI)","semestre":"2025-S2","loc_min":6.5,"loc_max":9.3,"loc_mid":7.9,"sale_min":1050.0,"sale_max":1500.0,"sup":"L","tipologia":"Abitazioni civili","stato":"NORMALE"}},{"type":"Feature","geometry":{"type":"Polygon","coordinates":[[[12.37478,41.99789],[12.37474,41.99838],[12.37374,41.99894],[12.37333,41.99831],[12.37191,41.99974],[12.37063,42.00081],[12.36964,42.00057],[12.36938,42.00009],[12.3686,41.99963],[12.36721,41.99837],[12.36635,41.99773],[12.36533,41.99655],[12.3646,41.99557],[12.36468,41.99501],[12.36373,41.99387],[12.36379,41.99315],[12.36359,41.99287],[12.36361,41.99138],[12.36322,41.98971],[12.36254,41.98735],[12.36251,41.98666],[12.36196,41.98586],[12.35804,41.98278],[12.35729,41.98263],[12.35573,41.98204],[12.3552,41.98169],[12.35435,41.98061],[12.35187,41.97954],[12.3508,41.97928],[12.34977,41.97889],[12.34851,41.97856],[12.34762,41.97745],[12.34704,41.97714],[12.3438,41.97664],[12.3426,41.97592],[12.3418,41.97517],[12.34115,41.97423],[12.3398,41.97247],[12.33988,41.97175],[12.33933,41.96991],[12.33899,41.96812],[12.33862,41.96678],[12.33814,41.96605],[12.33745,41.96465],[12.33698,41.96333],[12.33663,41.96333],[12.33613,41.96481],[12.33476,41.96686],[12.33301,41.96965],[12.33223,41.97076],[12.33104,41.97128],[12.33048,41.97125],[12.32974,41.97096],[12.33021,41.97035],[12.33049,41.96961],[12.32987,41.96928],[12.33028,41.96881],[12.32912,41.96823],[12.3282,41.9683],[12.32763,41.96909],[12.32717,41.96934],[12.32707,41.96855],[12.32679,41.96834],[12.32767,41.96748],[12.32794,41.9669],[12.32743,41.96639],[12.32662,41.96619],[12.32568,41.96649],[12.32419,41.96642],[12.32068,41.96544],[12.31878,41.96457],[12.31743,41.96387],[12.31732,41.96341],[12.31504,41.96285],[12.31445,41.96205],[12.31418,41.96308],[12.31375,41.96292],[12.31235,41.96208],[12.31176,41.96184],[12.30968,41.96164],[12.30745,41.96174],[12.30694,41.96212],[12.30703,41.96251],[12.30777,41.96357],[12.30742,41.96374],[12.30605,41.96362],[12.30466,41.96388],[12.30232,41.96238],[12.30112,41.96144],[12.30089,41.9607],[12.30114,41.95875],[12.30113,41.95782],[12.30034,41.95633],[12.2986,41.95408],[12.29844,41.95344],[12.29849,41.95169],[12.29732,41.9478],[12.29655,41.94693],[12.29334,41.94402],[12.29306,41.94345],[12.2928,41.9423],[12.29359,41.94212],[12.2934,41.94152],[12.29365,41.94136],[12.29406,41.94012],[12.29426,41.93921],[12.29429,41.93829],[12.29672,41.93802],[12.29718,41.9382],[12.29799,41.93776],[12.2991,41.93739],[12.29968,41.93672],[12.30058,41.93626],[12.30155,41.93633],[12.3039,41.9371],[12.30492,41.93727],[12.30699,41.93732],[12.30877,41.93701],[12.30983,41.93712],[12.31103,41.93756],[12.31299,41.93767],[12.31395,41.93638],[12.31689,41.93587],[12.31881,41.93559],[12.31965,41.93572],[12.32054,41.9356],[12.32381,41.93501],[12.32649,41.93428],[12.32732,41.93414],[12.32854,41.93411],[12.33099,41.93393],[12.33215,41.93367],[12.33354,41.93383],[12.33461,41.9338],[12.33544,41.93386],[12.33842,41.93425],[12.33998,41.93409],[12.3411,41.93328],[12.34242,41.93261],[12.34395,41.93115],[12.34591,41.92989],[12.34637,41.92933],[12.34676,41.9283],[12.34729,41.92796],[12.3484,41.92762],[12.34904,41.92762],[12.35073,41.92791],[12.35219,41.92788],[12.35289,41.92803],[12.3528,41.92817],[12.35214,41.92897],[12.35192,41.92957],[12.3501,41.93318],[12.34632,41.94101],[12.3472,41.94205],[12.34795,41.94198],[12.34924,41.94575],[12.35098,41.94999],[12.35381,41.95161],[12.35504,41.95026],[12.35625,41.95017],[12.35733,41.95046],[12.35775,41.95041],[12.36021,41.94923],[12.36262,41.94812],[12.36283,41.95148],[12.36472,41.95098],[12.3668,41.95105],[12.36706,41.95117],[12.36815,41.95115],[12.36902,41.95065],[12.37016,41.95128],[12.371,41.95204],[12.37158,41.95312],[12.37241,41.95372],[12.37298,41.95432],[12.37366,41.95478],[12.37418,41.95493],[12.37495,41.95552],[12.37543,41.95612],[12.3762,41.95662],[12.37691,41.95538],[12.37725,41.95536],[12.37804,41.95599],[12.38045,41.95669],[12.38189,41.95772],[12.38055,41.95782],[12.37919,41.95818],[12.37845,41.95806],[12.37784,41.95813],[12.37718,41.95918],[12.37722,41.96028],[12.37758,41.96135],[12.37814,41.96147],[12.37791,41.96255],[12.3767,41.96402],[12.37692,41.96418],[12.37683,41.966],[12.37713,41.96706],[12.37668,41.96892],[12.37784,41.96963],[12.37789,41.97186],[12.37753,41.97261],[12.37708,41.9743],[12.37722,41.97521],[12.37762,41.97677],[12.37803,41.97752],[12.37844,41.97888],[12.37874,41.97955],[12.37922,41.98136],[12.37975,41.98262],[12.38019,41.98399],[12.38042,41.985],[12.38119,41.98703],[12.3819,41.98687],[12.38204,41.98787],[12.38316,41.98938],[12.38363,41.99019],[12.38496,41.99152],[12.38506,41.99186],[12.38229,41.99263],[12.38164,41.99269],[12.38122,41.9923],[12.38134,41.9919],[12.38054,41.99128],[12.37908,41.99048],[12.37815,41.9898],[12.37614,41.98937],[12.37614,41.98967],[12.3757,41.99054],[12.37574,41.99175],[12.37667,41.99499],[12.37675,41.99544],[12.37412,41.99697],[12.37478,41.99789]]]},"properties":{"zona":"E171","linkzona":"RM00001207","fascia":"E","fascia_label":"Suburbana","descr":"CASALOTTI VALLE SANTA (VIA VENDRAMINI)","semestre":"2025-S2","loc_min":6.8,"loc_max":9.8,"loc_mid":8.3,"sale_min":1750.0,"sale_max":2450.0,"sup":"L","tipologia":"Abitazioni civili","stato":"NORMALE"}},{"type":"Feature","geometry":{"type":"Polygon","coordinates":[[[12.62565,41.82734],[12.62705,41.82686],[12.62884,41.82609],[12.62927,41.82648],[12.62943,41.82698],[12.63011,41.82712],[12.63043,41.82696],[12.63119,41.82744],[12.63028,41.8282],[12.63091,41.82884],[12.63142,41.82858],[12.63483,41.82635],[12.63837,41.82424],[12.63886,41.82354],[12.64005,41.82243],[12.64066,41.82202],[12.64198,41.82197],[12.64248,41.82247],[12.64314,41.82279],[12.64412,41.82234],[12.64489,41.8209],[12.64843,41.81887],[12.65164,41.81624],[12.65191,41.81621],[12.65393,41.81642],[12.6548,41.81643],[12.65592,41.81676],[12.65837,41.81721],[12.65937,41.81754],[12.66091,41.81832],[12.66015,41.81916],[12.65982,41.81998],[12.65906,41.8208],[12.65899,41.82214],[12.65809,41.82335],[12.65543,41.82249],[12.65529,41.82217],[12.65459,41.82224],[12.65448,41.82344],[12.65396,41.82432],[12.65355,41.82462],[12.65231,41.82518],[12.65047,41.82574],[12.64978,41.82571],[12.64776,41.82502],[12.64735,41.82497],[12.64597,41.82512],[12.64519,41.82541],[12.64505,41.82603],[12.64396,41.82716],[12.64191,41.82872],[12.64006,41.82986],[12.63875,41.83089],[12.63903,41.83126],[12.63971,41.83166],[12.64072,41.83252],[12.64203,41.83129],[12.64316,41.83172],[12.64389,41.83232],[12.64342,41.83293],[12.64496,41.83414],[12.6479,41.83295],[12.64996,41.8329],[12.65194,41.83242],[12.65313,41.83167],[12.65354,41.83282],[12.65247,41.83368],[12.65099,41.83406],[12.64875,41.83488],[12.64655,41.83576],[12.64654,41.83519],[12.64513,41.83579],[12.64248,41.83677],[12.63899,41.83801],[12.63618,41.83909],[12.63134,41.84085],[12.63134,41.84077],[12.63297,41.83695],[12.63347,41.83504],[12.63227,41.83429],[12.63069,41.83343],[12.63052,41.83317],[12.63057,41.83242],[12.62701,41.8302],[12.62671,41.82987],[12.62565,41.82734]]]},"properties":{"zona":"E128","linkzona":"RM00001164","fascia":"E","fascia_label":"Suburbana","descr":"VERMICINO (VIA DEL CASALE ANTONIONI)","semestre":"2025-S2","loc_min":8.0,"loc_max":12.0,"loc_mid":10.0,"sale_min":1550.0,"sale_max":2300.0,"sup":"L","tipologia":"Abitazioni civili","stato":"NORMALE"}},{"type":"Feature","geometry":{"type":"MultiPolygon","coordinates":[[[[12.34893,41.90169],[12.34934,41.90126],[12.35066,41.9009],[12.35143,41.90091],[12.35378,41.90029],[12.35422,41.90084],[12.35574,41.9009],[12.35616,41.90072],[12.35684,41.9],[12.35847,41.89962],[12.35901,41.89937],[12.35855,41.89835],[12.35918,41.89781],[12.3596,41.89781],[12.36107,41.89714],[12.36313,41.89584],[12.36413,41.89501],[12.36504,41.89445],[12.36658,41.89406],[12.36682,41.89375],[12.36587,41.89306],[12.36869,41.89205],[12.36951,41.89181],[12.37017,41.89179],[12.37216,41.8911],[12.37286,41.89209],[12.37333,41.89308],[12.37329,41.89434],[12.37411,41.89481],[12.37487,41.89486],[12.37665,41.89519],[12.37664,41.89576],[12.37616,41.89607],[12.37601,41.8968],[12.37505,41.89733],[12.37542,41.89809],[12.37611,41.89872],[12.37631,41.9003],[12.37682,41.90098],[12.37966,41.90284],[12.38079,41.903],[12.38184,41.90328],[12.38259,41.90457],[12.38253,41.90531],[12.38225,41.90586],[12.38239,41.90838],[12.38252,41.90917],[12.38328,41.91104],[12.38374,41.91149],[12.38446,41.91192],[12.38489,41.91246],[12.38498,41.91298],[12.38468,41.91367],[12.38385,41.91446],[12.38347,41.91506],[12.38035,41.91567],[12.37956,41.91596],[12.37891,41.91657],[12.37815,41.91801],[12.37782,41.91843],[12.37711,41.91886],[12.37598,41.92081],[12.37547,41.9215],[12.37439,41.92196],[12.37321,41.922],[12.37253,41.92168],[12.37194,41.9217],[12.37103,41.92213],[12.36896,41.92266],[12.36743,41.92333],[12.36629,41.92418],[12.36497,41.92433],[12.36416,41.92494],[12.36292,41.92525],[12.36277,41.92515],[12.36171,41.92554],[12.35971,41.92602],[12.35865,41.92705],[12.35861,41.92786],[12.35692,41.92861],[12.35617,41.92828],[12.3544,41.92828],[12.35339,41.92809],[12.3528,41.92817],[12.35289,41.92803],[12.35297,41.92723],[12.35332,41.92688],[12.35383,41.9269],[12.35469,41.92601],[12.35479,41.92488],[12.35503,41.92437],[12.35561,41.92372],[12.35537,41.92281],[12.35492,41.92233],[12.35432,41.92215],[12.35429,41.92162],[12.35454,41.92088],[12.35494,41.92059],[12.35476,41.92006],[12.35495,41.91915],[12.35527,41.91887],[12.35582,41.91783],[12.35573,41.91558],[12.35612,41.91466],[12.35628,41.91346],[12.35633,41.91205],[12.35567,41.91046],[12.35559,41.90946],[12.3548,41.90741],[12.35405,41.90644],[12.3529,41.90438],[12.35151,41.90304],[12.35099,41.90271],[12.34992,41.90229],[12.34934,41.9018],[12.34893,41.90169]]],[[[12.34865,41.90156],[12.34865,41.90157],[12.3486,41.90153],[12.34865,41.90156]]]]},"properties":{"zona":"E12","linkzona":"RM00000082","fascia":"E","fascia_label":"Suburbana","descr":"CASALOTTI (PIAZZA ORMEA)","semestre":"2025-S2","loc_min":9.3,"loc_max":13.3,"loc_mid":11.3,"sale_min":2000.0,"sale_max":2950.0,"sup":"L","tipologia":"Abitazioni civili","stato":"NORMALE"}},{"type":"Feature","geometry":{"type":"Polygon","coordinates":[[[12.58108,41.95742],[12.57882,41.95669],[12.5781,41.95634],[12.57349,41.95363],[12.57231,41.95284],[12.57173,41.95216],[12.57003,41.94941],[12.56907,41.94814],[12.57565,41.94639],[12.58277,41.94319],[12.58339,41.94296],[12.58458,41.9444],[12.58782,41.94379],[12.5883,41.94162],[12.58894,41.94145],[12.58915,41.94101],[12.58827,41.93997],[12.58924,41.9395],[12.58938,41.93927],[12.58824,41.93827],[12.58921,41.93787],[12.58893,41.93758],[12.59052,41.93654],[12.5929,41.93741],[12.59334,41.93782],[12.59389,41.93862],[12.59396,41.93911],[12.59524,41.94029],[12.59598,41.94008],[12.59605,41.94024],[12.595,41.94152],[12.59457,41.94218],[12.59418,41.94197],[12.59222,41.94453],[12.59145,41.94542],[12.59014,41.94709],[12.59025,41.94728],[12.58969,41.94791],[12.58908,41.94882],[12.58848,41.94952],[12.58738,41.95101],[12.58675,41.95171],[12.58488,41.95419],[12.58303,41.95593],[12.58149,41.95729],[12.58108,41.95742]]]},"properties":{"zona":"D66","linkzona":"RM00001107","fascia":"D","fascia_label":"Periferica","descr":"TORRACCIA DI SAN BASILIO (VIA DONATO MENICHELLA)","semestre":"2025-S2","loc_min":7.5,"loc_max":11.0,"loc_mid":9.25,"sale_min":1750.0,"sale_max":2600.0,"sup":"L","tipologia":"Abitazioni civili","stato":"NORMALE"}},{"type":"Feature","geometry":{"type":"Polygon","coordinates":[[[12.56603,41.90485],[12.56739,41.90092],[12.56733,41.90076],[12.56624,41.90023],[12.56641,41.89997],[12.56644,41.89763],[12.56662,41.89731],[12.56669,41.89526],[12.57145,41.89535],[12.57531,41.89506],[12.576,41.89474],[12.57891,41.89429],[12.58102,41.89371],[12.58231,41.89353],[12.58325,41.89353],[12.58779,41.89409],[12.58896,41.89419],[12.59108,41.89412],[12.59111,41.89403],[12.59056,41.88638],[12.59064,41.8861],[12.59143,41.88469],[12.59176,41.88445],[12.59265,41.88422],[12.5931,41.88381],[12.59305,41.88353],[12.59219,41.88213],[12.5955,41.8803],[12.59739,41.88068],[12.5994,41.881],[12.60065,41.88108],[12.60216,41.88095],[12.60493,41.88058],[12.60549,41.87976],[12.60581,41.8789],[12.60833,41.87858],[12.60871,41.87832],[12.60888,41.87835],[12.60983,41.87999],[12.6105,41.88131],[12.61152,41.88308],[12.61206,41.88412],[12.61382,41.88709],[12.61444,41.88844],[12.61468,41.88856],[12.61498,41.88939],[12.61455,41.88948],[12.61465,41.88996],[12.61517,41.88999],[12.61627,41.88935],[12.61747,41.8884],[12.61839,41.88818],[12.61859,41.88857],[12.62107,41.88797],[12.62232,41.8908],[12.62374,41.89199],[12.62432,41.8927],[12.62383,41.89309],[12.62251,41.89359],[12.62207,41.8939],[12.6211,41.89428],[12.62019,41.89434],[12.61894,41.89477],[12.61842,41.89549],[12.61805,41.89564],[12.61735,41.89556],[12.61698,41.89579],[12.61697,41.89671],[12.61665,41.89708],[12.6157,41.89757],[12.61573,41.89868],[12.61533,41.89887],[12.61536,41.90087],[12.61551,41.90416],[12.61556,41.90425],[12.6141,41.90442],[12.61324,41.9042],[12.6125,41.9042],[12.60991,41.90502],[12.61011,41.90553],[12.60932,41.90623],[12.60735,41.90752],[12.60582,41.90793],[12.60476,41.90791],[12.60363,41.90819],[12.6034,41.90854],[12.60112,41.90807],[12.60089,41.90843],[12.59901,41.90807],[12.59874,41.90781],[12.59679,41.90741],[12.59667,41.9073],[12.595,41.90708],[12.59069,41.90619],[12.58668,41.90543],[12.58549,41.90524],[12.58391,41.90487],[12.58368,41.90519],[12.58318,41.90723],[12.58304,41.90941],[12.58254,41.90993],[12.58254,41.90997],[12.58269,41.91021],[12.58236,41.91006],[12.58079,41.90993],[12.57936,41.90964],[12.57737,41.90907],[12.57628,41.90863],[12.57652,41.90818],[12.57548,41.90782],[12.57509,41.90786],[12.57174,41.90739],[12.56956,41.90649],[12.56874,41.90634],[12.56679,41.90547],[12.56706,41.90496],[12.56603,41.90485]]]},"properties":{"zona":"E14","linkzona":"RM00000084","fascia":"E","fascia_label":"Suburbana","descr":"TOR SAPIENZA-ZONA INDUSTRIALE VIA DELL`OMO (VIALE GIORGIO DE CHIRICO)","semestre":"2025-S2","loc_min":10.0,"loc_max":14.3,"loc_mid":12.15,"sale_min":1950.0,"sale_max":2750.0,"sup":"L","tipologia":"Abitazioni civili","stato":"NORMALE"}},{"type":"Feature","geometry":{"type":"Polygon","coordinates":[[[12.40996,41.90447],[12.41045,41.90366],[12.411,41.90326],[12.41184,41.90309],[12.41366,41.90298],[12.41428,41.90301],[12.41513,41.90326],[12.41647,41.90346],[12.4173,41.90342],[12.41886,41.90355],[12.42136,41.90328],[12.42423,41.90239],[12.42508,41.90205],[12.42531,41.90154],[12.426,41.90146],[12.42594,41.90213],[12.42563,41.90283],[12.42532,41.90431],[12.42525,41.9061],[12.42529,41.90744],[12.42509,41.90854],[12.42429,41.91041],[12.42339,41.91218],[12.42326,41.91331],[12.4224,41.91477],[12.42333,41.91591],[12.42331,41.91662],[12.42269,41.91806],[12.4228,41.91957],[12.42318,41.92102],[12.42387,41.92235],[12.42232,41.9229],[12.42171,41.92291],[12.42033,41.92238],[12.41952,41.92077],[12.41834,41.91864],[12.41823,41.91827],[12.41825,41.91655],[12.41838,41.91304],[12.41849,41.91143],[12.41791,41.90928],[12.41727,41.9082],[12.41665,41.90749],[12.41579,41.90691],[12.41409,41.90628],[12.4132,41.90634],[12.41157,41.9059],[12.41098,41.90565],[12.41027,41.90503],[12.40996,41.90447]]]},"properties":{"zona":"D45","linkzona":"RM00001086","fascia":"D","fascia_label":"Periferica","descr":"PINETA SACCHETTI (VIA MATTIA BATTISTINI)","semestre":"2025-S2","loc_min":10.8,"loc_max":14.8,"loc_mid":12.8,"sale_min":2450.0,"sale_max":3400.0,"sup":"L","tipologia":"Abitazioni civili","stato":"NORMALE"}},{"type":"Feature","geometry":{"type":"Polygon","coordinates":[[[12.63984,41.86314],[12.64012,41.8631],[12.64019,41.86351],[12.63835,41.86378],[12.63849,41.86395],[12.64015,41.86375],[12.64022,41.86408],[12.63965,41.8642],[12.63888,41.86414],[12.63813,41.86448],[12.63518,41.86644],[12.63463,41.86666],[12.63463,41.86667],[12.63326,41.86744],[12.63011,41.86517],[12.62991,41.86523],[12.62795,41.86673],[12.63077,41.86903],[12.63068,41.86937],[12.6292,41.87053],[12.62838,41.87163],[12.62775,41.87203],[12.62708,41.87282],[12.62674,41.87261],[12.62279,41.87585],[12.62213,41.87636],[12.62211,41.87669],[12.62134,41.87805],[12.61979,41.87983],[12.6194,41.88061],[12.61839,41.88125],[12.61779,41.88182],[12.61728,41.882],[12.61803,41.88299],[12.61837,41.88347],[12.61986,41.88617],[12.62059,41.88707],[12.62107,41.88797],[12.61859,41.88857],[12.61839,41.88818],[12.61747,41.8884],[12.61627,41.88935],[12.61517,41.88999],[12.61465,41.88996],[12.61455,41.88948],[12.61498,41.88939],[12.61468,41.88856],[12.61444,41.88844],[12.61382,41.88709],[12.61206,41.88412],[12.61152,41.88308],[12.6105,41.88131],[12.60983,41.87999],[12.60888,41.87835],[12.60871,41.87832],[12.60943,41.8777],[12.61066,41.87705],[12.6105,41.87625],[12.61069,41.87587],[12.60965,41.87505],[12.60979,41.87375],[12.61038,41.87349],[12.61124,41.8725],[12.61105,41.87183],[12.61147,41.87086],[12.612,41.87037],[12.61239,41.87034],[12.61311,41.86979],[12.61332,41.8686],[12.61298,41.86786],[12.61238,41.86761],[12.61272,41.86671],[12.61276,41.86612],[12.61237,41.86562],[12.61251,41.86488],[12.61226,41.86339],[12.61261,41.86325],[12.61377,41.86302],[12.61719,41.86313],[12.61816,41.86321],[12.61929,41.86283],[12.62039,41.86278],[12.62127,41.86252],[12.62309,41.8623],[12.62523,41.86235],[12.62722,41.86249],[12.62806,41.86249],[12.62943,41.86262],[12.62928,41.86299],[12.63221,41.86318],[12.63381,41.86346],[12.63504,41.86382],[12.63624,41.86394],[12.63762,41.86378],[12.63984,41.86314]]]},"properties":{"zona":"E15","linkzona":"RM00000085","fascia":"E","fascia_label":"Suburbana","descr":"TORRE ANGELA (VIA DEL TORRACCIO DI TORRENOVA)","semestre":"2025-S2","loc_min":7.5,"loc_max":10.8,"loc_mid":9.15,"sale_min":1450.0,"sale_max":2100.0,"sup":"L","tipologia":"Abitazioni civili","stato":"NORMALE"}},{"type":"Feature","geometry":{"type":"Polygon","coordinates":[[[12.33793,41.73039],[12.33744,41.73016],[12.33694,41.73139],[12.33473,41.73315],[12.33506,41.73359],[12.33455,41.73375],[12.33324,41.7349],[12.33316,41.73511],[12.33215,41.73608],[12.3311,41.73687],[12.33188,41.73741],[12.32229,41.74477],[12.32077,41.74332],[12.3204,41.74283],[12.31994,41.74127],[12.31641,41.73678],[12.31565,41.73598],[12.31329,41.73324],[12.31208,41.73201],[12.31094,41.73118],[12.31033,41.73086],[12.30828,41.72956],[12.30663,41.72833],[12.30462,41.72718],[12.30398,41.72688],[12.30299,41.72618],[12.30249,41.72511],[12.30251,41.72412],[12.30278,41.72342],[12.30716,41.72142],[12.3086,41.72092],[12.31084,41.71985],[12.31122,41.71957],[12.31873,41.71612],[12.31919,41.71635],[12.31954,41.71595],[12.32313,41.71426],[12.32458,41.7134],[12.32663,41.71252],[12.32655,41.71242],[12.32432,41.71338],[12.32391,41.71291],[12.32414,41.71271],[12.33149,41.70987],[12.34171,41.70587],[12.34259,41.70549],[12.3449,41.70435],[12.34831,41.70225],[12.35433,41.70619],[12.35589,41.70741],[12.35923,41.70952],[12.36042,41.71031],[12.35521,41.7147],[12.35183,41.71758],[12.34824,41.72058],[12.34215,41.72562],[12.34034,41.72716],[12.33997,41.72723],[12.33936,41.72809],[12.33843,41.72994],[12.33793,41.73039]]]},"properties":{"zona":"R39","linkzona":"RM00002581","fascia":"R","fascia_label":"Extraurbana","descr":"CASTEL FUSANO (VIALE VILLA DI PLINIO)","semestre":"2025-S2","loc_min":null,"loc_max":null,"loc_mid":null,"nonres":true}},{"type":"Feature","geometry":{"type":"Polygon","coordinates":[[[12.52762,41.99715],[12.52559,41.99735],[12.52506,41.99726],[12.52349,41.99673],[12.52166,41.99656],[12.51896,41.99676],[12.51777,41.99658],[12.51675,41.99602],[12.51627,41.99599],[12.51542,41.9965],[12.51567,41.99701],[12.51482,41.99575],[12.51321,41.99452],[12.51138,41.99374],[12.50992,41.99342],[12.5084,41.99335],[12.50691,41.99352],[12.50524,41.99381],[12.50145,41.9946],[12.50076,41.99544],[12.50088,41.99521],[12.49955,41.99527],[12.49785,41.99506],[12.4968,41.99473],[12.49609,41.99433],[12.49547,41.99351],[12.49503,41.99242],[12.49499,41.9919],[12.49621,41.99184],[12.49655,41.99046],[12.49724,41.98935],[12.49847,41.98825],[12.49925,41.98766],[12.49854,41.98712],[12.49883,41.98732],[12.49908,41.98751],[12.50077,41.98629],[12.50204,41.98508],[12.50344,41.98396],[12.50475,41.98309],[12.50547,41.98241],[12.50666,41.98277],[12.50741,41.98198],[12.50766,41.98142],[12.50764,41.98023],[12.50731,41.97946],[12.50637,41.97771],[12.50538,41.97643],[12.50279,41.97392],[12.50313,41.97393],[12.50581,41.97654],[12.50684,41.978],[12.50732,41.9793],[12.50774,41.97999],[12.50817,41.98131],[12.50823,41.9829],[12.50836,41.98296],[12.50876,41.98424],[12.50941,41.98509],[12.51098,41.98652],[12.51176,41.98751],[12.51232,41.98778],[12.51199,41.98818],[12.51237,41.98914],[12.51271,41.98875],[12.51368,41.98869],[12.51494,41.98811],[12.5166,41.98795],[12.51642,41.98751],[12.52725,41.98261],[12.52722,41.98256],[12.52725,41.98262],[12.52763,41.98309],[12.52827,41.98313],[12.52762,41.98407],[12.52699,41.98468],[12.52681,41.98523],[12.5268,41.98642],[12.527,41.98685],[12.52733,41.98976],[12.52724,41.99109],[12.52756,41.99176],[12.52771,41.9935],[12.52791,41.99486],[12.52798,41.99641],[12.52762,41.99715]]]},"properties":{"zona":"E16","linkzona":"RM00000086","fascia":"E","fascia_label":"Suburbana","descr":"CASTEL GIUBILEO-BEL POGGIO (VIA CASTORANO)","semestre":"2025-S2","loc_min":7.3,"loc_max":10.5,"loc_mid":8.9,"sale_min":1400.0,"sale_max":2000.0,"sup":"L","tipologia":"Abitazioni civili","stato":"NORMALE"}},{"type":"Feature","geometry":{"type":"Polygon","coordinates":[[[12.38118,41.92848],[12.38182,41.92891],[12.38401,41.93103],[12.38507,41.93212],[12.38653,41.93282],[12.38723,41.93292],[12.38981,41.93313],[12.39082,41.93308],[12.39308,41.93389],[12.3925,41.93463],[12.3932,41.93525],[12.39389,41.93547],[12.39413,41.93575],[12.39362,41.93687],[12.39415,41.93741],[12.39457,41.9374],[12.39446,41.93683],[12.39493,41.93649],[12.39585,41.93711],[12.39709,41.93834],[12.3972,41.93877],[12.39803,41.93874],[12.39832,41.93918],[12.39849,41.94028],[12.39883,41.94053],[12.39927,41.94192],[12.39905,41.94234],[12.39961,41.9431],[12.39972,41.94364],[12.40034,41.94475],[12.40132,41.94593],[12.402,41.94639],[12.40248,41.9469],[12.39904,41.94842],[12.39772,41.9481],[12.3948,41.94979],[12.39492,41.9501],[12.39687,41.95136],[12.39584,41.95212],[12.39522,41.95229],[12.39413,41.95146],[12.39233,41.95109],[12.39047,41.95098],[12.39159,41.95198],[12.39237,41.95345],[12.39348,41.95477],[12.39409,41.95537],[12.39523,41.95605],[12.39591,41.95703],[12.3972,41.958],[12.3967,41.95805],[12.39598,41.95769],[12.39573,41.95791],[12.39585,41.95846],[12.39503,41.95865],[12.39404,41.95871],[12.39235,41.95945],[12.39123,41.95959],[12.38944,41.95993],[12.38909,41.9596],[12.38594,41.95777],[12.38485,41.9569],[12.38421,41.95617],[12.38367,41.95525],[12.38336,41.95429],[12.38301,41.95212],[12.38192,41.94318],[12.38133,41.93853],[12.3816,41.93847],[12.38128,41.9358],[12.38103,41.93437],[12.38064,41.93426],[12.38038,41.93222],[12.38022,41.93167],[12.38086,41.93143],[12.38118,41.92848]]]},"properties":{"zona":"E17","linkzona":"RM00000087","fascia":"E","fascia_label":"Suburbana","descr":"OTTAVIA PALMAROLA (VIA DELLA PALMAROLA)","semestre":"2025-S2","loc_min":8.0,"loc_max":12.0,"loc_mid":10.0,"sale_min":1850.0,"sale_max":2700.0,"sup":"L","tipologia":"Abitazioni civili","stato":"NORMALE"}},{"type":"Feature","geometry":{"type":"MultiPolygon","coordinates":[[[[12.48992,41.95457],[12.48942,41.95513],[12.489,41.95606],[12.48885,41.95672],[12.48901,41.95803],[12.48928,41.95877],[12.48986,41.95963],[12.49061,41.95988],[12.49187,41.96002],[12.4927,41.95993],[12.49538,41.95922],[12.49627,41.95912],[12.49745,41.95917],[12.49869,41.9591],[12.49962,41.95918],[12.50128,41.95964],[12.50244,41.96037],[12.50325,41.9604],[12.50281,41.96065],[12.50341,41.96136],[12.50448,41.96317],[12.50463,41.96391],[12.50439,41.96492],[12.50374,41.96558],[12.50283,41.96602],[12.50043,41.96665],[12.49881,41.96678],[12.49756,41.96679],[12.49622,41.9672],[12.49551,41.96768],[12.49502,41.96837],[12.49492,41.96881],[12.49508,41.96976],[12.49608,41.97076],[12.49829,41.97191],[12.49994,41.97298],[12.5025,41.97527],[12.5042,41.9769],[12.50507,41.97794],[12.50541,41.97855],[12.50581,41.97999],[12.50578,41.98044],[12.50542,41.98149],[12.50442,41.98275],[12.50197,41.98461],[12.50111,41.98557],[12.49883,41.98732],[12.49854,41.98712],[12.49829,41.98724],[12.49828,41.98725],[12.49815,41.98727],[12.4981,41.98727],[12.49788,41.98724],[12.49785,41.98723],[12.49708,41.98768],[12.49678,41.98759],[12.49674,41.98762],[12.49607,41.9871],[12.49547,41.9873],[12.49418,41.98719],[12.49429,41.98628],[12.49417,41.98544],[12.49383,41.98482],[12.49318,41.98462],[12.49267,41.98482],[12.49177,41.98494],[12.49147,41.98481],[12.49051,41.98517],[12.48991,41.98508],[12.48618,41.9858],[12.48448,41.98582],[12.48389,41.98599],[12.48332,41.98588],[12.48001,41.98603],[12.47881,41.98581],[12.47884,41.98655],[12.47739,41.9866],[12.47536,41.98632],[12.47435,41.98644],[12.47361,41.98592],[12.47231,41.98586],[12.47069,41.98548],[12.47005,41.98543],[12.46781,41.98481],[12.4666,41.98439],[12.4668,41.98399],[12.46683,41.98271],[12.46508,41.98253],[12.46441,41.98322],[12.46183,41.98214],[12.46043,41.9816],[12.45922,41.98133],[12.45749,41.98116],[12.45456,41.98099],[12.45421,41.98108],[12.45261,41.98096],[12.45181,41.9811],[12.45167,41.98161],[12.45095,41.98117],[12.44986,41.98139],[12.44663,41.98178],[12.44609,41.98128],[12.44671,41.98067],[12.44751,41.97967],[12.44839,41.9794],[12.44894,41.97905],[12.44996,41.97865],[12.45204,41.97752],[12.45307,41.97705],[12.45469,41.97619],[12.45594,41.97538],[12.45637,41.97527],[12.4572,41.97473],[12.45978,41.97344],[12.46025,41.97336],[12.46109,41.9729],[12.4623,41.97264],[12.46328,41.97233],[12.46389,41.97188],[12.46569,41.97095],[12.46596,41.97066],[12.46706,41.97018],[12.46726,41.96981],[12.46807,41.9695],[12.46802,41.96834],[12.4663,41.96704],[12.47035,41.96562],[12.4715,41.96574],[12.4717,41.96561],[12.47331,41.96431],[12.47416,41.96383],[12.47653,41.96093],[12.47911,41.95811],[12.48123,41.95588],[12.48288,41.95459],[12.48426,41.95392],[12.4846,41.95358],[12.48476,41.95358],[12.48557,41.95341],[12.48668,41.95339],[12.48714,41.95394],[12.48767,41.95393],[12.48841,41.95368],[12.48919,41.95395],[12.48999,41.95373],[12.49049,41.95409],[12.48992,41.95457]]],[[[12.46833,41.99209],[12.46796,41.99223],[12.46795,41.99217],[12.46833,41.99209]]]]},"properties":{"zona":"E18","linkzona":"RM00000088","fascia":"E","fascia_label":"Suburbana","descr":"GROTTAROSSA-SAXA RUBRA (VIA CARLO EMERY)","semestre":"2025-S2","loc_min":11.8,"loc_max":16.5,"loc_mid":14.15,"sale_min":3300.0,"sale_max":4700.0,"sup":"L","tipologia":"Abitazioni civili","stato":"NORMALE"}},{"type":"Feature","geometry":{"type":"MultiPolygon","coordinates":[[[[12.47631,41.89574],[12.47628,41.89474],[12.47587,41.89404],[12.47517,41.89388],[12.47527,41.89329],[12.47487,41.89268],[12.47457,41.89191],[12.47484,41.89168],[12.47654,41.89179],[12.4778,41.89159],[12.47859,41.89123],[12.47916,41.89079],[12.47982,41.89003],[12.48013,41.88943],[12.48063,41.88903],[12.48045,41.88854],[12.48114,41.88826],[12.48113,41.88785],[12.48221,41.88719],[12.48248,41.88727],[12.48328,41.88805],[12.48483,41.88739],[12.48483,41.88797],[12.48366,41.88863],[12.4839,41.88974],[12.48501,41.89133],[12.48395,41.89206],[12.48268,41.89112],[12.48222,41.89123],[12.48052,41.89095],[12.4801,41.89206],[12.48048,41.8926],[12.48137,41.89308],[12.48193,41.89357],[12.48192,41.89392],[12.48115,41.89446],[12.48101,41.89506],[12.47654,41.89496],[12.47631,41.89574]]],[[[12.47988,41.88932],[12.47954,41.88965],[12.47902,41.88958],[12.47907,41.88905],[12.47965,41.88904],[12.47988,41.88932]]]]},"properties":{"zona":"B13","linkzona":"RM00000159","fascia":"B","fascia_label":"Centrale","descr":"SANT`ANGELO-CAMPITELLI (VIA DEL PORTICO D`OTTAVIA)","semestre":"2025-S2","loc_min":16.0,"loc_max":23.8,"loc_mid":19.9,"sale_min":5400.0,"sale_max":8000.0,"sup":"L","tipologia":"Abitazioni civili","stato":"NORMALE"}},{"type":"Feature","geometry":{"type":"Polygon","coordinates":[[[12.5002,41.90313],[12.50019,41.90313],[12.49791,41.90185],[12.49758,41.9014],[12.49616,41.90057],[12.49691,41.89943],[12.49745,41.89887],[12.4975,41.89856],[12.49925,41.89774],[12.49949,41.89713],[12.49917,41.89665],[12.49993,41.89532],[12.50038,41.895],[12.50126,41.89352],[12.50349,41.88957],[12.5034,41.88928],[12.5034,41.88927],[12.50452,41.88725],[12.50485,41.88712],[12.50668,41.88754],[12.50779,41.88791],[12.50902,41.88578],[12.50926,41.88584],[12.51469,41.88755],[12.51528,41.88734],[12.51555,41.88756],[12.51635,41.88754],[12.5177,41.88776],[12.51852,41.88871],[12.51877,41.88915],[12.5149,41.89093],[12.51541,41.89172],[12.51512,41.8924],[12.51439,41.89357],[12.51393,41.89408],[12.51063,41.89709],[12.50912,41.89956],[12.50886,41.89931],[12.50931,41.89864],[12.50899,41.89839],[12.50827,41.89881],[12.50806,41.89865],[12.50605,41.89991],[12.50616,41.90012],[12.50489,41.9009],[12.50577,41.90164],[12.50473,41.90104],[12.50206,41.90267],[12.50097,41.90357],[12.5002,41.90313]]]},"properties":{"zona":"B18","linkzona":"RM00000164","fascia":"B","fascia_label":"Centrale","descr":"ESQUILINO (PIAZZA VITTORIO)","semestre":"2025-S2","loc_min":10.8,"loc_max":15.5,"loc_mid":13.15,"sale_min":3400.0,"sale_max":4700.0,"sup":"L","tipologia":"Abitazioni civili","stato":"NORMALE"}},{"type":"Feature","geometry":{"type":"Polygon","coordinates":[[[12.54868,41.89795],[12.5497,41.89817],[12.54942,41.89923],[12.54863,41.8996],[12.5485,41.90008],[12.54799,41.90032],[12.54512,41.89977],[12.54284,41.89958],[12.54415,41.90364],[12.5476,41.90247],[12.54734,41.90359],[12.54662,41.90473],[12.54704,41.90488],[12.54665,41.90661],[12.54546,41.90862],[12.54535,41.90891],[12.54434,41.9089],[12.53793,41.90864],[12.53445,41.90839],[12.53262,41.90841],[12.53229,41.90827],[12.53262,41.90732],[12.53288,41.90608],[12.53289,41.90533],[12.53266,41.90433],[12.53064,41.90095],[12.53033,41.90084],[12.5288,41.89969],[12.52675,41.89828],[12.52546,41.89767],[12.52428,41.89724],[12.52495,41.8963],[12.52383,41.89555],[12.52488,41.89466],[12.52503,41.89372],[12.52542,41.89334],[12.53001,41.89435],[12.53044,41.89434],[12.5329,41.89477],[12.53384,41.89501],[12.53358,41.89543],[12.53438,41.89547],[12.53567,41.89582],[12.53619,41.89585],[12.53929,41.89659],[12.54106,41.89679],[12.54146,41.89645],[12.54281,41.89679],[12.54526,41.89722],[12.54617,41.89756],[12.54646,41.89748],[12.54868,41.89795]]]},"properties":{"zona":"C29","linkzona":"RM00001068","fascia":"C","fascia_label":"Semicentrale","descr":"CASAL BERTONE-PORTONACCIO (VIA DI CASAL BERTONE)","semestre":"2025-S2","loc_min":10.5,"loc_max":15.3,"loc_mid":12.9,"sale_min":2850.0,"sale_max":4000.0,"sup":"L","tipologia":"Abitazioni civili","stato":"NORMALE"}},{"type":"Feature","geometry":{"type":"Polygon","coordinates":[[[12.53786,41.88407],[12.54041,41.884],[12.54047,41.8864],[12.53814,41.88587],[12.53722,41.88587],[12.53495,41.88693],[12.53511,41.88752],[12.53504,41.88867],[12.53476,41.88884],[12.5345,41.89018],[12.53254,41.89007],[12.53229,41.89021],[12.53209,41.89192],[12.53333,41.89204],[12.53332,41.89222],[12.53141,41.89198],[12.53111,41.89232],[12.53287,41.89258],[12.5329,41.89477],[12.53044,41.89434],[12.53001,41.89435],[12.52542,41.89334],[12.52503,41.89372],[12.52488,41.89466],[12.52383,41.89555],[12.51971,41.89286],[12.51838,41.89256],[12.51659,41.89262],[12.516,41.89279],[12.51582,41.89319],[12.51512,41.8924],[12.51541,41.89172],[12.5149,41.89093],[12.51524,41.89138],[12.51597,41.89117],[12.51624,41.8915],[12.51697,41.89128],[12.51789,41.89141],[12.52259,41.88896],[12.5229,41.88893],[12.52487,41.88785],[12.52676,41.88694],[12.52889,41.88571],[12.53042,41.88469],[12.53159,41.88401],[12.53165,41.88391],[12.53215,41.88356],[12.53369,41.88283],[12.53457,41.88261],[12.53544,41.88218],[12.53593,41.8825],[12.53745,41.88382],[12.53786,41.88407]]]},"properties":{"zona":"C30","linkzona":"RM00001069","fascia":"C","fascia_label":"Semicentrale","descr":"PIGNETO (PIAZZA DEL PIGNETO)","semestre":"2025-S2","loc_min":11.5,"loc_max":16.5,"loc_mid":14.0,"sale_min":2950.0,"sale_max":4100.0,"sup":"L","tipologia":"Abitazioni civili","stato":"NORMALE"}},{"type":"Feature","geometry":{"type":"Polygon","coordinates":[[[12.50156,41.87348],[12.50108,41.87323],[12.49711,41.87325],[12.49558,41.87359],[12.49507,41.87394],[12.49422,41.87411],[12.49268,41.8737],[12.49198,41.87467],[12.48852,41.87755],[12.4882,41.8777],[12.48703,41.87672],[12.48548,41.87638],[12.48553,41.876],[12.48491,41.87539],[12.48767,41.87386],[12.48755,41.87358],[12.48891,41.87283],[12.48847,41.87213],[12.4895,41.87193],[12.48949,41.87097],[12.49146,41.87061],[12.49431,41.87041],[12.49643,41.87037],[12.49834,41.87048],[12.50068,41.87032],[12.5021,41.86991],[12.50196,41.87055],[12.50195,41.87094],[12.50198,41.87126],[12.50204,41.87208],[12.50156,41.87348]]]},"properties":{"zona":"C31","linkzona":"RM00001070","fascia":"C","fascia_label":"Semicentrale","descr":"MARCO POLO (VIALE MARCO POLO)","semestre":"2025-S2","loc_min":14.8,"loc_max":21.0,"loc_mid":17.9,"sale_min":4000.0,"sale_max":6000.0,"sup":"L","tipologia":"Abitazioni civili","stato":"NORMALE"}},{"type":"Feature","geometry":{"type":"Polygon","coordinates":[[[12.47851,41.86003],[12.47954,41.8607],[12.47995,41.86068],[12.48206,41.86455],[12.48315,41.86677],[12.4836,41.86739],[12.48388,41.86807],[12.48415,41.86991],[12.48375,41.87185],[12.48949,41.87097],[12.4895,41.87193],[12.48847,41.87213],[12.48891,41.87283],[12.48755,41.87358],[12.48767,41.87386],[12.48491,41.87539],[12.48553,41.876],[12.48548,41.87638],[12.48226,41.87658],[12.48108,41.8766],[12.48113,41.87654],[12.48116,41.87648],[12.47918,41.87565],[12.47788,41.87495],[12.47578,41.87358],[12.47437,41.87301],[12.47162,41.8728],[12.47202,41.87187],[12.47352,41.86884],[12.47422,41.86786],[12.47685,41.86545],[12.47712,41.86479],[12.47721,41.86361],[12.47798,41.86346],[12.47742,41.86261],[12.4784,41.86266],[12.47868,41.86344],[12.47917,41.86341],[12.4788,41.86121],[12.47851,41.86003]]]},"properties":{"zona":"C32","linkzona":"RM00001071","fascia":"C","fascia_label":"Semicentrale","descr":"OSTIENSE (VIA DEL PORTO FLUVIALE)","semestre":"2025-S2","loc_min":13.0,"loc_max":18.5,"loc_mid":15.75,"sale_min":3200.0,"sale_max":4500.0,"sup":"L","tipologia":"Abitazioni civili","stato":"NORMALE"}},{"type":"Feature","geometry":{"type":"Polygon","coordinates":[[[12.44881,41.90865],[12.44967,41.90772],[12.44961,41.90747],[12.4505,41.90649],[12.45138,41.90659],[12.45147,41.90637],[12.45265,41.90668],[12.45386,41.90681],[12.45383,41.90701],[12.45545,41.90742],[12.45573,41.90631],[12.45765,41.90583],[12.45793,41.90546],[12.4603,41.90492],[12.46123,41.90478],[12.46134,41.90519],[12.46474,41.90451],[12.46497,41.90402],[12.46598,41.90467],[12.46657,41.9047],[12.46766,41.9042],[12.46792,41.90378],[12.4677,41.90287],[12.46797,41.90254],[12.46992,41.90274],[12.47189,41.90334],[12.47282,41.90386],[12.47365,41.90492],[12.47384,41.90558],[12.47375,41.90667],[12.47344,41.90736],[12.47218,41.90897],[12.47152,41.91044],[12.47236,41.91067],[12.47199,41.91071],[12.47103,41.91316],[12.47072,41.91428],[12.46996,41.91415],[12.46939,41.91379],[12.46339,41.91231],[12.46322,41.91264],[12.45505,41.91063],[12.4547,41.91036],[12.45379,41.91013],[12.45347,41.90963],[12.45309,41.90996],[12.452,41.90969],[12.45204,41.90951],[12.44899,41.90876],[12.44891,41.90884],[12.44881,41.90865]]]},"properties":{"zona":"C40","linkzona":"RM00002684","fascia":"C","fascia_label":"Semicentrale","descr":"PRATI (VIA COLA DI RIENZO)","semestre":"2025-S2","loc_min":13.8,"loc_max":19.0,"loc_mid":16.4,"sale_min":4700.0,"sale_max":6500.0,"sup":"L","tipologia":"Abitazioni civili","stato":"NORMALE"}},{"type":"Feature","geometry":{"type":"Polygon","coordinates":[[[12.46266,41.9479],[12.46311,41.948],[12.46326,41.94825],[12.46266,41.94867],[12.46198,41.94953],[12.46085,41.95038],[12.46108,41.95131],[12.46036,41.95155],[12.45904,41.95258],[12.45791,41.95302],[12.45711,41.95319],[12.45631,41.95289],[12.45549,41.95203],[12.45533,41.95159],[12.45391,41.95104],[12.45227,41.95027],[12.45009,41.94869],[12.44944,41.94829],[12.4482,41.94695],[12.44707,41.94586],[12.44666,41.94572],[12.4452,41.94447],[12.44457,41.9434],[12.44425,41.94321],[12.44215,41.94153],[12.44136,41.9404],[12.4416,41.9387],[12.44155,41.93805],[12.44269,41.93793],[12.44314,41.9368],[12.44368,41.9346],[12.4446,41.93238],[12.44483,41.93167],[12.44541,41.93075],[12.44607,41.93014],[12.44626,41.92977],[12.4462,41.92877],[12.44605,41.92852],[12.44651,41.92766],[12.44707,41.92719],[12.44748,41.92658],[12.44792,41.92507],[12.44811,41.92516],[12.45005,41.92588],[12.45198,41.92616],[12.45512,41.92598],[12.45381,41.92744],[12.45566,41.92815],[12.45521,41.92963],[12.4543,41.93036],[12.45364,41.93064],[12.45357,41.93147],[12.45321,41.93297],[12.45276,41.9343],[12.45286,41.93509],[12.4532,41.93542],[12.45472,41.93593],[12.45471,41.93663],[12.45515,41.9374],[12.45551,41.93724],[12.45645,41.93746],[12.4582,41.93856],[12.45797,41.93894],[12.45737,41.93995],[12.45769,41.94006],[12.4575,41.94097],[12.45713,41.94174],[12.45625,41.9426],[12.45549,41.94308],[12.4554,41.94331],[12.45585,41.94398],[12.45693,41.94488],[12.45741,41.94544],[12.4577,41.94544],[12.45874,41.94685],[12.45944,41.94716],[12.46106,41.94734],[12.4624,41.94772],[12.46266,41.9479]]]},"properties":{"zona":"C44","linkzona":"RM00002762","fascia":"C","fascia_label":"Semicentrale","descr":"CAMILLUCCIA (VIA DELLA CAMILLUCCIA)","semestre":"2025-S2","loc_min":16.0,"loc_max":23.3,"loc_mid":19.65,"sale_min":3600.0,"sale_max":5300.0,"sup":"L","tipologia":"Abitazioni civili","stato":"NORMALE"}},{"type":"Feature","geometry":{"type":"Polygon","coordinates":[[[12.5021,41.86991],[12.50068,41.87032],[12.49834,41.87048],[12.49643,41.87037],[12.49669,41.86997],[12.49662,41.86868],[12.49687,41.86697],[12.49823,41.86242],[12.49875,41.86233],[12.49829,41.86171],[12.50008,41.86032],[12.50071,41.86003],[12.50048,41.8596],[12.50002,41.85952],[12.49909,41.85973],[12.49743,41.85974],[12.49732,41.8595],[12.49636,41.8588],[12.49597,41.85881],[12.49546,41.85844],[12.49578,41.85804],[12.49197,41.85531],[12.49191,41.8549],[12.49102,41.85428],[12.4948,41.85132],[12.4948,41.8512],[12.49688,41.85152],[12.49754,41.85146],[12.49843,41.85107],[12.49924,41.8513],[12.50283,41.84935],[12.50312,41.84829],[12.50422,41.84854],[12.50438,41.84893],[12.50648,41.8485],[12.50701,41.84811],[12.50893,41.84737],[12.50961,41.84754],[12.50949,41.84789],[12.51052,41.84851],[12.51116,41.84855],[12.51241,41.84822],[12.51423,41.84844],[12.51555,41.8483],[12.51555,41.84858],[12.5154,41.84936],[12.51475,41.85114],[12.51371,41.85283],[12.51234,41.85457],[12.51112,41.85562],[12.51069,41.85695],[12.51016,41.85784],[12.5091,41.85816],[12.5078,41.85944],[12.50634,41.86028],[12.50531,41.86113],[12.50503,41.86209],[12.50419,41.86403],[12.50406,41.86482],[12.50363,41.86625],[12.50287,41.86712],[12.50242,41.86852],[12.5021,41.86991]]]},"properties":{"zona":"C48","linkzona":"RM00003461","fascia":"C","fascia_label":"Semicentrale","descr":"TOR MARANCIA NAVIGATORI (VIA C.T.ODESCALCHI)","semestre":"2025-S2","loc_min":10.5,"loc_max":15.5,"loc_mid":13.0,"sale_min":2450.0,"sale_max":3600.0,"sup":"L","tipologia":"Abitazioni civili","stato":"NORMALE"}},{"type":"Feature","geometry":{"type":"Polygon","coordinates":[[[12.46479,41.90076],[12.46343,41.90168],[12.46092,41.90134],[12.45865,41.90155],[12.45823,41.90149],[12.45733,41.90102],[12.45672,41.90108],[12.45674,41.90038],[12.45702,41.90004],[12.45717,41.8993],[12.45825,41.89882],[12.45786,41.89853],[12.45806,41.89683],[12.45849,41.89644],[12.45867,41.89554],[12.45911,41.8952],[12.45953,41.8939],[12.45932,41.89335],[12.45988,41.89299],[12.46032,41.89226],[12.46004,41.89142],[12.46076,41.89098],[12.46106,41.88954],[12.46068,41.88948],[12.46028,41.88899],[12.46141,41.88842],[12.46183,41.88783],[12.46148,41.88774],[12.46119,41.88699],[12.46167,41.88647],[12.46204,41.88648],[12.46206,41.88507],[12.46167,41.88507],[12.4614,41.88439],[12.46219,41.88408],[12.46245,41.88428],[12.4637,41.88333],[12.46341,41.88313],[12.46381,41.88253],[12.46523,41.8829],[12.46523,41.88262],[12.4659,41.88236],[12.46611,41.88298],[12.46716,41.88299],[12.46719,41.88339],[12.46879,41.88368],[12.46912,41.88354],[12.47003,41.88375],[12.47028,41.88417],[12.47215,41.88432],[12.47224,41.88404],[12.47302,41.8838],[12.47355,41.88419],[12.47471,41.88353],[12.4763,41.8847],[12.47652,41.88499],[12.47784,41.88613],[12.47893,41.88751],[12.47903,41.88798],[12.48094,41.88782],[12.48204,41.88716],[12.48221,41.88719],[12.48113,41.88785],[12.48114,41.88826],[12.48045,41.88854],[12.48063,41.88903],[12.48013,41.88943],[12.47982,41.89003],[12.47916,41.89079],[12.47859,41.89123],[12.4778,41.89159],[12.47654,41.89179],[12.47484,41.89168],[12.47457,41.89191],[12.47385,41.89187],[12.47294,41.89199],[12.47221,41.89223],[12.47105,41.89301],[12.47065,41.89304],[12.4689,41.89434],[12.4681,41.89523],[12.46664,41.89624],[12.46585,41.89716],[12.46556,41.89733],[12.46424,41.89925],[12.46426,41.90024],[12.46493,41.90087],[12.46479,41.90076]],[[12.47988,41.88932],[12.47965,41.88904],[12.47907,41.88905],[12.47902,41.88958],[12.47954,41.88965],[12.47988,41.88932]]]},"properties":{"zona":"B14","linkzona":"RM00000160","fascia":"B","fascia_label":"Centrale","descr":"TRASTEVERE (VIA DELLA LUNGARA)","semestre":"2025-S2","loc_min":17.0,"loc_max":24.3,"loc_mid":20.65,"sale_min":5000.0,"sale_max":7000.0,"sup":"L","tipologia":"Abitazioni civili","stato":"NORMALE"}},{"type":"Feature","geometry":{"type":"Polygon","coordinates":[[[12.45793,41.90546],[12.45769,41.90546],[12.45757,41.90336],[12.45823,41.90282],[12.45838,41.90226],[12.45814,41.90154],[12.45865,41.90155],[12.46092,41.90134],[12.46343,41.90168],[12.46479,41.90076],[12.46493,41.90087],[12.46559,41.90123],[12.46645,41.90135],[12.46636,41.90244],[12.46797,41.90254],[12.4677,41.90287],[12.46792,41.90378],[12.46766,41.9042],[12.46657,41.9047],[12.46598,41.90467],[12.46497,41.90402],[12.46474,41.90451],[12.46134,41.90519],[12.46123,41.90478],[12.4603,41.90492],[12.45793,41.90546]]]},"properties":{"zona":"B15","linkzona":"RM00000161","fascia":"B","fascia_label":"Centrale","descr":"BORGO (VIA DELLA CONCILIAZIONE)","semestre":"2025-S2","loc_min":15.5,"loc_max":22.5,"loc_mid":19.0,"sale_min":4800.0,"sale_max":6900.0,"sup":"L","tipologia":"Abitazioni civili","stato":"NORMALE"}},{"type":"Feature","geometry":{"type":"Polygon","coordinates":[[[12.49113,41.90586],[12.49205,41.90552],[12.4922,41.90532],[12.49414,41.90613],[12.49535,41.90578],[12.49583,41.90533],[12.49713,41.90425],[12.49829,41.90505],[12.4989,41.90505],[12.50001,41.90415],[12.49946,41.90373],[12.50019,41.90313],[12.5002,41.90313],[12.50097,41.90357],[12.50206,41.90267],[12.50473,41.90104],[12.50577,41.90164],[12.50692,41.90249],[12.50715,41.9029],[12.50713,41.90379],[12.50636,41.90439],[12.50455,41.90804],[12.50437,41.90799],[12.50377,41.90799],[12.50236,41.90829],[12.50176,41.90904],[12.50135,41.90931],[12.49881,41.91063],[12.49816,41.91081],[12.49798,41.91038],[12.49691,41.90937],[12.49358,41.90847],[12.49345,41.90825],[12.49226,41.90792],[12.49242,41.9074],[12.49162,41.90709],[12.49149,41.90638],[12.49113,41.90586]]]},"properties":{"zona":"B17","linkzona":"RM00000163","fascia":"B","fascia_label":"Centrale","descr":"SALLUSTIANO-CASTRO PRETORIO (PIAZZA INDIPENDENZA)","semestre":"2025-S2","loc_min":14.3,"loc_max":21.3,"loc_mid":17.8,"sale_min":3700.0,"sale_max":5500.0,"sup":"L","tipologia":"Abitazioni civili","stato":"NORMALE"}},{"type":"Feature","geometry":{"type":"Polygon","coordinates":[[[12.44166,41.813],[12.44132,41.81294],[12.4405,41.81205],[12.44008,41.81177],[12.43955,41.81055],[12.43919,41.81001],[12.43829,41.80931],[12.43603,41.80838],[12.43519,41.80781],[12.43692,41.80571],[12.43835,41.80314],[12.43892,41.8026],[12.4399,41.80251],[12.4434,41.80203],[12.44394,41.80207],[12.44434,41.80169],[12.44051,41.7991],[12.44088,41.79877],[12.45247,41.79434],[12.45282,41.79575],[12.4538,41.80084],[12.45423,41.80262],[12.45409,41.80284],[12.45446,41.80377],[12.45613,41.8068],[12.45537,41.807],[12.45462,41.80755],[12.45377,41.80743],[12.45332,41.80802],[12.45362,41.80881],[12.45292,41.81003],[12.45237,41.80996],[12.45109,41.81041],[12.45012,41.81034],[12.44918,41.80996],[12.44846,41.80992],[12.44765,41.81049],[12.44683,41.81022],[12.44643,41.81026],[12.44591,41.81116],[12.44508,41.81153],[12.44452,41.81235],[12.44319,41.81251],[12.44252,41.81295],[12.44166,41.813]]]},"properties":{"zona":"D82","linkzona":"RM00003661","fascia":"D","fascia_label":"Periferica","descr":"MOSTACCIANO (VIALE BEATA VERGINE DEL CARMELO)","semestre":"2025-S2","loc_min":9.8,"loc_max":14.0,"loc_mid":11.9,"sale_min":2550.0,"sale_max":3500.0,"sup":"L","tipologia":"Abitazioni civili","stato":"NORMALE"}},{"type":"Feature","geometry":{"type":"Polygon","coordinates":[[[12.54123,41.77891],[12.54129,41.77914],[12.54133,41.77932],[12.54163,41.78037],[12.54163,41.78097],[12.54111,41.78159],[12.5403,41.78287],[12.53999,41.78308],[12.53879,41.78345],[12.53763,41.78407],[12.53724,41.78505],[12.5377,41.78681],[12.5377,41.78726],[12.53675,41.78969],[12.53596,41.79119],[12.53561,41.79205],[12.5358,41.79336],[12.53483,41.79553],[12.53455,41.79593],[12.53464,41.79699],[12.53436,41.79711],[12.53205,41.79665],[12.53153,41.79626],[12.53114,41.79657],[12.53041,41.79629],[12.52697,41.79557],[12.52568,41.79522],[12.52355,41.79499],[12.52114,41.79481],[12.51974,41.79477],[12.51602,41.79446],[12.51518,41.79429],[12.51231,41.79412],[12.51362,41.79155],[12.51291,41.79038],[12.51086,41.78861],[12.5091,41.78758],[12.50851,41.78698],[12.50649,41.7878],[12.50476,41.78834],[12.50423,41.78793],[12.50387,41.78672],[12.50316,41.7859],[12.50237,41.78605],[12.50102,41.78605],[12.50111,41.78541],[12.49986,41.78393],[12.49891,41.78453],[12.49825,41.7851],[12.49632,41.78614],[12.49514,41.78607],[12.49457,41.78588],[12.49256,41.78601],[12.49082,41.78631],[12.48993,41.78675],[12.48946,41.78677],[12.4888,41.78653],[12.4869,41.78668],[12.48655,41.78689],[12.48553,41.78691],[12.48399,41.78721],[12.48369,41.78785],[12.4839,41.78849],[12.48302,41.78887],[12.48237,41.78953],[12.48137,41.79036],[12.48134,41.78982],[12.48204,41.78654],[12.48194,41.78573],[12.48161,41.785],[12.48148,41.78431],[12.48139,41.78248],[12.4809,41.77991],[12.4809,41.7787],[12.48109,41.77664],[12.48154,41.77596],[12.48285,41.77443],[12.48356,41.77376],[12.48573,41.77198],[12.48676,41.77123],[12.48868,41.77038],[12.49072,41.76965],[12.49255,41.76883],[12.49489,41.76769],[12.49646,41.76684],[12.49801,41.76643],[12.49881,41.76607],[12.50192,41.76433],[12.50325,41.76368],[12.50478,41.76306],[12.50571,41.76277],[12.50666,41.76257],[12.50921,41.76321],[12.50985,41.76326],[12.51141,41.76286],[12.51195,41.76251],[12.51333,41.76285],[12.51384,41.7627],[12.51662,41.76214],[12.51741,41.76256],[12.51862,41.76243],[12.51984,41.76179],[12.52087,41.76184],[12.52365,41.76125],[12.52502,41.76049],[12.52424,41.76116],[12.52423,41.76197],[12.524,41.76252],[12.52316,41.76294],[12.52317,41.7633],[12.52358,41.76434],[12.5256,41.76581],[12.52618,41.76651],[12.52673,41.7676],[12.52755,41.76861],[12.52886,41.77209],[12.52956,41.77323],[12.53072,41.77399],[12.53278,41.77601],[12.5345,41.77739],[12.53696,41.77697],[12.53732,41.77697],[12.53955,41.77735],[12.5394,41.7777],[12.54007,41.77834],[12.54123,41.77891]]]},"properties":{"zona":"E157","linkzona":"RM00001193","fascia":"E","fascia_label":"Suburbana","descr":"CASTEL DI LEVA (VIA DI TOR CHIESACCIA)","semestre":"2025-S2","loc_min":9.0,"loc_max":12.8,"loc_mid":10.9,"sale_min":2200.0,"sale_max":3100.0,"sup":"L","tipologia":"Abitazioni civili","stato":"NORMALE"}},{"type":"Feature","geometry":{"type":"Polygon","coordinates":[[[12.5268,41.98642],[12.52681,41.98523],[12.52699,41.98468],[12.52762,41.98407],[12.52827,41.98313],[12.52763,41.98309],[12.52725,41.98262],[12.52821,41.98225],[12.52856,41.98195],[12.52997,41.98128],[12.53231,41.98026],[12.5333,41.97992],[12.53416,41.97944],[12.53578,41.97877],[12.53955,41.97709],[12.54016,41.97671],[12.5413,41.97629],[12.54272,41.97547],[12.54774,41.97327],[12.54799,41.97322],[12.5511,41.97185],[12.55115,41.97171],[12.5539,41.97048],[12.55628,41.96951],[12.55779,41.96874],[12.56043,41.96762],[12.5632,41.96639],[12.56501,41.96551],[12.56693,41.96465],[12.56709,41.96482],[12.5671,41.96483],[12.5674,41.96567],[12.56818,41.96625],[12.56907,41.96743],[12.57077,41.96893],[12.57151,41.97048],[12.57257,41.97158],[12.57373,41.97235],[12.57445,41.97271],[12.57567,41.97314],[12.57806,41.97554],[12.57857,41.97633],[12.57925,41.97677],[12.58185,41.97805],[12.58253,41.97802],[12.58013,41.97978],[12.57908,41.98083],[12.57868,41.9808],[12.57674,41.98264],[12.57144,41.98675],[12.56956,41.98663],[12.56922,41.9867],[12.56753,41.98784],[12.5669,41.98864],[12.56633,41.98914],[12.56459,41.98905],[12.56249,41.98975],[12.56149,41.99084],[12.56243,41.99162],[12.56299,41.99168],[12.56408,41.99154],[12.56535,41.99182],[12.56633,41.99224],[12.56763,41.9924],[12.56845,41.99284],[12.56896,41.99292],[12.57033,41.99391],[12.57119,41.99424],[12.57231,41.99437],[12.57292,41.995],[12.57389,41.99514],[12.57492,41.99624],[12.57557,41.99758],[12.57618,41.99993],[12.57638,42.00041],[12.57673,42.00213],[12.57668,42.00254],[12.56874,42.00266],[12.56221,42.00174],[12.56193,42.00135],[12.56216,42.0008],[12.56187,42.00002],[12.56132,41.99905],[12.55974,41.99765],[12.55884,41.99721],[12.5585,41.99642],[12.55811,41.9959],[12.55771,41.99671],[12.55726,41.99708],[12.55561,41.99903],[12.5563,42.00021],[12.55491,42.00096],[12.55363,42.00054],[12.5532,42.00051],[12.55247,42.00012],[12.55166,41.99985],[12.5505,41.99924],[12.54843,41.99854],[12.54846,41.9977],[12.54828,41.99754],[12.54821,41.99675],[12.54792,41.99608],[12.54728,41.99346],[12.54783,41.99214],[12.54799,41.99144],[12.54686,41.99095],[12.5463,41.99092],[12.54422,41.9903],[12.5424,41.98949],[12.54186,41.98867],[12.5409,41.98768],[12.54001,41.98698],[12.53922,41.98662],[12.53723,41.98616],[12.53437,41.98612],[12.53361,41.98619],[12.52952,41.98601],[12.52836,41.98578],[12.5268,41.98642]]]},"properties":{"zona":"E123","linkzona":"RM00001159","fascia":"E","fascia_label":"Suburbana","descr":"LA CINQUINA-BUFALOTTA (VIA FEO BELCARI)","semestre":"2025-S2","loc_min":9.3,"loc_max":13.3,"loc_mid":11.3,"sale_min":2050.0,"sale_max":2950.0,"sup":"L","tipologia":"Abitazioni civili","stato":"NORMALE"}},{"type":"Feature","geometry":{"type":"MultiPolygon","coordinates":[[[[12.52756,41.92501],[12.52808,41.92649],[12.52847,41.92696],[12.52863,41.92776],[12.52846,41.92839],[12.52789,41.9297],[12.52721,41.93038],[12.52662,41.93045],[12.52637,41.9301],[12.52392,41.9273],[12.52426,41.92703],[12.52232,41.92512],[12.52194,41.92534],[12.52011,41.9236],[12.51786,41.92166],[12.51747,41.92119],[12.51764,41.92102],[12.51876,41.92039],[12.51952,41.91979],[12.51984,41.91903],[12.51995,41.9182],[12.52226,41.91835],[12.52314,41.91784],[12.52475,41.91784],[12.52689,41.91821],[12.52652,41.91985],[12.52681,41.92021],[12.52742,41.91744],[12.52752,41.91748],[12.52706,41.91933],[12.52717,41.91993],[12.52758,41.91998],[12.52741,41.92074],[12.52725,41.92193],[12.52733,41.92277],[12.52701,41.92378],[12.52756,41.92501]],[[12.5281,41.91844],[12.5281,41.91843],[12.52808,41.91853],[12.5281,41.91844]]],[[[12.52794,41.91934],[12.52795,41.91933],[12.52782,41.91998],[12.52775,41.91998],[12.52794,41.91934]]]]},"properties":{"zona":"C22","linkzona":"RM00000790","fascia":"C","fascia_label":"Semicentrale","descr":"BATTERIA NOMENTANA-LANCIANI (VIA COSTANTINO MAES)","semestre":"2025-S2","loc_min":12.0,"loc_max":17.8,"loc_mid":14.9,"sale_min":3600.0,"sale_max":5400.0,"sup":"L","tipologia":"Abitazioni civili","stato":"NORMALE"}},{"type":"Feature","geometry":{"type":"Polygon","coordinates":[[[12.51512,41.8924],[12.51582,41.89319],[12.516,41.89279],[12.51659,41.89262],[12.51838,41.89256],[12.51971,41.89286],[12.52383,41.89555],[12.52495,41.8963],[12.52428,41.89724],[12.52283,41.89712],[12.52209,41.89732],[12.52127,41.8972],[12.52101,41.89737],[12.52034,41.8971],[12.51998,41.8982],[12.52055,41.899],[12.52069,41.89945],[12.52013,41.9021],[12.52026,41.90269],[12.51925,41.90306],[12.51838,41.90199],[12.51396,41.90047],[12.51254,41.90118],[12.51202,41.90123],[12.51132,41.90093],[12.50901,41.90058],[12.50857,41.90037],[12.50912,41.89956],[12.51063,41.89709],[12.51393,41.89408],[12.51439,41.89357],[12.51512,41.8924]]]},"properties":{"zona":"C5","linkzona":"RM00000182","fascia":"C","fascia_label":"Semicentrale","descr":"SAN LORENZO (VIA DEI SABELLI)","semestre":"2025-S2","loc_min":13.8,"loc_max":20.0,"loc_mid":16.9,"sale_min":3100.0,"sale_max":4500.0,"sup":"L","tipologia":"Abitazioni civili","stato":"NORMALE"}},{"type":"Feature","geometry":{"type":"Polygon","coordinates":[[[12.53445,41.90839],[12.5347,41.90921],[12.53445,41.90954],[12.53318,41.91175],[12.53256,41.91259],[12.53201,41.91239],[12.53054,41.91387],[12.52837,41.91762],[12.5281,41.91843],[12.5281,41.91844],[12.52808,41.91853],[12.52795,41.91933],[12.52794,41.91934],[12.52775,41.91998],[12.52717,41.91993],[12.52706,41.91933],[12.52752,41.91748],[12.52742,41.91744],[12.52681,41.92021],[12.52652,41.91985],[12.52689,41.91821],[12.52475,41.91784],[12.52314,41.91784],[12.52226,41.91835],[12.51995,41.9182],[12.51987,41.91771],[12.52034,41.91448],[12.5206,41.91404],[12.52009,41.91328],[12.51885,41.91293],[12.51821,41.91262],[12.51671,41.91121],[12.51636,41.91057],[12.5147,41.91077],[12.5129,41.91031],[12.512,41.90909],[12.51229,41.90897],[12.5136,41.909],[12.51372,41.90879],[12.51701,41.90615],[12.51685,41.90603],[12.51992,41.90357],[12.52157,41.90538],[12.52314,41.90684],[12.52418,41.90757],[12.52578,41.90817],[12.52875,41.90839],[12.5322,41.9084],[12.53229,41.90827],[12.53262,41.90841],[12.53445,41.90839]]]},"properties":{"zona":"C24","linkzona":"RM00000792","fascia":"C","fascia_label":"Semicentrale","descr":"BOLOGNA (VIA LIVORNO)","semestre":"2025-S2","loc_min":11.5,"loc_max":15.5,"loc_mid":13.5,"sale_min":3600.0,"sale_max":4900.0,"sup":"L","tipologia":"Abitazioni civili","stato":"NORMALE"}},{"type":"Feature","geometry":{"type":"Polygon","coordinates":[[[12.43956,41.91939],[12.44013,41.91957],[12.44147,41.91936],[12.44189,41.92049],[12.44231,41.92041],[12.44423,41.9214],[12.44589,41.92247],[12.44582,41.9231],[12.446,41.92365],[12.44646,41.92371],[12.44814,41.92363],[12.44811,41.92516],[12.44792,41.92507],[12.44748,41.92658],[12.44707,41.92719],[12.44651,41.92766],[12.44605,41.92852],[12.44578,41.92874],[12.44409,41.93085],[12.44304,41.93149],[12.44218,41.93214],[12.44151,41.93216],[12.44021,41.93186],[12.43744,41.93153],[12.4368,41.9314],[12.43558,41.93084],[12.43481,41.93061],[12.43424,41.93026],[12.4333,41.92935],[12.43253,41.92877],[12.43236,41.92827],[12.43232,41.92743],[12.43243,41.92675],[12.43236,41.92602],[12.43207,41.92515],[12.43178,41.92525],[12.43156,41.92405],[12.43157,41.92329],[12.43072,41.92326],[12.42535,41.92349],[12.42469,41.92361],[12.42387,41.92235],[12.42318,41.92102],[12.4228,41.91957],[12.42269,41.91806],[12.42331,41.91662],[12.42333,41.91591],[12.4224,41.91477],[12.42326,41.91331],[12.42339,41.91218],[12.42429,41.91041],[12.42506,41.91037],[12.42522,41.91075],[12.42643,41.91061],[12.42551,41.91159],[12.42599,41.91175],[12.42666,41.91089],[12.42773,41.91102],[12.42808,41.9114],[12.4299,41.9127],[12.43155,41.91334],[12.43166,41.91394],[12.43235,41.91427],[12.43255,41.91348],[12.43285,41.91318],[12.43232,41.9152],[12.43218,41.91666],[12.43222,41.91859],[12.43344,41.91845],[12.4346,41.91916],[12.43498,41.91961],[12.43639,41.9195],[12.43871,41.91959],[12.43956,41.91939]]]},"properties":{"zona":"C47","linkzona":"RM00003441","fascia":"C","fascia_label":"Semicentrale","descr":"BALDUINA BELSITO (PIAZZA MADONNA DEL CENACOLO)","semestre":"2025-S2","loc_min":12.0,"loc_max":16.5,"loc_mid":14.25,"sale_min":2950.0,"sale_max":4200.0,"sup":"L","tipologia":"Abitazioni civili","stato":"NORMALE"}},{"type":"Feature","geometry":{"type":"Polygon","coordinates":[[[12.47964,41.93557],[12.47869,41.93603],[12.47713,41.9364],[12.47535,41.93651],[12.47338,41.93644],[12.47074,41.93615],[12.46749,41.93567],[12.46692,41.93548],[12.46717,41.93489],[12.46696,41.93456],[12.4672,41.93435],[12.46728,41.93326],[12.46704,41.93317],[12.46717,41.9328],[12.46797,41.93292],[12.46861,41.93154],[12.46961,41.92909],[12.46905,41.92813],[12.46999,41.92831],[12.4717,41.92415],[12.47153,41.92374],[12.47087,41.92382],[12.4712,41.92297],[12.4717,41.92356],[12.47225,41.9223],[12.4719,41.92337],[12.47185,41.92396],[12.47394,41.92644],[12.47409,41.92688],[12.4749,41.92765],[12.47602,41.9283],[12.47761,41.92876],[12.47855,41.92881],[12.48057,41.92852],[12.48153,41.92858],[12.48226,41.92879],[12.48304,41.92946],[12.48414,41.93053],[12.48438,41.93054],[12.4856,41.93136],[12.48599,41.93188],[12.48541,41.93263],[12.48669,41.93348],[12.4863,41.93367],[12.48589,41.93331],[12.48505,41.93292],[12.48361,41.9329],[12.48269,41.93325],[12.48174,41.93395],[12.48028,41.93518],[12.47964,41.93557]]]},"properties":{"zona":"C26","linkzona":"RM00000981","fascia":"C","fascia_label":"Semicentrale","descr":"VILLAGGIO OLIMPICO (VIALE DE COUBERTIN)","semestre":"2025-S2","loc_min":12.5,"loc_max":17.3,"loc_mid":14.9,"sale_min":3700.0,"sale_max":5200.0,"sup":"L","tipologia":"Abitazioni civili","stato":"NORMALE"}},{"type":"Feature","geometry":{"type":"Polygon","coordinates":[[[12.47162,41.8728],[12.47124,41.87349],[12.47067,41.87489],[12.47008,41.87667],[12.46991,41.87794],[12.47033,41.87928],[12.47088,41.88004],[12.47176,41.88082],[12.47512,41.88321],[12.47471,41.88353],[12.47355,41.88419],[12.47302,41.8838],[12.47224,41.88404],[12.47215,41.88432],[12.47028,41.88417],[12.47003,41.88375],[12.46912,41.88354],[12.46925,41.88336],[12.46778,41.88166],[12.46719,41.88079],[12.46711,41.88024],[12.46589,41.87859],[12.46581,41.8783],[12.46618,41.87393],[12.46738,41.87295],[12.4672,41.87211],[12.47104,41.87247],[12.47149,41.87241],[12.47202,41.87187],[12.47162,41.8728]]]},"properties":{"zona":"C27","linkzona":"RM00001066","fascia":"C","fascia_label":"Semicentrale","descr":"PORTA PORTESE (VIA ETTORE ROLLI)","semestre":"2025-S2","loc_min":12.0,"loc_max":17.0,"loc_mid":14.5,"sale_min":3100.0,"sale_max":4500.0,"sup":"L","tipologia":"Abitazioni civili","stato":"NORMALE"}},{"type":"Feature","geometry":{"type":"Polygon","coordinates":[[[12.47737,41.91115],[12.47817,41.91054],[12.48022,41.90931],[12.48026,41.9095],[12.4816,41.91043],[12.48226,41.90988],[12.48432,41.90864],[12.48524,41.90778],[12.48654,41.90871],[12.48742,41.90905],[12.48808,41.9095],[12.48845,41.90946],[12.49043,41.90961],[12.49125,41.91015],[12.49226,41.91061],[12.49328,41.9108],[12.49474,41.91083],[12.49625,41.91074],[12.49816,41.91081],[12.49757,41.91366],[12.49697,41.91616],[12.49681,41.91704],[12.49724,41.91793],[12.49716,41.91818],[12.49838,41.91939],[12.49851,41.91951],[12.49717,41.92051],[12.49717,41.92076],[12.49623,41.92128],[12.49301,41.92239],[12.49241,41.9227],[12.49174,41.92274],[12.49057,41.92195],[12.48972,41.92154],[12.48826,41.92139],[12.48698,41.92167],[12.4859,41.92154],[12.48474,41.92184],[12.48388,41.92196],[12.48305,41.92191],[12.48244,41.9217],[12.48007,41.92047],[12.47971,41.92037],[12.47881,41.91956],[12.4774,41.91907],[12.47728,41.9188],[12.47696,41.91831],[12.47575,41.91829],[12.47561,41.91802],[12.47577,41.91725],[12.47622,41.91668],[12.47646,41.91523],[12.47645,41.91472],[12.4773,41.91466],[12.47724,41.91366],[12.47669,41.91277],[12.47668,41.91219],[12.47707,41.91172],[12.47737,41.91115]]]},"properties":{"zona":"C3","linkzona":"RM00000180","fascia":"C","fascia_label":"Semicentrale","descr":"PINCIANO (VIA GIOVANNI PAISIELLO)","semestre":"2025-S2","loc_min":16.0,"loc_max":23.5,"loc_mid":19.75,"sale_min":4400.0,"sale_max":6400.0,"sup":"L","tipologia":"Abitazioni civili","stato":"NORMALE"}},{"type":"Feature","geometry":{"type":"Polygon","coordinates":[[[12.47365,41.90492],[12.47282,41.90386],[12.47189,41.90334],[12.46992,41.90274],[12.46797,41.90254],[12.46636,41.90244],[12.46645,41.90135],[12.46559,41.90123],[12.46493,41.90087],[12.46426,41.90024],[12.46424,41.89925],[12.46556,41.89733],[12.46585,41.89716],[12.46664,41.89624],[12.4681,41.89523],[12.4689,41.89434],[12.47065,41.89304],[12.47105,41.89301],[12.47221,41.89223],[12.47294,41.89199],[12.47385,41.89187],[12.47457,41.89191],[12.47487,41.89268],[12.47527,41.89329],[12.47517,41.89388],[12.47587,41.89404],[12.47628,41.89474],[12.47631,41.89574],[12.47639,41.89777],[12.47634,41.89834],[12.47653,41.89921],[12.47642,41.90019],[12.47658,41.90096],[12.47614,41.90158],[12.47397,41.90184],[12.47341,41.90297],[12.47398,41.90343],[12.47458,41.90419],[12.47475,41.90484],[12.47365,41.90492]]]},"properties":{"zona":"B32","linkzona":"RM00003264","fascia":"B","fascia_label":"Centrale","descr":"C.STORICO:CORSO VITTORIO(PONTE,PARIONE,REGOLA,S.EUSTACHIO)","semestre":"2025-S2","loc_min":16.8,"loc_max":24.0,"loc_mid":20.4,"sale_min":5600.0,"sale_max":7800.0,"sup":"L","tipologia":"Abitazioni civili","stato":"NORMALE"}},{"type":"Feature","geometry":{"type":"Polygon","coordinates":[[[12.48226,41.87658],[12.48215,41.87736],[12.48382,41.8799],[12.48439,41.88035],[12.48441,41.88062],[12.48787,41.88332],[12.48646,41.88425],[12.48649,41.88442],[12.48518,41.88521],[12.48467,41.88531],[12.48372,41.88604],[12.48284,41.88604],[12.48204,41.88716],[12.48094,41.88782],[12.47903,41.88798],[12.47893,41.88751],[12.47784,41.88613],[12.47652,41.88499],[12.47725,41.8855],[12.47817,41.88487],[12.47695,41.88391],[12.47645,41.88332],[12.4766,41.88246],[12.47693,41.88173],[12.4782,41.87977],[12.47853,41.87968],[12.47917,41.87877],[12.47962,41.8779],[12.48095,41.87703],[12.48108,41.8766],[12.48226,41.87658]]]},"properties":{"zona":"B12","linkzona":"RM00000158","fascia":"B","fascia_label":"Centrale","descr":"AVENTINO (RIPA-VIA DI S.SABINA)","semestre":"2025-S2","loc_min":17.0,"loc_max":25.0,"loc_mid":21.0,"sale_min":4800.0,"sale_max":7000.0,"sup":"L","tipologia":"Abitazioni civili","stato":"NORMALE"}},{"type":"Feature","geometry":{"type":"Polygon","coordinates":[[[12.43996,41.89674],[12.43958,41.8962],[12.4381,41.89524],[12.43799,41.89491],[12.43688,41.89417],[12.43724,41.89358],[12.43768,41.89233],[12.43846,41.89089],[12.44032,41.88931],[12.44046,41.88928],[12.44109,41.8892],[12.44838,41.88901],[12.45053,41.88886],[12.45312,41.889],[12.45413,41.88882],[12.45536,41.88845],[12.45592,41.88809],[12.45565,41.88898],[12.45588,41.88997],[12.45594,41.89144],[12.45584,41.89204],[12.45509,41.89309],[12.45491,41.89386],[12.45448,41.89407],[12.45369,41.89416],[12.4539,41.89521],[12.45397,41.89619],[12.45304,41.89707],[12.45261,41.89711],[12.45251,41.89755],[12.45159,41.89808],[12.45018,41.89866],[12.44827,41.89891],[12.44752,41.89919],[12.44613,41.90043],[12.4454,41.90127],[12.4458,41.9015],[12.44576,41.90196],[12.44665,41.90238],[12.44603,41.90258],[12.44662,41.90305],[12.44579,41.90397],[12.44431,41.90333],[12.44343,41.90395],[12.44227,41.9029],[12.44191,41.90235],[12.44198,41.90162],[12.44313,41.89876],[12.44254,41.89854],[12.44266,41.89772],[12.44238,41.89751],[12.44088,41.89729],[12.43996,41.89674]]]},"properties":{"zona":"C15","linkzona":"RM00000124","fascia":"C","fascia_label":"Semicentrale","descr":"AURELIO GREGORIO VII (VIA GREGORIO VII)","semestre":"2025-S2","loc_min":13.3,"loc_max":19.5,"loc_mid":16.4,"sale_min":3000.0,"sale_max":4400.0,"sup":"L","tipologia":"Abitazioni civili","stato":"NORMALE"}},{"type":"Feature","geometry":{"type":"Polygon","coordinates":[[[12.45674,41.90038],[12.45463,41.90037],[12.45452,41.90019],[12.45287,41.90048],[12.45279,41.90027],[12.45179,41.90034],[12.45085,41.90057],[12.45088,41.90081],[12.44883,41.90099],[12.44883,41.90077],[12.44796,41.90065],[12.44795,41.90101],[12.44675,41.90177],[12.44656,41.90163],[12.44576,41.90196],[12.4458,41.9015],[12.4454,41.90127],[12.44613,41.90043],[12.44752,41.89919],[12.44827,41.89891],[12.45018,41.89866],[12.45159,41.89808],[12.45251,41.89755],[12.45261,41.89711],[12.45304,41.89707],[12.45397,41.89619],[12.4539,41.89521],[12.45369,41.89416],[12.45448,41.89407],[12.45491,41.89386],[12.45509,41.89309],[12.45584,41.89204],[12.45594,41.89144],[12.45588,41.88997],[12.45565,41.88898],[12.45592,41.88809],[12.45659,41.88762],[12.45745,41.88735],[12.45913,41.8877],[12.46141,41.88842],[12.46028,41.88899],[12.46068,41.88948],[12.46106,41.88954],[12.46076,41.89098],[12.46004,41.89142],[12.46032,41.89226],[12.45988,41.89299],[12.45932,41.89335],[12.45953,41.8939],[12.45911,41.8952],[12.45867,41.89554],[12.45849,41.89644],[12.45806,41.89683],[12.45786,41.89853],[12.45825,41.89882],[12.45717,41.8993],[12.45702,41.90004],[12.45674,41.90038]]]},"properties":{"zona":"C16","linkzona":"RM00000125","fascia":"C","fascia_label":"Semicentrale","descr":"CAVALLEGGERI (VIA DELLE FORNACI)","semestre":"2025-S2","loc_min":13.5,"loc_max":20.0,"loc_mid":16.75,"sale_min":3400.0,"sale_max":5100.0,"sup":"L","tipologia":"Abitazioni civili","stato":"NORMALE"}},{"type":"Feature","geometry":{"type":"Polygon","coordinates":[[[12.44814,41.92363],[12.44646,41.92371],[12.446,41.92365],[12.44582,41.9231],[12.44589,41.92247],[12.44423,41.9214],[12.44231,41.92041],[12.44189,41.92049],[12.44147,41.91936],[12.44013,41.91957],[12.43956,41.91939],[12.43871,41.91959],[12.43639,41.9195],[12.43498,41.91961],[12.4346,41.91916],[12.43344,41.91845],[12.43222,41.91859],[12.43218,41.91666],[12.43232,41.9152],[12.43285,41.91318],[12.43329,41.91323],[12.43387,41.913],[12.43371,41.91268],[12.43401,41.91193],[12.43451,41.91191],[12.43481,41.91161],[12.43551,41.90963],[12.43768,41.90637],[12.43843,41.90462],[12.43906,41.90401],[12.43935,41.90329],[12.44016,41.90283],[12.44158,41.90239],[12.44191,41.90235],[12.44227,41.9029],[12.44343,41.90395],[12.44311,41.90407],[12.44259,41.90477],[12.44198,41.90463],[12.44173,41.90548],[12.44138,41.90734],[12.44159,41.908],[12.4419,41.9082],[12.44299,41.91014],[12.44377,41.91011],[12.44475,41.91105],[12.4457,41.91099],[12.44679,41.91188],[12.44625,41.9125],[12.44639,41.91286],[12.44653,41.91527],[12.44625,41.91584],[12.44639,41.91713],[12.44704,41.91787],[12.4471,41.91841],[12.44803,41.9189],[12.44942,41.91886],[12.4494,41.91817],[12.45018,41.91856],[12.4501,41.91891],[12.44925,41.91961],[12.44836,41.91991],[12.44817,41.92015],[12.44796,41.92221],[12.44814,41.92363]]]},"properties":{"zona":"C17","linkzona":"RM00000126","fascia":"C","fascia_label":"Semicentrale","descr":"BALDUINA GIOVENALE (VIA DELLE MEDAGLIE D`ORO)","semestre":"2025-S2","loc_min":11.5,"loc_max":15.8,"loc_mid":13.65,"sale_min":3100.0,"sale_max":4200.0,"sup":"L","tipologia":"Abitazioni civili","stato":"NORMALE"}},{"type":"Feature","geometry":{"type":"Polygon","coordinates":[[[12.5194,41.87712],[12.51946,41.87713],[12.51969,41.87696],[12.51996,41.87726],[12.52081,41.87773],[12.52245,41.87878],[12.52225,41.87897],[12.52316,41.87973],[12.52291,41.87999],[12.52433,41.88093],[12.52532,41.88174],[12.5251,41.88192],[12.52571,41.88283],[12.52603,41.88283],[12.52639,41.8832],[12.52743,41.8828],[12.52852,41.8844],[12.52714,41.88634],[12.52472,41.88765],[12.52487,41.88785],[12.5229,41.88893],[12.52259,41.88896],[12.51789,41.89141],[12.51697,41.89128],[12.51624,41.8915],[12.51597,41.89117],[12.51524,41.89138],[12.5149,41.89093],[12.51877,41.88915],[12.51852,41.88871],[12.5177,41.88776],[12.51635,41.88754],[12.51555,41.88756],[12.51528,41.88734],[12.51469,41.88755],[12.50926,41.88584],[12.51295,41.88279],[12.51335,41.8822],[12.51327,41.88155],[12.51368,41.88121],[12.51458,41.88118],[12.51798,41.87839],[12.5194,41.87712]]]},"properties":{"zona":"C7","linkzona":"RM00000132","fascia":"C","fascia_label":"Semicentrale","descr":"APPIO VILLA FIORELLI (VIA TARANTO)","semestre":"2025-S2","loc_min":12.3,"loc_max":17.0,"loc_mid":14.65,"sale_min":3500.0,"sale_max":5000.0,"sup":"L","tipologia":"Abitazioni civili","stato":"NORMALE"}},{"type":"Feature","geometry":{"type":"Polygon","coordinates":[[[12.46311,41.948],[12.46266,41.9479],[12.4624,41.94772],[12.46106,41.94734],[12.45944,41.94716],[12.45874,41.94685],[12.4577,41.94544],[12.45741,41.94544],[12.45693,41.94488],[12.45585,41.94398],[12.4554,41.94331],[12.45549,41.94308],[12.45625,41.9426],[12.45713,41.94174],[12.4575,41.94097],[12.45769,41.94006],[12.45737,41.93995],[12.45797,41.93894],[12.45931,41.93922],[12.46015,41.93925],[12.46058,41.93905],[12.4617,41.93706],[12.4615,41.93692],[12.46313,41.93549],[12.46361,41.93486],[12.46431,41.93425],[12.46615,41.93525],[12.46692,41.93548],[12.46749,41.93567],[12.47074,41.93615],[12.47066,41.9365],[12.47162,41.93678],[12.47158,41.93756],[12.4713,41.93857],[12.47103,41.94002],[12.47029,41.94039],[12.47036,41.94072],[12.47112,41.94088],[12.46862,41.94106],[12.46777,41.94121],[12.46587,41.94112],[12.46505,41.94327],[12.46302,41.94796],[12.46311,41.948]]]},"properties":{"zona":"C19","linkzona":"RM00000128","fascia":"C","fascia_label":"Semicentrale","descr":"PONTE MILVIO-FARNESINA (VIA DELLA FARNESINA)","semestre":"2025-S2","loc_min":13.8,"loc_max":19.8,"loc_mid":16.8,"sale_min":3400.0,"sale_max":5000.0,"sup":"L","tipologia":"Abitazioni civili","stato":"NORMALE"}},{"type":"Feature","geometry":{"type":"Polygon","coordinates":[[[12.44032,41.88931],[12.43846,41.89089],[12.43768,41.89233],[12.43724,41.89358],[12.43688,41.89417],[12.43799,41.89491],[12.4381,41.89524],[12.43958,41.8962],[12.43996,41.89674],[12.44088,41.89729],[12.44238,41.89751],[12.44266,41.89772],[12.44254,41.89854],[12.44313,41.89876],[12.44198,41.90162],[12.44191,41.90235],[12.44158,41.90239],[12.44042,41.90227],[12.43902,41.90168],[12.43903,41.90137],[12.43793,41.90057],[12.43582,41.89953],[12.43308,41.89884],[12.43101,41.8985],[12.4303,41.8985],[12.42972,41.89831],[12.42871,41.89842],[12.42781,41.89836],[12.4281,41.89755],[12.42854,41.89738],[12.42932,41.8959],[12.42914,41.8957],[12.42962,41.89504],[12.43019,41.8949],[12.4298,41.89441],[12.42914,41.89499],[12.42881,41.89396],[12.42804,41.89308],[12.4265,41.89083],[12.42752,41.8913],[12.42878,41.89147],[12.42979,41.89151],[12.43115,41.89114],[12.43254,41.89086],[12.43442,41.89017],[12.43482,41.89036],[12.43732,41.88966],[12.43814,41.88949],[12.44032,41.88931]]]},"properties":{"zona":"C35","linkzona":"RM00001074","fascia":"C","fascia_label":"Semicentrale","descr":"AURELIO MADONNA DEL RIPOSO (VIA BENTIVOGLIO)","semestre":"2025-S2","loc_min":11.3,"loc_max":16.5,"loc_mid":13.9,"sale_min":2550.0,"sale_max":3800.0,"sup":"L","tipologia":"Abitazioni civili","stato":"NORMALE"}},{"type":"Feature","geometry":{"type":"Polygon","coordinates":[[[12.51681,41.92144],[12.51747,41.92119],[12.51786,41.92166],[12.52011,41.9236],[12.52194,41.92534],[12.52232,41.92512],[12.52426,41.92703],[12.52392,41.9273],[12.52637,41.9301],[12.52662,41.93045],[12.52681,41.93078],[12.5253,41.93188],[12.52396,41.93294],[12.52348,41.93358],[12.52307,41.93484],[12.52368,41.93539],[12.52335,41.93551],[12.52264,41.93576],[12.52159,41.93589],[12.52106,41.93614],[12.52077,41.93724],[12.52096,41.93837],[12.52082,41.93852],[12.51868,41.93919],[12.51723,41.93998],[12.51588,41.9406],[12.51528,41.94117],[12.51435,41.94225],[12.51319,41.94218],[12.51224,41.94293],[12.51173,41.94269],[12.51097,41.94214],[12.5091,41.94046],[12.50844,41.93948],[12.50718,41.93885],[12.50579,41.93872],[12.50512,41.93901],[12.50451,41.93961],[12.50472,41.94043],[12.50449,41.94078],[12.50367,41.94091],[12.50188,41.94054],[12.50166,41.93986],[12.50274,41.93932],[12.50348,41.93821],[12.50434,41.93768],[12.50517,41.93673],[12.50545,41.93581],[12.50274,41.93551],[12.50284,41.93501],[12.50331,41.93445],[12.50316,41.93407],[12.50335,41.93357],[12.50398,41.93291],[12.50422,41.93204],[12.50384,41.93131],[12.50399,41.93094],[12.50472,41.93071],[12.50539,41.93011],[12.50544,41.9292],[12.50584,41.92901],[12.50633,41.92916],[12.50686,41.92963],[12.50744,41.92966],[12.50753,41.92912],[12.50804,41.92931],[12.50875,41.93],[12.50914,41.92985],[12.5088,41.92939],[12.5088,41.92876],[12.50938,41.92743],[12.50902,41.92715],[12.51076,41.92625],[12.51142,41.92617],[12.51478,41.92623],[12.51478,41.92502],[12.51559,41.92451],[12.51546,41.92426],[12.51629,41.92397],[12.51627,41.92167],[12.51681,41.92144]]]},"properties":{"zona":"C21","linkzona":"RM00000130","fascia":"C","fascia_label":"Semicentrale","descr":"SALARIO AFRICANO (VIALE LIBIA)","semestre":"2025-S2","loc_min":11.5,"loc_max":15.0,"loc_mid":13.25,"sale_min":3800.0,"sale_max":5000.0,"sup":"L","tipologia":"Abitazioni civili","stato":"NORMALE"}},{"type":"Feature","geometry":{"type":"Polygon","coordinates":[[[12.48226,41.87658],[12.48548,41.87638],[12.48703,41.87672],[12.4882,41.8777],[12.48852,41.87755],[12.49198,41.87467],[12.49268,41.8737],[12.49422,41.87411],[12.49507,41.87394],[12.49558,41.87359],[12.49711,41.87325],[12.50108,41.87323],[12.50156,41.87348],[12.50228,41.87361],[12.50329,41.87416],[12.50354,41.87473],[12.50272,41.87525],[12.50224,41.8761],[12.50261,41.87663],[12.50272,41.87744],[12.50236,41.87815],[12.50045,41.87917],[12.49954,41.88011],[12.49874,41.88119],[12.4987,41.88149],[12.49794,41.88125],[12.49757,41.8814],[12.49676,41.88026],[12.49639,41.87999],[12.49566,41.88058],[12.49522,41.88075],[12.49424,41.87995],[12.495,41.87938],[12.49493,41.87867],[12.49411,41.87745],[12.49332,41.87726],[12.49278,41.87695],[12.49142,41.87808],[12.49065,41.87849],[12.49003,41.87913],[12.49052,41.88004],[12.49007,41.88018],[12.49002,41.88163],[12.49039,41.8825],[12.49029,41.88288],[12.48909,41.88395],[12.48999,41.88449],[12.48905,41.88399],[12.48809,41.88324],[12.48787,41.88332],[12.48441,41.88062],[12.48439,41.88035],[12.48382,41.8799],[12.48215,41.87736],[12.48226,41.87658]]]},"properties":{"zona":"B2","linkzona":"RM00000166","fascia":"B","fascia_label":"Centrale","descr":"SAN SABA (PIAZZA G.L. BERNINI)","semestre":"2025-S2","loc_min":16.3,"loc_max":22.8,"loc_mid":19.55,"sale_min":4800.0,"sale_max":6800.0,"sup":"L","tipologia":"Abitazioni civili","stato":"NORMALE"}},{"type":"Feature","geometry":{"type":"Polygon","coordinates":[[[12.49068,41.90186],[12.49139,41.90225],[12.49362,41.90385],[12.49424,41.90436],[12.49583,41.90533],[12.49535,41.90578],[12.49414,41.90613],[12.4922,41.90532],[12.49205,41.90552],[12.49113,41.90586],[12.49149,41.90638],[12.49162,41.90709],[12.49242,41.9074],[12.49226,41.90792],[12.49345,41.90825],[12.49358,41.90847],[12.49691,41.90937],[12.49798,41.91038],[12.49816,41.91081],[12.49625,41.91074],[12.49474,41.91083],[12.49328,41.9108],[12.49226,41.91061],[12.49125,41.91015],[12.49043,41.90961],[12.48845,41.90946],[12.48808,41.9095],[12.48742,41.90905],[12.48654,41.90871],[12.48524,41.90778],[12.48432,41.90864],[12.48226,41.90988],[12.4816,41.91043],[12.48026,41.9095],[12.48022,41.90931],[12.48247,41.90793],[12.48312,41.9063],[12.48354,41.90565],[12.48392,41.90577],[12.4845,41.90554],[12.48796,41.90361],[12.48835,41.90326],[12.49061,41.90198],[12.49068,41.90186]]]},"properties":{"zona":"B25","linkzona":"RM00000170","fascia":"B","fascia_label":"Centrale","descr":"LUDOVISI (VIA VENETO)","semestre":"2025-S2","loc_min":17.3,"loc_max":25.3,"loc_mid":21.3,"sale_min":4700.0,"sale_max":6700.0,"sup":"L","tipologia":"Abitazioni civili","stato":"NORMALE"}},{"type":"Feature","geometry":{"type":"Polygon","coordinates":[[[12.33223,41.97076],[12.33166,41.97147],[12.33237,41.97488],[12.33264,41.97537],[12.33259,41.97587],[12.33313,41.97643],[12.33361,41.97751],[12.33437,41.97945],[12.33546,41.97999],[12.33577,41.98037],[12.3365,41.98076],[12.33689,41.98146],[12.33834,41.98285],[12.33834,41.9831],[12.33918,41.98344],[12.33962,41.98379],[12.33993,41.98466],[12.34083,41.98551],[12.34296,41.9868],[12.34357,41.98789],[12.34335,41.98899],[12.34334,41.98964],[12.34301,41.99087],[12.3425,41.99143],[12.34247,41.992],[12.34203,41.99259],[12.34041,41.99287],[12.33815,41.99289],[12.3376,41.99268],[12.33621,41.99239],[12.33458,41.9919],[12.33457,41.99135],[12.33431,41.99082],[12.33418,41.9892],[12.33403,41.98871],[12.33317,41.98889],[12.33275,41.98814],[12.33216,41.98863],[12.33219,41.98906],[12.33169,41.98919],[12.33035,41.98898],[12.33041,41.98965],[12.32988,41.98997],[12.32974,41.99051],[12.32866,41.99167],[12.32839,41.99311],[12.32761,41.99315],[12.32594,41.99367],[12.32429,41.99393],[12.32356,41.99457],[12.32241,41.99445],[12.32203,41.99408],[12.32098,41.99648],[12.32108,41.99733],[12.32055,41.99814],[12.32032,41.99923],[12.31993,41.99939],[12.31874,41.99937],[12.31852,41.99971],[12.31788,41.99933],[12.3161,41.99931],[12.31521,41.99912],[12.31467,41.99872],[12.31423,41.99915],[12.31552,42.00124],[12.31581,42.00191],[12.31579,42.0023],[12.31539,42.00325],[12.31338,42.00604],[12.31294,42.00718],[12.31283,42.00795],[12.31184,42.00995],[12.31168,42.01056],[12.31144,42.01141],[12.31086,42.01245],[12.30924,42.01409],[12.30907,42.01466],[12.30897,42.01665],[12.30908,42.01731],[12.30983,42.01871],[12.31041,42.02042],[12.31113,42.02193],[12.31173,42.0224],[12.31151,42.02283],[12.31135,42.02434],[12.3118,42.02538],[12.31046,42.02687],[12.30654,42.02525],[12.3059,42.02516],[12.3049,42.02523],[12.30319,42.02499],[12.30193,42.02512],[12.30187,42.02582],[12.30283,42.02647],[12.30225,42.02692],[12.30176,42.02761],[12.30152,42.02849],[12.30177,42.03054],[12.30157,42.03102],[12.30108,42.03125],[12.30083,42.03165],[12.29986,42.03124],[12.2968,42.03113],[12.29381,42.03098],[12.28909,42.03173],[12.28686,42.0318],[12.28526,42.03238],[12.2813,42.03287],[12.27427,42.03486],[12.2715,42.03582],[12.27023,42.03602],[12.26945,42.03613],[12.26583,42.03741],[12.26502,42.0379],[12.26472,42.03827],[12.26445,42.03899],[12.26378,42.03945],[12.26347,42.03932],[12.26344,42.03852],[12.26315,42.03708],[12.26359,42.03637],[12.26334,42.03572],[12.2637,42.03558],[12.2636,42.03501],[12.26316,42.03477],[12.26304,42.03396],[12.26321,42.03369],[12.26318,42.03227],[12.26218,42.03098],[12.26219,42.03059],[12.26273,42.02996],[12.26282,42.02957],[12.26268,42.02865],[12.26219,42.02806],[12.2615,42.02646],[12.26124,42.02524],[12.26163,42.02395],[12.26151,42.02322],[12.26216,42.02276],[12.2629,42.02242],[12.26317,42.02184],[12.26309,42.0209],[12.26314,42.02005],[12.26277,42.01913],[12.26339,42.01873],[12.26349,42.01838],[12.26337,42.01758],[12.26303,42.01668],[12.26348,42.01605],[12.26322,42.01494],[12.26401,42.01418],[12.26472,42.01391],[12.26561,42.01296],[12.26604,42.01153],[12.26544,42.01102],[12.26481,42.01117],[12.26534,42.00996],[12.26623,42.00938],[12.26683,42.00867],[12.26756,42.00849],[12.26917,42.00766],[12.26918,42.00715],[12.26967,42.00551],[12.27043,42.0044],[12.27002,42.00372],[12.26976,42.00264],[12.26921,42.00158],[12.26902,42.00016],[12.26901,41.9989],[12.26865,41.99838],[12.26843,41.99771],[12.2686,41.99724],[12.26788,41.99676],[12.26707,41.99681],[12.26721,41.99738],[12.2669,41.99789],[12.26653,41.99769],[12.26666,41.99717],[12.2664,41.9966],[12.26685,41.99592],[12.26637,41.9957],[12.26595,41.99621],[12.26546,41.99577],[12.26507,41.99576],[12.26434,41.99672],[12.26414,41.99729],[12.26344,41.99797],[12.26362,41.99648],[12.26235,41.99685],[12.26247,41.99628],[12.26307,41.99596],[12.26336,41.99558],[12.26409,41.9956],[12.26382,41.99505],[12.26308,41.9951],[12.26321,41.99473],[12.26408,41.99448],[12.26425,41.99424],[12.26357,41.99383],[12.26341,41.99336],[12.26403,41.99332],[12.2642,41.99241],[12.26493,41.99197],[12.26485,41.9915],[12.26385,41.99168],[12.26424,41.99097],[12.26499,41.99063],[12.26498,41.99014],[12.26431,41.99021],[12.26366,41.98987],[12.26438,41.98961],[12.26412,41.98918],[12.26313,41.98911],[12.2637,41.98871],[12.26374,41.98786],[12.26337,41.98724],[12.26261,41.98658],[12.26219,41.98566],[12.26181,41.98572],[12.26086,41.98651],[12.2594,41.9871],[12.25894,41.98744],[12.25765,41.98749],[12.2568,41.98715],[12.25601,41.98759],[12.2549,41.98781],[12.25389,41.98838],[12.25373,41.98928],[12.25338,41.9902],[12.25296,41.99043],[12.25237,41.99045],[12.25153,41.99086],[12.25117,41.99082],[12.25061,41.991],[12.25049,41.99112],[12.24998,41.99096],[12.24938,41.99097],[12.24864,41.9903],[12.24803,41.98954],[12.24794,41.98916],[12.24724,41.98849],[12.24606,41.98779],[12.24763,41.98432],[12.24919,41.98125],[12.24954,41.98092],[12.25157,41.9794],[12.25171,41.97922],[12.25172,41.97675],[12.25166,41.97622],[12.24984,41.97326],[12.24919,41.97269],[12.25026,41.97261],[12.25116,41.97222],[12.25317,41.97309],[12.25414,41.97268],[12.2553,41.97251],[12.25579,41.97276],[12.25639,41.97346],[12.25657,41.97411],[12.25727,41.97471],[12.2589,41.97465],[12.25993,41.97493],[12.26159,41.97461],[12.26243,41.9748],[12.26396,41.97618],[12.26388,41.97567],[12.26332,41.97485],[12.2638,41.97395],[12.26405,41.97228],[12.26372,41.9717],[12.26348,41.97078],[12.26373,41.97029],[12.26464,41.97005],[12.26517,41.96959],[12.26587,41.96928],[12.26687,41.96908],[12.26775,41.96913],[12.26832,41.96899],[12.26862,41.96866],[12.26893,41.96744],[12.2694,41.96724],[12.27069,41.96703],[12.27245,41.96726],[12.27522,41.96685],[12.27599,41.9669],[12.2785,41.96765],[12.27986,41.96767],[12.28122,41.96801],[12.28192,41.9684],[12.28338,41.96862],[12.28378,41.96843],[12.2841,41.96793],[12.28516,41.9671],[12.28594,41.9659],[12.28619,41.96477],[12.28706,41.96464],[12.2889,41.96386],[12.28962,41.9638],[12.29235,41.96478],[12.29349,41.96562],[12.29432,41.96596],[12.29463,41.96589],[12.29565,41.96495],[12.29626,41.96456],[12.29683,41.96378],[12.29749,41.96366],[12.29826,41.96428],[12.29912,41.9644],[12.30021,41.96491],[12.30076,41.96467],[12.30146,41.96404],[12.30466,41.96388],[12.30605,41.96362],[12.30742,41.96374],[12.30777,41.96357],[12.30703,41.96251],[12.30694,41.96212],[12.30745,41.96174],[12.30968,41.96164],[12.31176,41.96184],[12.31235,41.96208],[12.31375,41.96292],[12.31418,41.96308],[12.31445,41.96205],[12.31504,41.96285],[12.31732,41.96341],[12.31743,41.96387],[12.31878,41.96457],[12.32068,41.96544],[12.32419,41.96642],[12.32568,41.96649],[12.32662,41.96619],[12.32743,41.96639],[12.32794,41.9669],[12.32767,41.96748],[12.32679,41.96834],[12.32707,41.96855],[12.32717,41.96934],[12.32763,41.96909],[12.3282,41.9683],[12.32912,41.96823],[12.33028,41.96881],[12.32987,41.96928],[12.33049,41.96961],[12.33021,41.97035],[12.32974,41.97096],[12.33048,41.97125],[12.33104,41.97128],[12.33223,41.97076]]]},"properties":{"zona":"R9","linkzona":"RM00001269","fascia":"R","fascia_label":"Extraurbana","descr":"AGRO ROMANO OVEST (VIA SANTA MARIA DI GALERIA)","semestre":"2025-S2","loc_min":5.8,"loc_max":8.3,"loc_mid":7.05,"sale_min":1200.0,"sale_max":1700.0,"sup":"L","tipologia":"Abitazioni civili","stato":"NORMALE"}},{"type":"Feature","geometry":{"type":"Polygon","coordinates":[[[12.32141,42.03741],[12.32041,42.03719],[12.31751,42.03667],[12.31338,42.03626],[12.31133,42.0364],[12.31048,42.03642],[12.30748,42.03541],[12.30575,42.03444],[12.30463,42.03394],[12.30261,42.03248],[12.30083,42.03165],[12.30108,42.03125],[12.30157,42.03102],[12.30177,42.03054],[12.30152,42.02849],[12.30176,42.02761],[12.30225,42.02692],[12.30283,42.02647],[12.30187,42.02582],[12.30193,42.02512],[12.30319,42.02499],[12.3049,42.02523],[12.3059,42.02516],[12.30654,42.02525],[12.31046,42.02687],[12.3118,42.02538],[12.31135,42.02434],[12.31151,42.02283],[12.31173,42.0224],[12.31113,42.02193],[12.31041,42.02042],[12.30983,42.01871],[12.30908,42.01731],[12.30897,42.01665],[12.30907,42.01466],[12.30924,42.01409],[12.31086,42.01245],[12.31144,42.01141],[12.31168,42.01056],[12.3123,42.01073],[12.31235,42.01221],[12.31332,42.0123],[12.31395,42.01294],[12.3165,42.01402],[12.3169,42.01446],[12.31753,42.01457],[12.31766,42.01495],[12.31824,42.01561],[12.31974,42.01613],[12.31991,42.01805],[12.31979,42.01897],[12.31989,42.01968],[12.31983,42.02092],[12.32001,42.02166],[12.31984,42.02258],[12.31973,42.02398],[12.31939,42.02482],[12.31877,42.02551],[12.31798,42.02664],[12.31899,42.0312],[12.31913,42.0317],[12.32095,42.03318],[12.31939,42.03463],[12.31984,42.03549],[12.32141,42.03741]]]},"properties":{"zona":"R40","linkzona":"RM00002781","fascia":"R","fascia_label":"Extraurbana","descr":"SANTA MARIA DI GALERIA (VIA DI SANTA MARIA DI GALERIA)","semestre":"2025-S2","loc_min":5.0,"loc_max":7.3,"loc_mid":6.15,"sale_min":950.0,"sale_max":1400.0,"sup":"L","tipologia":"Abitazioni civili","stato":"NORMALE"}},{"type":"Feature","geometry":{"type":"Polygon","coordinates":[[[12.44147,41.81315],[12.44196,41.81441],[12.43971,41.81553],[12.43973,41.81589],[12.43878,41.8164],[12.43787,41.81634],[12.43893,41.81712],[12.43729,41.81754],[12.43552,41.81748],[12.43469,41.81701],[12.43408,41.81723],[12.43301,41.81666],[12.43128,41.81545],[12.43052,41.81512],[12.42989,41.81456],[12.42999,41.8142],[12.42923,41.81355],[12.42537,41.81097],[12.42472,41.81029],[12.42337,41.80946],[12.42174,41.80737],[12.42174,41.80733],[12.42174,41.80729],[12.42268,41.80673],[12.42488,41.80627],[12.42582,41.80586],[12.42704,41.80558],[12.42825,41.80486],[12.42903,41.80484],[12.43253,41.80368],[12.43409,41.80327],[12.43659,41.80291],[12.43754,41.80269],[12.43892,41.8026],[12.43835,41.80314],[12.43692,41.80571],[12.43519,41.80781],[12.43603,41.80838],[12.43829,41.80931],[12.43919,41.81001],[12.43955,41.81055],[12.44008,41.81177],[12.4405,41.81205],[12.44132,41.81294],[12.44142,41.813],[12.44147,41.81315]]]},"properties":{"zona":"D79","linkzona":"RM00003621","fascia":"D","fascia_label":"Periferica","descr":"TORRINO SUD (VIA DEL FIUME GIALLO)","semestre":"2025-S2","loc_min":11.0,"loc_max":14.5,"loc_mid":12.75,"sale_min":2700.0,"sale_max":3500.0,"sup":"L","tipologia":"Abitazioni civili","stato":"NORMALE"}},{"type":"Feature","geometry":{"type":"Polygon","coordinates":[[[12.44026,41.96075],[12.44133,41.96063],[12.44146,41.96114],[12.44209,41.96179],[12.44285,41.96132],[12.44398,41.96242],[12.44542,41.96397],[12.44597,41.96387],[12.44747,41.96554],[12.44796,41.96533],[12.44834,41.96578],[12.44971,41.96636],[12.45066,41.96652],[12.45158,41.96689],[12.45216,41.96683],[12.45282,41.96618],[12.45327,41.96553],[12.45406,41.965],[12.4549,41.96512],[12.45643,41.96459],[12.45756,41.96454],[12.45852,41.96487],[12.46088,41.96621],[12.46335,41.96727],[12.46491,41.96736],[12.4663,41.96704],[12.46802,41.96834],[12.46807,41.9695],[12.46726,41.96981],[12.46706,41.97018],[12.46596,41.97066],[12.46569,41.97095],[12.46389,41.97188],[12.46328,41.97233],[12.4623,41.97264],[12.46109,41.9729],[12.46025,41.97336],[12.45978,41.97344],[12.4572,41.97473],[12.45637,41.97527],[12.45594,41.97538],[12.45469,41.97619],[12.45307,41.97705],[12.45204,41.97752],[12.44996,41.97865],[12.44894,41.97905],[12.44839,41.9794],[12.44751,41.97967],[12.44671,41.98067],[12.44609,41.98128],[12.44663,41.98178],[12.4459,41.9819],[12.44444,41.98281],[12.44405,41.9833],[12.44229,41.98271],[12.44199,41.98247],[12.44104,41.98234],[12.44065,41.98167],[12.43953,41.98144],[12.43879,41.98155],[12.43772,41.9811],[12.43733,41.98109],[12.43464,41.98058],[12.43019,41.97929],[12.42761,41.97834],[12.42437,41.97666],[12.42467,41.97606],[12.42405,41.97559],[12.42222,41.97452],[12.42126,41.9741],[12.42057,41.97343],[12.42134,41.97327],[12.4221,41.97256],[12.4231,41.97216],[12.42335,41.97179],[12.42408,41.97124],[12.42489,41.97045],[12.42537,41.97044],[12.42669,41.96965],[12.42697,41.96928],[12.42828,41.96854],[12.42883,41.96805],[12.43081,41.96723],[12.4317,41.9665],[12.43282,41.96589],[12.43342,41.96542],[12.43616,41.96372],[12.43855,41.96188],[12.44005,41.96097],[12.44026,41.96075]]]},"properties":{"zona":"D30","linkzona":"RM00000191","fascia":"D","fascia_label":"Periferica","descr":"TOMBA DI NERONE (VIA DI GROTTAROSSA)","semestre":"2025-S2","loc_min":10.3,"loc_max":15.0,"loc_mid":12.65,"sale_min":1950.0,"sale_max":2850.0,"sup":"L","tipologia":"Abitazioni civili","stato":"NORMALE"}},{"type":"Feature","geometry":{"type":"Polygon","coordinates":[[[12.57241,41.92491],[12.56948,41.92404],[12.56817,41.92322],[12.56703,41.92355],[12.56698,41.92329],[12.56815,41.92289],[12.56885,41.92264],[12.5693,41.92212],[12.56868,41.9216],[12.56765,41.92099],[12.5677,41.92021],[12.56878,41.91917],[12.56882,41.91876],[12.57017,41.91838],[12.57049,41.91948],[12.57194,41.92021],[12.57314,41.92094],[12.57398,41.92211],[12.57445,41.9225],[12.57535,41.92282],[12.57682,41.92308],[12.5781,41.92287],[12.57898,41.92291],[12.57971,41.92324],[12.58041,41.92381],[12.5811,41.92394],[12.58266,41.92349],[12.58221,41.92065],[12.58188,41.92042],[12.58116,41.92041],[12.58016,41.92071],[12.57964,41.9195],[12.579,41.91902],[12.57957,41.91848],[12.58159,41.91851],[12.58204,41.91834],[12.58233,41.91865],[12.58423,41.91891],[12.58469,41.91862],[12.5854,41.91862],[12.58631,41.91796],[12.58628,41.91757],[12.58661,41.9171],[12.58354,41.91176],[12.58269,41.91021],[12.58254,41.90997],[12.58254,41.90993],[12.58304,41.90941],[12.58318,41.90723],[12.58368,41.90519],[12.58391,41.90487],[12.58549,41.90524],[12.58668,41.90543],[12.59069,41.90619],[12.595,41.90708],[12.59667,41.9073],[12.59679,41.90741],[12.59874,41.90781],[12.59928,41.90892],[12.6,41.90935],[12.59943,41.90961],[12.59825,41.90978],[12.59742,41.90977],[12.59634,41.91025],[12.59562,41.91034],[12.59515,41.9106],[12.59429,41.91173],[12.59327,41.91234],[12.59234,41.9131],[12.59548,41.91355],[12.59589,41.91394],[12.59737,41.91423],[12.60136,41.91557],[12.60199,41.91582],[12.60246,41.91641],[12.6033,41.91675],[12.60367,41.91664],[12.60438,41.91683],[12.60523,41.91728],[12.60548,41.91778],[12.60466,41.91839],[12.60369,41.91893],[12.60255,41.91839],[12.60232,41.9195],[12.60121,41.92109],[12.60191,41.92156],[12.60167,41.92268],[12.60208,41.92292],[12.60363,41.92323],[12.60496,41.92341],[12.60566,41.924],[12.60664,41.92411],[12.60878,41.92402],[12.60802,41.92448],[12.60441,41.92913],[12.60333,41.93034],[12.60259,41.93142],[12.601,41.93325],[12.60033,41.9335],[12.60029,41.93336],[12.59826,41.93295],[12.59598,41.93263],[12.59531,41.93264],[12.5922,41.93319],[12.59096,41.9332],[12.58651,41.93282],[12.58179,41.93229],[12.57949,41.93174],[12.57827,41.93116],[12.57777,41.93075],[12.57763,41.93059],[12.57741,41.93026],[12.57735,41.93017],[12.57676,41.92888],[12.57637,41.92857],[12.57455,41.92671],[12.57373,41.92558],[12.57318,41.92514],[12.57241,41.92491]]]},"properties":{"zona":"E9","linkzona":"RM00000113","fascia":"E","fascia_label":"Suburbana","descr":"TOR CERVARA-PONTE MAMMOLO (VIA VANNINA)","semestre":"2025-S2","loc_min":6.8,"loc_max":9.8,"loc_mid":8.3,"sale_min":1750.0,"sale_max":2600.0,"sup":"L","tipologia":"Abitazioni civili","stato":"NORMALE"}},{"type":"Feature","geometry":{"type":"Polygon","coordinates":[[[12.41962,41.83083],[12.41944,41.83191],[12.41782,41.83206],[12.41718,41.83248],[12.4168,41.83318],[12.41593,41.83525],[12.41514,41.83625],[12.41454,41.83747],[12.41226,41.8402],[12.41072,41.84144],[12.40956,41.84323],[12.40935,41.84334],[12.40827,41.8432],[12.40495,41.84343],[12.40432,41.84332],[12.40415,41.84363],[12.40328,41.84395],[12.40249,41.84535],[12.40263,41.84599],[12.40169,41.84706],[12.40153,41.84779],[12.40064,41.84928],[12.40022,41.84967],[12.39984,41.85037],[12.3993,41.85041],[12.39941,41.85085],[12.39925,41.85141],[12.39881,41.85203],[12.39905,41.85297],[12.39891,41.85383],[12.39847,41.8554],[12.39878,41.85634],[12.39757,41.85739],[12.39617,41.85759],[12.39519,41.85675],[12.39153,41.85546],[12.39011,41.85475],[12.38985,41.85506],[12.38905,41.85502],[12.38819,41.85529],[12.38673,41.85412],[12.38541,41.85365],[12.38489,41.85361],[12.38317,41.85386],[12.37865,41.85228],[12.37857,41.85246],[12.37846,41.85231],[12.37848,41.85231],[12.37861,41.8523],[12.37907,41.85167],[12.3799,41.84944],[12.38064,41.84806],[12.38115,41.84734],[12.38104,41.84715],[12.38146,41.84602],[12.3824,41.844],[12.38269,41.84293],[12.38312,41.84236],[12.38435,41.83835],[12.38467,41.83768],[12.38489,41.83626],[12.38521,41.83575],[12.38552,41.83454],[12.38572,41.83418],[12.38603,41.83291],[12.38666,41.83117],[12.38695,41.82969],[12.38737,41.82909],[12.38754,41.82822],[12.38793,41.82721],[12.38843,41.82638],[12.38834,41.82582],[12.38867,41.82541],[12.38945,41.82309],[12.38947,41.82229],[12.38988,41.82203],[12.39009,41.82124],[12.39056,41.8205],[12.3912,41.82005],[12.39333,41.81915],[12.39424,41.81893],[12.39426,41.81834],[12.39329,41.81778],[12.39261,41.81678],[12.39278,41.81617],[12.39227,41.81583],[12.39335,41.81481],[12.39442,41.81395],[12.39525,41.81359],[12.39745,41.81224],[12.39962,41.8113],[12.40193,41.81063],[12.40411,41.81018],[12.41267,41.80899],[12.41418,41.8087],[12.41529,41.80862],[12.418,41.80825],[12.41828,41.8095],[12.41875,41.80959],[12.41961,41.81267],[12.42034,41.81569],[12.42096,41.81757],[12.42097,41.8181],[12.42123,41.81916],[12.42127,41.82029],[12.42114,41.82082],[12.42125,41.82199],[12.42108,41.82253],[12.42102,41.82351],[12.42111,41.82441],[12.421,41.82496],[12.42099,41.8275],[12.42091,41.82871],[12.4215,41.83046],[12.42058,41.83055],[12.42004,41.83031],[12.41962,41.83083]]]},"properties":{"zona":"E98","linkzona":"RM00001125","fascia":"E","fascia_label":"Suburbana","descr":"MURATELLA (VIALE GAETANO ARTURO CROCCO)","semestre":"2025-S2","loc_min":9.8,"loc_max":13.5,"loc_mid":11.65,"sale_min":2150.0,"sale_max":2950.0,"sup":"L","tipologia":"Abitazioni civili","stato":"NORMALE"}},{"type":"Feature","geometry":{"type":"Polygon","coordinates":[[[12.48103,41.83265],[12.48064,41.82994],[12.48023,41.82911],[12.47939,41.82824],[12.47904,41.82758],[12.47899,41.82683],[12.47926,41.82545],[12.48196,41.82555],[12.48399,41.82468],[12.48541,41.82446],[12.48585,41.82479],[12.48612,41.82606],[12.48685,41.82564],[12.48786,41.82546],[12.4896,41.82579],[12.49049,41.82648],[12.49102,41.82675],[12.49556,41.82684],[12.49673,41.82648],[12.4967,41.82801],[12.49694,41.82869],[12.49694,41.82924],[12.49759,41.83083],[12.49848,41.83231],[12.49867,41.83334],[12.49809,41.83379],[12.49721,41.83411],[12.49477,41.83346],[12.4943,41.83346],[12.49353,41.83375],[12.49336,41.83344],[12.49161,41.83345],[12.4907,41.83337],[12.48957,41.83347],[12.48965,41.83261],[12.48863,41.83174],[12.4872,41.83158],[12.48568,41.83166],[12.4845,41.83193],[12.48297,41.83219],[12.48103,41.83265]]]},"properties":{"zona":"D15","linkzona":"RM00000184","fascia":"D","fascia_label":"Periferica","descr":"ARDEATINO OTTAVO COLLE (VIA DEL SERAFICO)","semestre":"2025-S2","loc_min":12.3,"loc_max":17.3,"loc_mid":14.8,"sale_min":2950.0,"sale_max":4300.0,"sup":"L","tipologia":"Abitazioni civili","stato":"NORMALE"}},{"type":"Feature","geometry":{"type":"Polygon","coordinates":[[[12.5718,41.93973],[12.57147,41.93928],[12.57147,41.93927],[12.58032,41.93721],[12.57987,41.93616],[12.57814,41.93543],[12.57784,41.93423],[12.57878,41.93401],[12.57834,41.93274],[12.57796,41.932],[12.57752,41.93079],[12.57777,41.93075],[12.57827,41.93116],[12.57949,41.93174],[12.58179,41.93229],[12.58651,41.93282],[12.59096,41.9332],[12.5922,41.93319],[12.59531,41.93264],[12.59598,41.93263],[12.59826,41.93295],[12.60029,41.93336],[12.60033,41.9335],[12.60027,41.93379],[12.59996,41.93421],[12.6001,41.93469],[12.59604,41.93983],[12.59598,41.94008],[12.59524,41.94029],[12.59396,41.93911],[12.59389,41.93862],[12.59334,41.93782],[12.5929,41.93741],[12.59052,41.93654],[12.58893,41.93758],[12.58921,41.93787],[12.58824,41.93827],[12.58938,41.93927],[12.58924,41.9395],[12.58827,41.93997],[12.58915,41.94101],[12.58894,41.94145],[12.5883,41.94162],[12.58782,41.94379],[12.58458,41.9444],[12.58339,41.94296],[12.58277,41.94319],[12.57565,41.94639],[12.56907,41.94814],[12.56865,41.94773],[12.56766,41.94721],[12.56579,41.94648],[12.56593,41.94632],[12.57009,41.94369],[12.57385,41.94135],[12.57261,41.94105],[12.57279,41.94044],[12.57198,41.94002],[12.5718,41.93973]]]},"properties":{"zona":"D26","linkzona":"RM00000189","fascia":"D","fascia_label":"Periferica","descr":"SAN BASILIO (VIA POLLENZA)","semestre":"2025-S2","loc_min":8.8,"loc_max":12.5,"loc_mid":10.65,"sale_min":2000.0,"sale_max":2900.0,"sup":"L","tipologia":"Abitazioni civili","stato":"NORMALE"}},{"type":"Feature","geometry":{"type":"Polygon","coordinates":[[[12.44568,41.9108],[12.4457,41.91099],[12.44475,41.91105],[12.44377,41.91011],[12.44299,41.91014],[12.4419,41.9082],[12.44159,41.908],[12.44138,41.90734],[12.44173,41.90548],[12.44198,41.90463],[12.44259,41.90477],[12.44311,41.90407],[12.44343,41.90395],[12.44431,41.90333],[12.44579,41.90397],[12.44662,41.90305],[12.44603,41.90258],[12.44665,41.90238],[12.44689,41.90221],[12.44785,41.90298],[12.4478,41.90334],[12.44867,41.90365],[12.44912,41.90466],[12.44949,41.90505],[12.45053,41.90583],[12.4505,41.90649],[12.44961,41.90747],[12.44967,41.90772],[12.44881,41.90865],[12.44891,41.90884],[12.44815,41.90963],[12.44568,41.9108]]]},"properties":{"zona":"C18","linkzona":"RM00000127","fascia":"C","fascia_label":"Semicentrale","descr":"CIPRO (VIA ANGELO EMO)","semestre":"2025-S2","loc_min":12.5,"loc_max":17.3,"loc_mid":14.9,"sale_min":3800.0,"sale_max":5100.0,"sup":"L","tipologia":"Abitazioni civili","stato":"NORMALE"}},{"type":"Feature","geometry":{"type":"Polygon","coordinates":[[[12.54047,41.8864],[12.54041,41.884],[12.53786,41.88407],[12.53745,41.88382],[12.53593,41.8825],[12.53741,41.88191],[12.53755,41.88149],[12.53853,41.8813],[12.54208,41.88011],[12.54493,41.8788],[12.54658,41.87826],[12.54969,41.87742],[12.55214,41.87687],[12.55075,41.87728],[12.55161,41.87975],[12.55034,41.88003],[12.54969,41.87888],[12.54899,41.87904],[12.54951,41.88086],[12.54832,41.88106],[12.54853,41.88183],[12.54764,41.88208],[12.54713,41.88284],[12.54664,41.88334],[12.54782,41.884],[12.54624,41.8859],[12.54364,41.8855],[12.54312,41.88645],[12.54093,41.88653],[12.54047,41.8864]]]},"properties":{"zona":"C38","linkzona":"RM00001077","fascia":"C","fascia_label":"Semicentrale","descr":"CASILINO MARRANELLA (VIA LABICO)","semestre":"2025-S2","loc_min":10.0,"loc_max":14.8,"loc_mid":12.4,"sale_min":2500.0,"sale_max":3500.0,"sup":"L","tipologia":"Abitazioni civili","stato":"NORMALE"}},{"type":"Feature","geometry":{"type":"Polygon","coordinates":[[[12.47851,41.86003],[12.47798,41.85772],[12.47768,41.85701],[12.47809,41.8567],[12.47885,41.85689],[12.48,41.85612],[12.48053,41.8563],[12.47977,41.85137],[12.48093,41.8502],[12.48193,41.84887],[12.48257,41.84865],[12.48279,41.84853],[12.49077,41.85422],[12.49102,41.85428],[12.49191,41.8549],[12.49197,41.85531],[12.49578,41.85804],[12.49546,41.85844],[12.49597,41.85881],[12.49636,41.8588],[12.49732,41.8595],[12.49743,41.85974],[12.49909,41.85973],[12.50002,41.85952],[12.50048,41.8596],[12.50071,41.86003],[12.50008,41.86032],[12.49829,41.86171],[12.49875,41.86233],[12.49823,41.86242],[12.49687,41.86697],[12.49662,41.86868],[12.49669,41.86997],[12.49643,41.87037],[12.49431,41.87041],[12.49146,41.87061],[12.48949,41.87097],[12.48375,41.87185],[12.48415,41.86991],[12.48388,41.86807],[12.4836,41.86739],[12.48315,41.86677],[12.48206,41.86455],[12.47995,41.86068],[12.47954,41.8607],[12.47851,41.86003]]]},"properties":{"zona":"C10","linkzona":"RM00000119","fascia":"C","fascia_label":"Semicentrale","descr":"GARBATELLA (LARGO DELLE SETTE CHIESE)","semestre":"2025-S2","loc_min":11.8,"loc_max":16.0,"loc_mid":13.9,"sale_min":2800.0,"sale_max":3900.0,"sup":"L","tipologia":"Abitazioni civili","stato":"NORMALE"}},{"type":"Feature","geometry":{"type":"Polygon","coordinates":[[[12.46143,41.85831],[12.46219,41.85923],[12.46283,41.85959],[12.46466,41.85998],[12.46712,41.85989],[12.47005,41.86018],[12.47184,41.86045],[12.47429,41.86114],[12.47544,41.86172],[12.47665,41.86266],[12.47721,41.86361],[12.47712,41.86479],[12.47685,41.86545],[12.47422,41.86786],[12.47352,41.86884],[12.47202,41.87187],[12.47149,41.87241],[12.47104,41.87247],[12.4672,41.87211],[12.46481,41.87192],[12.46205,41.87129],[12.46082,41.87029],[12.4605,41.86969],[12.46044,41.86901],[12.46057,41.86842],[12.46142,41.86641],[12.46204,41.86643],[12.46226,41.86561],[12.46279,41.86494],[12.46298,41.86427],[12.46298,41.8634],[12.46316,41.86286],[12.46266,41.86167],[12.46189,41.86045],[12.46138,41.85996],[12.4597,41.85885],[12.45948,41.85862],[12.46031,41.85836],[12.46082,41.85848],[12.46143,41.85831]]]},"properties":{"zona":"C11","linkzona":"RM00000120","fascia":"C","fascia_label":"Semicentrale","descr":"MARCONI (PIAZZA ENRICO FERMI)","semestre":"2025-S2","loc_min":9.5,"loc_max":13.0,"loc_mid":11.25,"sale_min":2700.0,"sale_max":3800.0,"sup":"L","tipologia":"Abitazioni civili","stato":"NORMALE"}},{"type":"Feature","geometry":{"type":"Polygon","coordinates":[[[12.46912,41.88354],[12.46879,41.88368],[12.46719,41.88339],[12.46716,41.88299],[12.46611,41.88298],[12.4659,41.88236],[12.46523,41.88262],[12.46523,41.8829],[12.46381,41.88253],[12.46341,41.88313],[12.4637,41.88333],[12.46245,41.88428],[12.46219,41.88408],[12.4614,41.88439],[12.46167,41.88507],[12.46206,41.88507],[12.46204,41.88648],[12.46167,41.88647],[12.46119,41.88699],[12.46148,41.88774],[12.46183,41.88783],[12.46141,41.88842],[12.45913,41.8877],[12.45913,41.88754],[12.45698,41.88607],[12.45527,41.8845],[12.45394,41.88314],[12.45276,41.88219],[12.45018,41.88041],[12.45005,41.88025],[12.45245,41.87772],[12.4527,41.87776],[12.45431,41.87608],[12.45488,41.87525],[12.45563,41.8746],[12.45562,41.87439],[12.45669,41.87386],[12.45797,41.87285],[12.45831,41.87289],[12.45851,41.87234],[12.45927,41.87164],[12.45973,41.87158],[12.46082,41.87029],[12.46205,41.87129],[12.46481,41.87192],[12.4672,41.87211],[12.46738,41.87295],[12.46618,41.87393],[12.46581,41.8783],[12.46589,41.87859],[12.46711,41.88024],[12.46719,41.88079],[12.46778,41.88166],[12.46925,41.88336],[12.46912,41.88354]]]},"properties":{"zona":"C12","linkzona":"RM00000121","fascia":"C","fascia_label":"Semicentrale","descr":"MONTEVERDE VECCHIO (VIA POERIO)","semestre":"2025-S2","loc_min":13.8,"loc_max":19.8,"loc_mid":16.8,"sale_min":3400.0,"sale_max":5100.0,"sup":"L","tipologia":"Abitazioni civili","stato":"NORMALE"}},{"type":"Feature","geometry":{"type":"Polygon","coordinates":[[[12.51435,41.91816],[12.50654,41.91284],[12.50135,41.90931],[12.50176,41.90904],[12.50236,41.90829],[12.50377,41.90799],[12.50437,41.90799],[12.508,41.90899],[12.51129,41.90866],[12.51135,41.90893],[12.512,41.90909],[12.5129,41.91031],[12.5147,41.91077],[12.51636,41.91057],[12.51671,41.91121],[12.51821,41.91262],[12.51885,41.91293],[12.52009,41.91328],[12.5206,41.91404],[12.52034,41.91448],[12.51987,41.91771],[12.51995,41.9182],[12.51984,41.91903],[12.51952,41.91979],[12.51876,41.92039],[12.51764,41.92102],[12.51683,41.91983],[12.51435,41.91816]]]},"properties":{"zona":"C4","linkzona":"RM00000181","fascia":"C","fascia_label":"Semicentrale","descr":"NOMENTANO TORLONIA (PIAZZA GALENO)","semestre":"2025-S2","loc_min":14.5,"loc_max":20.8,"loc_mid":17.65,"sale_min":4300.0,"sale_max":6400.0,"sup":"L","tipologia":"Abitazioni civili","stato":"NORMALE"}},{"type":"Feature","geometry":{"type":"Polygon","coordinates":[[[12.42429,41.91041],[12.42509,41.90854],[12.42529,41.90744],[12.42525,41.9061],[12.42532,41.90431],[12.42563,41.90283],[12.42594,41.90213],[12.426,41.90146],[12.42682,41.89997],[12.42752,41.89887],[12.42792,41.89865],[12.42872,41.89868],[12.42926,41.89885],[12.42825,41.90024],[12.42767,41.90075],[12.42671,41.90138],[12.42699,41.90174],[12.42838,41.90037],[12.42924,41.8993],[12.42972,41.89831],[12.4303,41.8985],[12.43101,41.8985],[12.43308,41.89884],[12.43582,41.89953],[12.43793,41.90057],[12.43903,41.90137],[12.43902,41.90168],[12.44042,41.90227],[12.44158,41.90239],[12.44016,41.90283],[12.43935,41.90329],[12.43906,41.90401],[12.43843,41.90462],[12.43768,41.90637],[12.43551,41.90963],[12.43481,41.91161],[12.43451,41.91191],[12.43401,41.91193],[12.43371,41.91268],[12.43387,41.913],[12.43329,41.91323],[12.43285,41.91318],[12.43255,41.91348],[12.43235,41.91427],[12.43166,41.91394],[12.43155,41.91334],[12.4299,41.9127],[12.42808,41.9114],[12.42773,41.91102],[12.42666,41.91089],[12.42599,41.91175],[12.42551,41.91159],[12.42643,41.91061],[12.42522,41.91075],[12.42506,41.91037],[12.42429,41.91041]]]},"properties":{"zona":"C14","linkzona":"RM00000123","fascia":"C","fascia_label":"Semicentrale","descr":"AURELIO MONTE DI CRETA (PIAZZA IRNERIO)","semestre":"2025-S2","loc_min":11.3,"loc_max":16.3,"loc_mid":13.8,"sale_min":2950.0,"sale_max":4200.0,"sup":"L","tipologia":"Abitazioni civili","stato":"NORMALE"}},{"type":"Feature","geometry":{"type":"MultiPolygon","coordinates":[[[[12.43946,42.00807],[12.43957,42.00793],[12.43952,42.00802],[12.43946,42.00807]]],[[[12.43652,42.00728],[12.4369,42.0081],[12.43729,42.00827],[12.43883,42.00822],[12.43943,42.00809],[12.43933,42.00884],[12.43827,42.01005],[12.43763,42.01114],[12.43818,42.01167],[12.43709,42.0122],[12.43734,42.01253],[12.43658,42.01289],[12.43714,42.01307],[12.43759,42.01397],[12.43694,42.01395],[12.43621,42.01569],[12.43552,42.0165],[12.43581,42.01707],[12.43564,42.01775],[12.43479,42.01831],[12.43424,42.01949],[12.43338,42.02217],[12.43296,42.02334],[12.43367,42.02428],[12.43296,42.02443],[12.43301,42.02521],[12.43046,42.02424],[12.43046,42.02479],[12.42974,42.0249],[12.42913,42.02467],[12.42881,42.02483],[12.42758,42.02531],[12.42636,42.02543],[12.42493,42.02609],[12.42385,42.02692],[12.42376,42.02774],[12.42404,42.02887],[12.42458,42.0293],[12.42422,42.03024],[12.42355,42.03085],[12.42257,42.03115],[12.42109,42.03124],[12.42002,42.03141],[12.41833,42.03152],[12.41737,42.03132],[12.41531,42.03169],[12.4146,42.03173],[12.41336,42.03153],[12.41196,42.0315],[12.41175,42.03114],[12.41119,42.03188],[12.41056,42.03213],[12.40926,42.0329],[12.40843,42.03291],[12.40718,42.03259],[12.40614,42.03271],[12.40536,42.03331],[12.40488,42.0353],[12.40448,42.036],[12.40335,42.03619],[12.40031,42.03779],[12.39363,42.04126],[12.39319,42.03994],[12.39163,42.04018],[12.39118,42.04037],[12.39089,42.04173],[12.39044,42.04202],[12.3907,42.04267],[12.39043,42.0431],[12.39103,42.04365],[12.3911,42.04442],[12.39027,42.04471],[12.38859,42.04625],[12.38824,42.04683],[12.38806,42.04761],[12.38727,42.04858],[12.38726,42.04936],[12.3871,42.04983],[12.38614,42.05049],[12.38545,42.05143],[12.38514,42.05215],[12.38478,42.05225],[12.38338,42.05372],[12.38295,42.05445],[12.38288,42.05509],[12.38222,42.05477],[12.38072,42.05451],[12.38055,42.05471],[12.37965,42.05471],[12.37828,42.05438],[12.37746,42.05436],[12.37646,42.05405],[12.37585,42.05429],[12.37489,42.05438],[12.37447,42.05462],[12.37359,42.05466],[12.37265,42.055],[12.37207,42.05494],[12.37185,42.05479],[12.37066,42.05523],[12.37304,42.04755],[12.37165,42.04723],[12.37191,42.04651],[12.37253,42.04654],[12.37341,42.04618],[12.3735,42.04543],[12.37399,42.04501],[12.37376,42.04464],[12.37432,42.04418],[12.37415,42.04396],[12.37463,42.04303],[12.37442,42.04268],[12.37452,42.04222],[12.374,42.04204],[12.37404,42.04142],[12.37373,42.04105],[12.37386,42.04041],[12.37345,42.03979],[12.37413,42.03913],[12.37464,42.03753],[12.37477,42.03639],[12.37464,42.03588],[12.37411,42.03519],[12.3739,42.03443],[12.37448,42.0334],[12.37408,42.03292],[12.37515,42.03141],[12.37517,42.03069],[12.3749,42.0302],[12.37508,42.02994],[12.37528,42.02832],[12.3755,42.02766],[12.37676,42.02699],[12.37673,42.02686],[12.37738,42.02729],[12.37798,42.02736],[12.37924,42.02713],[12.38231,42.02618],[12.38305,42.02613],[12.38434,42.0256],[12.38433,42.02539],[12.38573,42.02518],[12.38635,42.02482],[12.38657,42.02379],[12.387,42.0235],[12.38745,42.02365],[12.38866,42.02361],[12.38919,42.02285],[12.38897,42.02236],[12.38834,42.02215],[12.38826,42.02184],[12.38911,42.02153],[12.38981,42.021],[12.38998,42.02058],[12.39057,42.02031],[12.39166,42.0208],[12.39197,42.02044],[12.39272,42.02062],[12.39336,42.02113],[12.39409,42.02075],[12.3951,42.02044],[12.39601,42.02057],[12.39695,42.02],[12.39784,42.01975],[12.39803,42.01934],[12.39762,42.01896],[12.3978,42.0186],[12.39951,42.01816],[12.39951,42.01772],[12.39922,42.01692],[12.39838,42.01619],[12.39758,42.01606],[12.39744,42.01543],[12.39627,42.01438],[12.39589,42.01347],[12.39461,42.01273],[12.39262,42.01404],[12.39205,42.01337],[12.39139,42.01286],[12.39095,42.01201],[12.39015,42.01083],[12.39005,42.01026],[12.38965,42.00999],[12.38959,42.00899],[12.39127,42.00897],[12.39109,42.00802],[12.39156,42.00753],[12.39223,42.0075],[12.39222,42.00712],[12.39163,42.0061],[12.39156,42.00492],[12.39226,42.00442],[12.39198,42.00408],[12.39355,42.00421],[12.39345,42.00328],[12.39378,42.00297],[12.39433,42.00161],[12.39584,42.00238],[12.39977,41.99831],[12.40247,41.99865],[12.40117,42.00054],[12.40059,42.00105],[12.40014,42.00167],[12.40057,42.00229],[12.40262,42.00331],[12.40325,42.004],[12.40496,42.00416],[12.40624,42.00439],[12.40725,42.00492],[12.40754,42.00491],[12.40832,42.00536],[12.4094,42.00536],[12.41015,42.005],[12.41086,42.00442],[12.41163,42.00416],[12.41226,42.00415],[12.41401,42.00452],[12.41477,42.00525],[12.41535,42.00546],[12.41626,42.00602],[12.41727,42.0061],[12.41841,42.00553],[12.41966,42.00513],[12.42157,42.00475],[12.42213,42.00454],[12.4233,42.00366],[12.42454,42.00308],[12.42536,42.00254],[12.42596,42.00291],[12.42663,42.00377],[12.42726,42.0037],[12.42886,42.00419],[12.42926,42.00536],[12.43004,42.00545],[12.43043,42.00576],[12.43061,42.00661],[12.43117,42.00698],[12.43181,42.00691],[12.43252,42.00715],[12.43345,42.00782],[12.43423,42.00767],[12.43521,42.00718],[12.43577,42.00763],[12.43607,42.00728],[12.43652,42.00728]]],[[[12.4312,42.02617],[12.43097,42.02613],[12.43139,42.02505],[12.43232,42.02527],[12.43218,42.02562],[12.43149,42.02548],[12.4312,42.02617]]]]},"properties":{"zona":"E181","linkzona":"RM00002381","fascia":"E","fascia_label":"Suburbana","descr":"PARCO DI VEIO PRATO DELLA CORTE (VIA FORMELLESE)","semestre":"2025-S2","loc_min":6.8,"loc_max":10.0,"loc_mid":8.4,"sale_min":1450.0,"sale_max":2150.0,"sup":"L","tipologia":"Abitazioni civili","stato":"NORMALE"}},{"type":"Feature","geometry":{"type":"Polygon","coordinates":[[[12.62454,41.82774],[12.62167,41.8313],[12.62063,41.83217],[12.61959,41.83383],[12.61952,41.83421],[12.61885,41.83421],[12.61848,41.83488],[12.61648,41.83458],[12.61439,41.83253],[12.61018,41.83327],[12.60852,41.83376],[12.60592,41.83515],[12.6047,41.83562],[12.60315,41.83598],[12.60285,41.83596],[12.60293,41.83523],[12.60351,41.83474],[12.6039,41.83395],[12.60443,41.83324],[12.60333,41.83206],[12.60049,41.82888],[12.5995,41.82843],[12.60039,41.82765],[12.60125,41.82661],[12.60203,41.82589],[12.60321,41.82506],[12.60446,41.82446],[12.60534,41.82385],[12.60613,41.82296],[12.60765,41.82179],[12.60777,41.81969],[12.60622,41.81945],[12.60446,41.81998],[12.60353,41.82005],[12.60276,41.81992],[12.60227,41.81959],[12.60175,41.81896],[12.60121,41.81877],[12.60067,41.81883],[12.59889,41.81929],[12.59765,41.81919],[12.59742,41.819],[12.59644,41.81945],[12.59507,41.81946],[12.59382,41.82013],[12.59321,41.82004],[12.59158,41.82048],[12.59395,41.81759],[12.59461,41.817],[12.59474,41.81662],[12.59573,41.81574],[12.59679,41.81506],[12.59744,41.81443],[12.59902,41.81328],[12.59941,41.81271],[12.60046,41.81166],[12.60127,41.81111],[12.60196,41.81032],[12.60276,41.80991],[12.60318,41.8093],[12.60469,41.80772],[12.60507,41.80795],[12.60614,41.80778],[12.60835,41.8089],[12.61027,41.80849],[12.61093,41.80826],[12.61203,41.80844],[12.61498,41.80711],[12.61617,41.8049],[12.61681,41.80453],[12.619,41.80554],[12.61954,41.80565],[12.61975,41.80694],[12.61974,41.80764],[12.61999,41.80793],[12.62058,41.80752],[12.62194,41.80541],[12.62243,41.80492],[12.62309,41.80483],[12.6239,41.80527],[12.62345,41.80633],[12.62352,41.80688],[12.62302,41.80732],[12.6227,41.80791],[12.6231,41.80856],[12.6229,41.809],[12.62256,41.80915],[12.62238,41.81027],[12.62213,41.81049],[12.62299,41.81141],[12.62197,41.81208],[12.62224,41.81283],[12.62182,41.81301],[12.62032,41.81428],[12.62262,41.81681],[12.624,41.81728],[12.62528,41.81805],[12.62691,41.81848],[12.62675,41.81884],[12.62715,41.81924],[12.62665,41.81997],[12.62648,41.8208],[12.62606,41.82114],[12.63133,41.82407],[12.62928,41.82554],[12.62885,41.82607],[12.62707,41.82683],[12.62471,41.82754],[12.62454,41.82774]]]},"properties":{"zona":"E10","linkzona":"RM00000080","fascia":"E","fascia_label":"Suburbana","descr":"MORENA-CASAL MORENA (VIA CASAL MORENA)","semestre":"2025-S2","loc_min":9.3,"loc_max":12.5,"loc_mid":10.9,"sale_min":1850.0,"sale_max":2500.0,"sup":"L","tipologia":"Abitazioni civili","stato":"NORMALE"}},{"type":"Feature","geometry":{"type":"Polygon","coordinates":[[[12.48116,41.87648],[12.48113,41.87654],[12.48108,41.8766],[12.48095,41.87703],[12.47962,41.8779],[12.47917,41.87877],[12.47853,41.87968],[12.4782,41.87977],[12.47693,41.88173],[12.4766,41.88246],[12.47645,41.88332],[12.47695,41.88391],[12.47817,41.88487],[12.47725,41.8855],[12.47652,41.88499],[12.4763,41.8847],[12.47471,41.88353],[12.47512,41.88321],[12.47176,41.88082],[12.47088,41.88004],[12.47033,41.87928],[12.46991,41.87794],[12.47008,41.87667],[12.47067,41.87489],[12.47124,41.87349],[12.47162,41.8728],[12.47437,41.87301],[12.47578,41.87358],[12.47788,41.87495],[12.47918,41.87565],[12.48116,41.87648]]]},"properties":{"zona":"B1","linkzona":"RM00000155","fascia":"B","fascia_label":"Centrale","descr":"TESTACCIO (PIAZZA S.MARIA LIBERATRICE)","semestre":"2025-S2","loc_min":14.0,"loc_max":20.3,"loc_mid":17.15,"sale_min":4400.0,"sale_max":6300.0,"sup":"L","tipologia":"Abitazioni civili","stato":"NORMALE"}},{"type":"Feature","geometry":{"type":"Polygon","coordinates":[[[12.47225,41.9223],[12.47348,41.91909],[12.47544,41.9192],[12.47728,41.9188],[12.4774,41.91907],[12.47881,41.91956],[12.47971,41.92037],[12.48007,41.92047],[12.48244,41.9217],[12.48305,41.92191],[12.48388,41.92196],[12.48474,41.92184],[12.4859,41.92154],[12.48698,41.92167],[12.48826,41.92139],[12.48972,41.92154],[12.49057,41.92195],[12.49174,41.92274],[12.49241,41.9227],[12.49301,41.92239],[12.49623,41.92128],[12.49717,41.92076],[12.49717,41.92051],[12.49851,41.91951],[12.49918,41.92007],[12.50107,41.92189],[12.501,41.92197],[12.50237,41.92327],[12.50115,41.92416],[12.50156,41.92478],[12.50056,41.92565],[12.50286,41.92676],[12.50268,41.9283],[12.50314,41.92914],[12.50282,41.9296],[12.50367,41.92997],[12.5043,41.92968],[12.50461,41.92999],[12.50539,41.93011],[12.50472,41.93071],[12.50399,41.93094],[12.50384,41.93131],[12.50422,41.93204],[12.50398,41.93291],[12.50335,41.93357],[12.50316,41.93407],[12.50331,41.93445],[12.50284,41.93501],[12.50274,41.93551],[12.49841,41.93498],[12.49615,41.93517],[12.49612,41.93482],[12.49549,41.93384],[12.4933,41.93423],[12.49129,41.93284],[12.49034,41.93237],[12.48943,41.93211],[12.48821,41.93139],[12.48533,41.93052],[12.48459,41.92992],[12.4832,41.92936],[12.48304,41.92946],[12.48226,41.92879],[12.48153,41.92858],[12.48057,41.92852],[12.47855,41.92881],[12.47761,41.92876],[12.47602,41.9283],[12.4749,41.92765],[12.47409,41.92688],[12.47394,41.92644],[12.47185,41.92396],[12.4719,41.92337],[12.47225,41.9223]]]},"properties":{"zona":"C1","linkzona":"RM00000178","fascia":"C","fascia_label":"Semicentrale","descr":"PARIOLI (PIAZZA EUCLIDE)","semestre":"2025-S2","loc_min":16.0,"loc_max":22.8,"loc_mid":19.4,"sale_min":4800.0,"sale_max":6600.0,"sup":"L","tipologia":"Abitazioni civili","stato":"NORMALE"}},{"type":"Feature","geometry":{"type":"Polygon","coordinates":[[[12.44136,41.9404],[12.44068,41.9405],[12.43799,41.93985],[12.43742,41.93953],[12.43768,41.93928],[12.4377,41.93829],[12.43807,41.93791],[12.43614,41.93617],[12.43632,41.93598],[12.43486,41.93541],[12.43409,41.93457],[12.43344,41.93446],[12.43202,41.9352],[12.43177,41.93462],[12.43295,41.93443],[12.43235,41.933],[12.43141,41.92931],[12.43236,41.92827],[12.43253,41.92877],[12.4333,41.92935],[12.43424,41.93026],[12.43481,41.93061],[12.43558,41.93084],[12.4368,41.9314],[12.43744,41.93153],[12.44021,41.93186],[12.44151,41.93216],[12.44218,41.93214],[12.44304,41.93149],[12.44409,41.93085],[12.44578,41.92874],[12.44605,41.92852],[12.4462,41.92877],[12.44626,41.92977],[12.44607,41.93014],[12.44541,41.93075],[12.44483,41.93167],[12.4446,41.93238],[12.44368,41.9346],[12.44314,41.9368],[12.44269,41.93793],[12.44155,41.93805],[12.4416,41.9387],[12.44136,41.9404]]]},"properties":{"zona":"C43","linkzona":"RM00002761","fascia":"C","fascia_label":"Semicentrale","descr":"TRIONFALE IGEA (VIA MARIO FANI)","semestre":"2025-S2","loc_min":11.8,"loc_max":17.0,"loc_mid":14.4,"sale_min":2700.0,"sale_max":3900.0,"sup":"L","tipologia":"Abitazioni civili","stato":"NORMALE"}},{"type":"Feature","geometry":{"type":"Polygon","coordinates":[[[12.45027,41.86836],[12.45149,41.86806],[12.45162,41.86834],[12.45187,41.86833],[12.4525,41.86923],[12.45298,41.8703],[12.45343,41.87004],[12.45855,41.87094],[12.45953,41.87133],[12.45927,41.87164],[12.45851,41.87234],[12.45831,41.87289],[12.45797,41.87285],[12.45669,41.87386],[12.45562,41.87439],[12.45563,41.8746],[12.45488,41.87525],[12.45431,41.87608],[12.4527,41.87776],[12.45245,41.87772],[12.45005,41.88025],[12.45018,41.88041],[12.45276,41.88219],[12.45394,41.88314],[12.45527,41.8845],[12.45698,41.88607],[12.45913,41.88754],[12.45913,41.8877],[12.45745,41.88735],[12.45659,41.88762],[12.45592,41.88809],[12.45536,41.88845],[12.45413,41.88882],[12.45312,41.889],[12.45053,41.88886],[12.44838,41.88901],[12.44109,41.8892],[12.44046,41.88928],[12.44026,41.88332],[12.44045,41.88198],[12.44082,41.88162],[12.44124,41.8802],[12.44091,41.87982],[12.44061,41.87778],[12.44065,41.87722],[12.44318,41.87681],[12.44352,41.87667],[12.44609,41.87477],[12.44686,41.87432],[12.44653,41.87397],[12.44674,41.87209],[12.44704,41.8705],[12.44736,41.87018],[12.44874,41.87081],[12.44813,41.86896],[12.45027,41.86836]]]},"properties":{"zona":"C13","linkzona":"RM00000122","fascia":"C","fascia_label":"Semicentrale","descr":"MONTEVERDE NUOVO (VIA DI DONNA OLIMPIA)","semestre":"2025-S2","loc_min":10.3,"loc_max":15.0,"loc_mid":12.65,"sale_min":2500.0,"sale_max":3600.0,"sup":"L","tipologia":"Abitazioni civili","stato":"NORMALE"}},{"type":"Feature","geometry":{"type":"Polygon","coordinates":[[[12.50428,41.91478],[12.50518,41.91393],[12.50529,41.91353],[12.50591,41.91346],[12.50654,41.91284],[12.51435,41.91816],[12.51683,41.91983],[12.51764,41.92102],[12.51747,41.92119],[12.51681,41.92144],[12.51627,41.92167],[12.51629,41.92397],[12.51546,41.92426],[12.51559,41.92451],[12.51478,41.92502],[12.51478,41.92623],[12.51142,41.92617],[12.51076,41.92625],[12.50902,41.92715],[12.50938,41.92743],[12.5088,41.92876],[12.5088,41.92939],[12.50914,41.92985],[12.50875,41.93],[12.50804,41.92931],[12.50753,41.92912],[12.50744,41.92966],[12.50686,41.92963],[12.50633,41.92916],[12.50584,41.92901],[12.50544,41.9292],[12.50539,41.93011],[12.50461,41.92999],[12.5043,41.92968],[12.50367,41.92997],[12.50282,41.9296],[12.50314,41.92914],[12.50268,41.9283],[12.50286,41.92676],[12.50056,41.92565],[12.50156,41.92478],[12.50115,41.92416],[12.50237,41.92327],[12.501,41.92197],[12.50107,41.92189],[12.49918,41.92007],[12.49851,41.91951],[12.49838,41.91939],[12.4998,41.91825],[12.49979,41.91793],[12.50037,41.91779],[12.50282,41.91582],[12.50296,41.91584],[12.50428,41.91478]]]},"properties":{"zona":"C46","linkzona":"RM00003325","fascia":"C","fascia_label":"Semicentrale","descr":"SALARIO TRIESTE (CORSO TRIESTE)","semestre":"2025-S2","loc_min":13.8,"loc_max":19.8,"loc_mid":16.8,"sale_min":4700.0,"sale_max":6800.0,"sup":"L","tipologia":"Abitazioni civili","stato":"NORMALE"}},{"type":"Feature","geometry":{"type":"Polygon","coordinates":[[[12.51969,41.87696],[12.52108,41.87583],[12.52145,41.87577],[12.52722,41.87102],[12.5274,41.87107],[12.52835,41.87029],[12.52936,41.86891],[12.52973,41.86882],[12.53058,41.86681],[12.53071,41.86671],[12.53173,41.86429],[12.53177,41.86364],[12.53195,41.86365],[12.53258,41.86261],[12.53284,41.86278],[12.53291,41.86369],[12.53391,41.86478],[12.53752,41.8685],[12.53801,41.86917],[12.53838,41.86926],[12.53991,41.87084],[12.54037,41.87141],[12.53958,41.87294],[12.53819,41.87558],[12.53578,41.87983],[12.5348,41.88113],[12.5336,41.88227],[12.53145,41.88372],[12.53165,41.88391],[12.53159,41.88401],[12.53042,41.88469],[12.52889,41.88571],[12.52676,41.88694],[12.52487,41.88785],[12.52472,41.88765],[12.52714,41.88634],[12.52852,41.8844],[12.52743,41.8828],[12.52639,41.8832],[12.52603,41.88283],[12.52532,41.88174],[12.52433,41.88093],[12.52291,41.87999],[12.52316,41.87973],[12.52225,41.87897],[12.52245,41.87878],[12.52081,41.87773],[12.51996,41.87726],[12.51969,41.87696]]]},"properties":{"zona":"C8","linkzona":"RM00000133","fascia":"C","fascia_label":"Semicentrale","descr":"APPIO NOCERA UMBRA (PIAZZA S.MARIA AUSILIATRICE)","semestre":"2025-S2","loc_min":9.8,"loc_max":13.8,"loc_mid":11.8,"sale_min":3300.0,"sale_max":4400.0,"sup":"L","tipologia":"Abitazioni civili","stato":"NORMALE"}},{"type":"Feature","geometry":{"type":"Polygon","coordinates":[[[12.34046,41.81937],[12.34096,41.81966],[12.34108,41.82015],[12.34085,41.82048],[12.34057,41.82164],[12.34056,41.82318],[12.34077,41.82421],[12.34061,41.82561],[12.34095,41.82635],[12.34108,41.82777],[12.33996,41.82873],[12.33965,41.82952],[12.33888,41.83006],[12.33847,41.83112],[12.33851,41.83158],[12.33826,41.83374],[12.33799,41.83542],[12.33768,41.83558],[12.33711,41.83639],[12.33652,41.83775],[12.33592,41.83795],[12.33561,41.83839],[12.33523,41.83971],[12.33519,41.84091],[12.33445,41.84211],[12.3343,41.84267],[12.33378,41.84356],[12.33455,41.84518],[12.3344,41.84554],[12.33474,41.84584],[12.33793,41.84779],[12.34258,41.85058],[12.34545,41.85225],[12.34572,41.85231],[12.34579,41.85326],[12.34693,41.85481],[12.34795,41.85545],[12.34894,41.85588],[12.34946,41.85687],[12.34927,41.85807],[12.34944,41.85874],[12.34914,41.8597],[12.34883,41.86028],[12.34841,41.86176],[12.34812,41.86345],[12.34753,41.86419],[12.34745,41.86505],[12.34785,41.86563],[12.34763,41.86627],[12.34789,41.86707],[12.34856,41.86803],[12.34853,41.86839],[12.34771,41.86864],[12.34698,41.86803],[12.34563,41.86816],[12.34453,41.86808],[12.34321,41.86764],[12.34264,41.86828],[12.34155,41.86898],[12.34092,41.86909],[12.34015,41.86944],[12.34013,41.87055],[12.34047,41.87111],[12.34147,41.87216],[12.34313,41.87275],[12.34371,41.87343],[12.34391,41.87434],[12.34384,41.8762],[12.34416,41.877],[12.34463,41.87752],[12.34544,41.87811],[12.34604,41.87917],[12.34615,41.88036],[12.34658,41.88114],[12.34716,41.88162],[12.34713,41.88199],[12.34475,41.8824],[12.34215,41.88268],[12.34065,41.88297],[12.34068,41.88317],[12.33926,41.88338],[12.33688,41.88422],[12.33662,41.88318],[12.33587,41.88242],[12.33469,41.88259],[12.33451,41.8823],[12.33383,41.88242],[12.33376,41.88318],[12.33297,41.88326],[12.3331,41.88357],[12.3317,41.88426],[12.33174,41.88473],[12.33127,41.88513],[12.33089,41.88582],[12.32931,41.88586],[12.32694,41.88578],[12.32541,41.88578],[12.32222,41.88562],[12.32035,41.88571],[12.31919,41.88586],[12.31841,41.88612],[12.31588,41.88645],[12.31338,41.88693],[12.31099,41.88728],[12.30879,41.88777],[12.30854,41.88757],[12.3058,41.8881],[12.30468,41.88843],[12.30345,41.88846],[12.30197,41.88888],[12.30098,41.88925],[12.29884,41.89029],[12.29726,41.89133],[12.29704,41.89137],[12.2911,41.89468],[12.29047,41.89493],[12.28982,41.89494],[12.2887,41.89544],[12.28689,41.89574],[12.28511,41.89617],[12.28173,41.8968],[12.28083,41.89687],[12.27928,41.89728],[12.27755,41.89796],[12.27761,41.89818],[12.27586,41.89933],[12.27494,41.90009],[12.27399,41.9011],[12.27336,41.90152],[12.27183,41.90308],[12.27184,41.90336],[12.26867,41.90529],[12.2657,41.90615],[12.26495,41.90652],[12.26471,41.9067],[12.26338,41.90712],[12.26178,41.90814],[12.26154,41.90784],[12.26034,41.90565],[12.26026,41.90529],[12.26046,41.90383],[12.26033,41.90294],[12.25962,41.9015],[12.25934,41.90125],[12.25713,41.89979],[12.25695,41.89954],[12.25642,41.89763],[12.25662,41.89671],[12.25614,41.8961],[12.24957,41.89125],[12.24908,41.89093],[12.24751,41.89023],[12.24179,41.88937],[12.24103,41.88916],[12.23836,41.88735],[12.23759,41.88643],[12.23693,41.88505],[12.23724,41.88412],[12.23853,41.8812],[12.23903,41.88093],[12.24152,41.88031],[12.24643,41.87899],[12.24797,41.87831],[12.24938,41.87723],[12.25082,41.87564],[12.25649,41.86969],[12.26092,41.86506],[12.26207,41.86336],[12.26257,41.86203],[12.26272,41.86115],[12.26322,41.85659],[12.26372,41.85506],[12.26496,41.85319],[12.2659,41.85222],[12.26938,41.84902],[12.27222,41.84636],[12.28012,41.83917],[12.28191,41.83745],[12.28265,41.83665],[12.28443,41.83515],[12.28641,41.83331],[12.29005,41.82955],[12.29105,41.82926],[12.29234,41.82916],[12.29454,41.82927],[12.29941,41.83017],[12.30185,41.83023],[12.30344,41.83009],[12.30771,41.82914],[12.30939,41.82891],[12.31162,41.82888],[12.31381,41.82899],[12.31616,41.82903],[12.31819,41.82913],[12.31995,41.82883],[12.32154,41.82823],[12.32227,41.82785],[12.33025,41.82287],[12.33261,41.82159],[12.3342,41.82047],[12.33544,41.82108],[12.33594,41.82098],[12.33686,41.82033],[12.33959,41.81952],[12.34046,41.81937]]]},"properties":{"zona":"R6","linkzona":"RM00001266","fascia":"R","fascia_label":"Extraurbana","descr":"CASTEL DI GUIDO MALAGROTTA (VIA DI MACCARESE)","semestre":"2025-S2","loc_min":null,"loc_max":null,"loc_mid":null,"nonres":true}},{"type":"Feature","geometry":{"type":"Polygon","coordinates":[[[12.45929,41.92685],[12.45959,41.9269],[12.45958,41.928],[12.45973,41.92889],[12.4601,41.93006],[12.46111,41.93157],[12.46209,41.93261],[12.46288,41.93327],[12.46431,41.93425],[12.46361,41.93486],[12.46313,41.93549],[12.4615,41.93692],[12.4617,41.93706],[12.46058,41.93905],[12.46015,41.93925],[12.45931,41.93922],[12.45797,41.93894],[12.4582,41.93856],[12.45645,41.93746],[12.45551,41.93724],[12.45515,41.9374],[12.45471,41.93663],[12.4552,41.93622],[12.45472,41.93593],[12.4532,41.93542],[12.45286,41.93509],[12.45276,41.9343],[12.45321,41.93297],[12.45357,41.93147],[12.45364,41.93064],[12.4543,41.93036],[12.45521,41.92963],[12.45566,41.92815],[12.45588,41.92819],[12.45663,41.9262],[12.45692,41.9261],[12.45869,41.9265],[12.45929,41.92685]]]},"properties":{"zona":"R10","linkzona":"RM00001481","fascia":"R","fascia_label":"Extraurbana","descr":"FORO ITALICO (VIALE DEL FORO ITALICO)","semestre":"2025-S2","loc_min":null,"loc_max":null,"loc_mid":null,"nonres":true}},{"type":"Feature","geometry":{"type":"Polygon","coordinates":[[[12.59138,41.88005],[12.58972,41.88016],[12.5885,41.87997],[12.58426,41.87948],[12.58169,41.87941],[12.58092,41.88554],[12.58056,41.88809],[12.57961,41.88854],[12.57915,41.88927],[12.5787,41.89027],[12.57825,41.89032],[12.57837,41.89135],[12.57871,41.89172],[12.57875,41.89232],[12.57958,41.89227],[12.5799,41.8928],[12.58097,41.89333],[12.58102,41.89371],[12.57891,41.89429],[12.576,41.89474],[12.57533,41.89478],[12.57487,41.89453],[12.57464,41.89281],[12.57461,41.89258],[12.5745,41.89175],[12.57465,41.89117],[12.57403,41.8912],[12.57366,41.89006],[12.57337,41.88811],[12.5732,41.88629],[12.57344,41.88627],[12.57322,41.88287],[12.57327,41.88233],[12.57302,41.87961],[12.57269,41.87836],[12.57196,41.87821],[12.57199,41.87759],[12.56951,41.87403],[12.57011,41.87392],[12.57312,41.87316],[12.57311,41.87308],[12.57522,41.87231],[12.57834,41.87174],[12.57975,41.871],[12.58491,41.86924],[12.58704,41.86857],[12.58755,41.86839],[12.58803,41.87041],[12.58795,41.87085],[12.58681,41.87259],[12.58647,41.87327],[12.58648,41.87365],[12.58919,41.87743],[12.59016,41.87824],[12.59138,41.88005]]]},"properties":{"zona":"D18","linkzona":"RM00000186","fascia":"D","fascia_label":"Periferica","descr":"ALESSANDRINO (VIALE ALESSANDRINO)","semestre":"2025-S2","loc_min":10.3,"loc_max":14.5,"loc_mid":12.4,"sale_min":2150.0,"sale_max":3100.0,"sup":"L","tipologia":"Abitazioni civili","stato":"NORMALE"}},{"type":"Feature","geometry":{"type":"Polygon","coordinates":[[[12.55532,41.85312],[12.55575,41.85303],[12.55906,41.85045],[12.55838,41.84979],[12.55945,41.84859],[12.56075,41.84736],[12.56133,41.84702],[12.56114,41.84618],[12.55918,41.84445],[12.55896,41.84416],[12.55942,41.84357],[12.55908,41.84331],[12.55777,41.84288],[12.55951,41.84343],[12.56167,41.8406],[12.56374,41.83955],[12.56559,41.83849],[12.56626,41.83804],[12.56969,41.83451],[12.56978,41.83454],[12.56943,41.83516],[12.56972,41.83612],[12.57019,41.83696],[12.57008,41.83744],[12.57239,41.83871],[12.56762,41.84368],[12.56853,41.84404],[12.57357,41.84581],[12.57395,41.8461],[12.57479,41.84762],[12.57528,41.84847],[12.57563,41.84872],[12.5702,41.85243],[12.5696,41.85196],[12.56766,41.85334],[12.56749,41.85375],[12.56229,41.85657],[12.55884,41.85852],[12.55785,41.85771],[12.55522,41.85516],[12.55464,41.85527],[12.55359,41.85451],[12.55311,41.85435],[12.55444,41.85328],[12.55532,41.85312]]]},"properties":{"zona":"D21","linkzona":"RM00000141","fascia":"D","fascia_label":"Periferica","descr":"APPIO CLAUDIO (VIALE GIULIO AGRICOLA)","semestre":"2025-S2","loc_min":9.8,"loc_max":13.3,"loc_mid":11.55,"sale_min":2900.0,"sale_max":4000.0,"sup":"L","tipologia":"Abitazioni civili","stato":"NORMALE"}},{"type":"Feature","geometry":{"type":"Polygon","coordinates":[[[12.57461,41.89258],[12.57464,41.89281],[12.57487,41.89453],[12.57533,41.89478],[12.576,41.89474],[12.57531,41.89506],[12.57145,41.89535],[12.56669,41.89526],[12.56648,41.89521],[12.56143,41.89509],[12.55931,41.89509],[12.55926,41.89525],[12.55925,41.89526],[12.5589,41.89521],[12.559,41.89439],[12.55937,41.89334],[12.55966,41.8934],[12.56059,41.89075],[12.56031,41.89068],[12.56074,41.88948],[12.56104,41.88952],[12.56156,41.88818],[12.56114,41.88775],[12.56082,41.88405],[12.561,41.8839],[12.56092,41.88297],[12.5606,41.88279],[12.5605,41.88177],[12.56057,41.88066],[12.56026,41.87998],[12.55977,41.87981],[12.55984,41.87948],[12.55929,41.87923],[12.55725,41.87641],[12.55726,41.87577],[12.55763,41.87546],[12.55871,41.87534],[12.55878,41.87523],[12.56137,41.87504],[12.56412,41.87464],[12.56272,41.87445],[12.55997,41.87472],[12.55875,41.87502],[12.55505,41.87595],[12.55417,41.87621],[12.55268,41.87436],[12.55158,41.87484],[12.55061,41.87388],[12.54981,41.87371],[12.54976,41.87314],[12.54991,41.8732],[12.55431,41.87016],[12.55672,41.87167],[12.56088,41.87057],[12.56115,41.8707],[12.56234,41.86983],[12.56356,41.86863],[12.56623,41.86813],[12.56753,41.868],[12.56825,41.87147],[12.56869,41.87263],[12.56951,41.87403],[12.57199,41.87759],[12.57196,41.87821],[12.57269,41.87836],[12.57302,41.87961],[12.57327,41.88233],[12.57322,41.88287],[12.57344,41.88627],[12.5732,41.88629],[12.57337,41.88811],[12.57366,41.89006],[12.57403,41.8912],[12.57465,41.89117],[12.5745,41.89175],[12.57461,41.89258]]]},"properties":{"zona":"D14","linkzona":"RM00000053","fascia":"D","fascia_label":"Periferica","descr":"CENTOCELLE (PIAZZA DEI MIRTI)","semestre":"2025-S2","loc_min":10.5,"loc_max":14.8,"loc_mid":12.65,"sale_min":2150.0,"sale_max":3000.0,"sup":"L","tipologia":"Abitazioni civili","stato":"NORMALE"}},{"type":"Feature","geometry":{"type":"Polygon","coordinates":[[[12.50372,41.94555],[12.50358,41.94469],[12.50329,41.94474],[12.50341,41.94556],[12.50326,41.94688],[12.50242,41.94721],[12.50167,41.94799],[12.49984,41.94928],[12.49998,41.94881],[12.50147,41.94774],[12.50225,41.94691],[12.50249,41.94644],[12.50256,41.94561],[12.50174,41.94404],[12.50086,41.94328],[12.50013,41.9428],[12.50093,41.94225],[12.50123,41.94118],[12.50188,41.94054],[12.50367,41.94091],[12.50449,41.94078],[12.50472,41.94043],[12.50451,41.93961],[12.50512,41.93901],[12.50579,41.93872],[12.50718,41.93885],[12.50844,41.93948],[12.5091,41.94046],[12.51097,41.94214],[12.51173,41.94269],[12.51177,41.94291],[12.513,41.94363],[12.51301,41.94386],[12.51373,41.94526],[12.5148,41.94603],[12.51559,41.94618],[12.51598,41.94645],[12.51805,41.94671],[12.51877,41.94663],[12.51931,41.94631],[12.52212,41.94619],[12.52266,41.94631],[12.52525,41.94623],[12.5248,41.94653],[12.52351,41.94799],[12.52459,41.94842],[12.52506,41.94902],[12.52541,41.94995],[12.52545,41.95072],[12.52584,41.95106],[12.52689,41.95036],[12.52796,41.95122],[12.52945,41.95155],[12.5311,41.95144],[12.5315,41.95234],[12.53187,41.9527],[12.53299,41.95286],[12.53631,41.95204],[12.5364,41.95207],[12.53591,41.95401],[12.53583,41.95547],[12.53559,41.95745],[12.53561,41.95784],[12.53605,41.95938],[12.53457,41.95872],[12.53361,41.95897],[12.53255,41.95946],[12.53076,41.96005],[12.52884,41.96097],[12.52808,41.96149],[12.52638,41.96248],[12.52674,41.9629],[12.52572,41.96281],[12.5245,41.96317],[12.52356,41.96327],[12.52329,41.96236],[12.52056,41.96199],[12.5164,41.96114],[12.51297,41.96038],[12.51164,41.96015],[12.51071,41.95983],[12.50808,41.95959],[12.50617,41.95951],[12.50593,41.95309],[12.50654,41.94948],[12.50646,41.94944],[12.50681,41.94737],[12.50658,41.94724],[12.50356,41.94693],[12.50372,41.94555]]]},"properties":{"zona":"D71","linkzona":"RM00003127","fascia":"D","fascia_label":"Periferica","descr":"NUOVO SALARIO-PRATI FISCALI (VIA MONTE CERVIALTO)","semestre":"2025-S2","loc_min":10.3,"loc_max":14.5,"loc_mid":12.4,"sale_min":2650.0,"sale_max":3800.0,"sup":"L","tipologia":"Abitazioni civili","stato":"NORMALE"}},{"type":"Feature","geometry":{"type":"Polygon","coordinates":[[[12.41422,41.93271],[12.4128,41.93228],[12.4121,41.93339],[12.40798,41.93472],[12.40713,41.93322],[12.40546,41.93286],[12.40481,41.93167],[12.40448,41.93148],[12.40411,41.9308],[12.40402,41.92994],[12.40368,41.92949],[12.40354,41.92874],[12.40324,41.92864],[12.40283,41.92758],[12.40025,41.9271],[12.39634,41.92624],[12.39492,41.92509],[12.39392,41.92404],[12.39369,41.92345],[12.39367,41.9224],[12.39407,41.92082],[12.39368,41.92023],[12.39388,41.9194],[12.39358,41.91912],[12.39261,41.91866],[12.39197,41.91853],[12.39089,41.9173],[12.38972,41.9164],[12.38895,41.91592],[12.38769,41.9141],[12.38932,41.91364],[12.39033,41.91293],[12.39175,41.91177],[12.39272,41.91079],[12.39354,41.91065],[12.395,41.91059],[12.3957,41.91071],[12.39708,41.91114],[12.39825,41.91121],[12.39935,41.91063],[12.39961,41.91122],[12.4,41.91153],[12.40222,41.91197],[12.40413,41.91269],[12.40637,41.91383],[12.40782,41.91545],[12.40936,41.91866],[12.40917,41.91873],[12.41029,41.92102],[12.41181,41.92294],[12.40952,41.92345],[12.40924,41.92415],[12.40933,41.9245],[12.41101,41.92657],[12.41101,41.92708],[12.41029,41.92793],[12.41037,41.92877],[12.4098,41.92899],[12.40959,41.92949],[12.41036,41.92983],[12.41224,41.93086],[12.41244,41.93142],[12.41374,41.93216],[12.41422,41.93271]]]},"properties":{"zona":"E105","linkzona":"RM00001132","fascia":"E","fascia_label":"Suburbana","descr":"BOCCEA QUARTACCIO (VIA ANDERSEN)","semestre":"2025-S2","loc_min":9.8,"loc_max":14.0,"loc_mid":11.9,"sale_min":2300.0,"sale_max":3200.0,"sup":"L","tipologia":"Abitazioni civili","stato":"NORMALE"}},{"type":"Feature","geometry":{"type":"Polygon","coordinates":[[[12.42329,41.77451],[12.42435,41.77395],[12.4255,41.77373],[12.42602,41.77234],[12.42644,41.77223],[12.42704,41.77177],[12.42808,41.77146],[12.42844,41.77149],[12.42914,41.77162],[12.43003,41.77152],[12.43089,41.77161],[12.43146,41.77148],[12.43273,41.77183],[12.43384,41.77117],[12.43397,41.7708],[12.43515,41.77004],[12.43587,41.76942],[12.43666,41.76804],[12.43754,41.76679],[12.43809,41.76618],[12.43799,41.76553],[12.43841,41.76503],[12.43846,41.76505],[12.43834,41.76636],[12.43901,41.76742],[12.43974,41.76831],[12.44048,41.76875],[12.44099,41.76928],[12.44256,41.77038],[12.44266,41.77121],[12.44356,41.77157],[12.44355,41.77181],[12.44404,41.77263],[12.44422,41.77427],[12.44369,41.7761],[12.44393,41.77644],[12.44411,41.77772],[12.4457,41.78036],[12.44722,41.78265],[12.45046,41.78804],[12.45196,41.79237],[12.45247,41.79434],[12.44088,41.79877],[12.44051,41.7991],[12.44036,41.79923],[12.43082,41.79283],[12.43082,41.7928],[12.42506,41.78889],[12.42494,41.78887],[12.42517,41.78852],[12.42356,41.78751],[12.42191,41.78687],[12.42086,41.78661],[12.418,41.7862],[12.41714,41.78615],[12.41507,41.78623],[12.41331,41.78612],[12.41146,41.78566],[12.40953,41.78493],[12.40842,41.7843],[12.40735,41.78351],[12.40825,41.78296],[12.4111,41.78173],[12.41071,41.78132],[12.4121,41.78087],[12.41422,41.78035],[12.41578,41.77985],[12.41643,41.77956],[12.41975,41.7768],[12.42087,41.7757],[12.42158,41.77513],[12.4234,41.77468],[12.42329,41.77451]]]},"properties":{"zona":"E21","linkzona":"RM00000092","fascia":"E","fascia_label":"Suburbana","descr":"SPINACETO-TOR DE` CENCI (VIALE DEGLI EROI DI CEFALONIA)","semestre":"2025-S2","loc_min":8.8,"loc_max":11.8,"loc_mid":10.3,"sale_min":1750.0,"sale_max":2300.0,"sup":"L","tipologia":"Abitazioni civili","stato":"NORMALE"}},{"type":"Feature","geometry":{"type":"Polygon","coordinates":[[[12.63734,41.87803],[12.65257,41.88046],[12.65918,41.88155],[12.66627,41.88053],[12.66774,41.88068],[12.67024,41.8808],[12.67313,41.88238],[12.67425,41.88258],[12.67464,41.88248],[12.67675,41.88156],[12.67875,41.8838],[12.67517,41.88755],[12.6752,41.89067],[12.67379,41.89061],[12.6707,41.89084],[12.66806,41.89075],[12.66389,41.89095],[12.66221,41.89063],[12.66116,41.89061],[12.65951,41.89148],[12.65893,41.8915],[12.6578,41.8926],[12.65753,41.8933],[12.65755,41.89394],[12.65792,41.89466],[12.6575,41.89594],[12.65628,41.89693],[12.65614,41.89773],[12.65581,41.89823],[12.65497,41.89876],[12.65401,41.89989],[12.65361,41.9006],[12.65081,41.90278],[12.65309,41.90387],[12.65419,41.90397],[12.6545,41.90417],[12.64919,41.90682],[12.64908,41.90823],[12.64908,41.90986],[12.64833,41.91043],[12.64654,41.91137],[12.64779,41.91172],[12.64913,41.91256],[12.64976,41.91331],[12.6507,41.91485],[12.65152,41.91555],[12.65252,41.91683],[12.65284,41.91784],[12.65329,41.91879],[12.65406,41.91936],[12.65616,41.9194],[12.6566,41.91971],[12.65583,41.91971],[12.65458,41.92061],[12.65334,41.92174],[12.65261,41.92225],[12.65213,41.92229],[12.65023,41.92192],[12.64891,41.9216],[12.64865,41.92175],[12.64691,41.9222],[12.64506,41.92232],[12.64374,41.92297],[12.64303,41.92258],[12.64239,41.92185],[12.64151,41.92118],[12.64016,41.92055],[12.63925,41.92047],[12.63799,41.92053],[12.63669,41.92105],[12.63436,41.9215],[12.63282,41.9222],[12.63186,41.92175],[12.63106,41.92049],[12.63067,41.92028],[12.63002,41.92055],[12.6297,41.92121],[12.62877,41.92179],[12.62727,41.92172],[12.62654,41.92186],[12.62623,41.92244],[12.62523,41.92268],[12.6244,41.92271],[12.6232,41.92237],[12.62144,41.92053],[12.62121,41.91955],[12.62121,41.91853],[12.6206,41.91826],[12.62021,41.91857],[12.61872,41.91895],[12.61839,41.91921],[12.61821,41.92013],[12.6188,41.92095],[12.62016,41.92188],[12.62016,41.92214],[12.61916,41.92283],[12.61841,41.92297],[12.61689,41.92258],[12.6165,41.92258],[12.61605,41.9232],[12.61591,41.92106],[12.61582,41.92061],[12.61589,41.91947],[12.61585,41.91779],[12.61574,41.91706],[12.61579,41.91607],[12.61571,41.91493],[12.61603,41.91366],[12.61592,41.91163],[12.61591,41.90903],[12.61578,41.90685],[12.61582,41.90493],[12.61556,41.90425],[12.61551,41.90416],[12.61536,41.90087],[12.61533,41.89887],[12.61573,41.89868],[12.6157,41.89757],[12.61665,41.89708],[12.61697,41.89671],[12.61698,41.89579],[12.61735,41.89556],[12.61805,41.89564],[12.61842,41.89549],[12.61894,41.89477],[12.62019,41.89434],[12.6211,41.89428],[12.62207,41.8939],[12.62251,41.89359],[12.62383,41.89309],[12.62432,41.8927],[12.6271,41.89117],[12.62815,41.8905],[12.62843,41.89011],[12.62935,41.88954],[12.63076,41.8894],[12.63158,41.88882],[12.63114,41.88819],[12.63125,41.88794],[12.63223,41.8876],[12.63295,41.88609],[12.6334,41.88568],[12.63338,41.88484],[12.63402,41.88426],[12.63507,41.88387],[12.63529,41.88355],[12.6349,41.8824],[12.63513,41.88189],[12.63541,41.88039],[12.6359,41.87947],[12.63649,41.87896],[12.63662,41.8782],[12.63734,41.87803]],[[12.63432,41.91565],[12.63492,41.91529],[12.63418,41.91513],[12.63432,41.91565]]]},"properties":{"zona":"E22","linkzona":"RM00000093","fascia":"E","fascia_label":"Suburbana","descr":"ACQUA VERGINE(PRATO FIORITO-COLLE PRENESTINO,MONFORTANI)","semestre":"2025-S2","loc_min":6.5,"loc_max":9.5,"loc_mid":8.0,"sale_min":1300.0,"sale_max":1900.0,"sup":"L","tipologia":"Abitazioni civili","stato":"NORMALE"}},{"type":"Feature","geometry":{"type":"MultiPolygon","coordinates":[[[[12.62623,41.92244],[12.62654,41.92186],[12.62727,41.92172],[12.62877,41.92179],[12.6297,41.92121],[12.63002,41.92055],[12.63067,41.92028],[12.63106,41.92049],[12.63186,41.92175],[12.63282,41.9222],[12.63436,41.9215],[12.63669,41.92105],[12.63799,41.92053],[12.63925,41.92047],[12.64016,41.92055],[12.64151,41.92118],[12.64239,41.92185],[12.64303,41.92258],[12.64374,41.92297],[12.64506,41.92232],[12.64691,41.9222],[12.64865,41.92175],[12.64891,41.9216],[12.65023,41.92192],[12.65213,41.92229],[12.65261,41.92225],[12.65262,41.92274],[12.65063,41.92354],[12.65189,41.9241],[12.65265,41.92417],[12.65302,41.92495],[12.654,41.9246],[12.65497,41.92533],[12.65621,41.92658],[12.65603,41.92812],[12.65489,41.92859],[12.65518,41.92955],[12.65568,41.93011],[12.65789,41.9313],[12.65645,41.93119],[12.656,41.93146],[12.6557,41.93262],[12.6552,41.93299],[12.65491,41.93358],[12.65495,41.93413],[12.65448,41.93476],[12.65446,41.93608],[12.65586,41.9419],[12.65626,41.94248],[12.65399,41.94256],[12.65259,41.94237],[12.65109,41.94177],[12.64884,41.94132],[12.64561,41.94176],[12.6414,41.94167],[12.63798,41.94132],[12.637,41.94099],[12.63593,41.94085],[12.63348,41.94066],[12.63311,41.94046],[12.63333,41.93981],[12.63321,41.93855],[12.6333,41.93762],[12.63269,41.93749],[12.63129,41.93669],[12.63191,41.9358],[12.63109,41.93518],[12.6304,41.93495],[12.62813,41.93368],[12.62687,41.93281],[12.62625,41.9321],[12.62708,41.93083],[12.62402,41.93045],[12.62352,41.93016],[12.62364,41.92975],[12.625,41.92822],[12.62537,41.92733],[12.62494,41.92726],[12.62384,41.92759],[12.62276,41.92657],[12.62228,41.92527],[12.62264,41.92514],[12.62415,41.92554],[12.62517,41.92568],[12.62594,41.92565],[12.62667,41.92453],[12.62678,41.92358],[12.62666,41.92262],[12.62623,41.92244]]],[[[12.63432,41.91565],[12.63418,41.91513],[12.63492,41.91529],[12.63432,41.91565]]]]},"properties":{"zona":"E23","linkzona":"RM00000094","fascia":"E","fascia_label":"Suburbana","descr":"SETTECAMINI CASE ROSSE (VIA DELLE CASE ROSSE)","semestre":"2025-S2","loc_min":7.8,"loc_max":10.8,"loc_mid":9.3,"sale_min":1400.0,"sale_max":2000.0,"sup":"L","tipologia":"Abitazioni civili","stato":"NORMALE"}},{"type":"Feature","geometry":{"type":"Polygon","coordinates":[[[12.43957,42.00793],[12.43946,42.00807],[12.43952,42.00802],[12.43943,42.00809],[12.43883,42.00822],[12.43729,42.00827],[12.4369,42.0081],[12.43652,42.00728],[12.43607,42.00728],[12.43577,42.00763],[12.43521,42.00718],[12.43423,42.00767],[12.43345,42.00782],[12.43252,42.00715],[12.43181,42.00691],[12.43117,42.00698],[12.43061,42.00661],[12.43043,42.00576],[12.43004,42.00545],[12.42926,42.00536],[12.42886,42.00419],[12.42726,42.0037],[12.42663,42.00377],[12.42596,42.00291],[12.42536,42.00254],[12.42454,42.00308],[12.4233,42.00366],[12.42213,42.00454],[12.42157,42.00475],[12.41966,42.00513],[12.41841,42.00553],[12.41727,42.0061],[12.41626,42.00602],[12.41535,42.00546],[12.41477,42.00525],[12.41401,42.00452],[12.41226,42.00415],[12.41163,42.00416],[12.41086,42.00442],[12.41015,42.005],[12.4094,42.00536],[12.40832,42.00536],[12.40754,42.00491],[12.40725,42.00492],[12.40624,42.00439],[12.40496,42.00416],[12.40325,42.004],[12.40262,42.00331],[12.40057,42.00229],[12.40014,42.00167],[12.40059,42.00105],[12.40117,42.00054],[12.40247,41.99865],[12.39977,41.99831],[12.39883,41.99819],[12.39836,41.99881],[12.39775,41.99874],[12.39673,41.99806],[12.39603,41.99672],[12.39556,41.99604],[12.39434,41.99576],[12.3932,41.99515],[12.39261,41.99512],[12.39186,41.99476],[12.39218,41.99444],[12.39364,41.99339],[12.39844,41.99042],[12.40102,41.98824],[12.40216,41.9872],[12.40263,41.98709],[12.40265,41.98653],[12.40321,41.98596],[12.40429,41.98409],[12.40501,41.98351],[12.40651,41.98266],[12.40732,41.98173],[12.4078,41.98075],[12.4077,41.97648],[12.40761,41.97407],[12.40766,41.97289],[12.40828,41.97058],[12.40862,41.96968],[12.4091,41.96756],[12.40906,41.96675],[12.40824,41.96309],[12.40842,41.96311],[12.40868,41.96435],[12.40918,41.96617],[12.40948,41.96752],[12.40891,41.96913],[12.40896,41.96978],[12.4096,41.97],[12.41072,41.96985],[12.41178,41.96993],[12.41175,41.97028],[12.41321,41.97079],[12.41391,41.97086],[12.41495,41.97146],[12.41534,41.97148],[12.41695,41.97222],[12.41832,41.97264],[12.41978,41.9734],[12.42057,41.97343],[12.42126,41.9741],[12.42222,41.97452],[12.42405,41.97559],[12.42467,41.97606],[12.42437,41.97666],[12.42761,41.97834],[12.43019,41.97929],[12.43464,41.98058],[12.43733,41.98109],[12.43772,41.9811],[12.43879,41.98155],[12.43953,41.98144],[12.44065,41.98167],[12.44104,41.98234],[12.44199,41.98247],[12.44229,41.98271],[12.44405,41.9833],[12.44444,41.98281],[12.4459,41.9819],[12.44663,41.98178],[12.44986,41.98139],[12.45095,41.98117],[12.45167,41.98161],[12.45181,41.9811],[12.45261,41.98096],[12.45421,41.98108],[12.45456,41.98099],[12.45749,41.98116],[12.45922,41.98133],[12.46043,41.9816],[12.46183,41.98214],[12.46441,41.98322],[12.46508,41.98253],[12.46683,41.98271],[12.4668,41.98399],[12.4666,41.98439],[12.46781,41.98481],[12.47005,41.98543],[12.46986,41.98711],[12.4702,41.98759],[12.46991,41.98819],[12.4689,41.98896],[12.46839,41.99088],[12.46795,41.99217],[12.46796,41.99223],[12.4678,41.99302],[12.46788,41.99342],[12.46849,41.99463],[12.46677,41.99503],[12.46515,41.99622],[12.46312,41.99678],[12.46122,41.99689],[12.46043,41.99684],[12.45999,41.99638],[12.45647,41.9977],[12.45456,41.99826],[12.45383,41.99853],[12.45196,41.99958],[12.44936,42.00091],[12.44815,42.00195],[12.44718,42.00202],[12.44529,42.00303],[12.44475,42.00347],[12.44441,42.004],[12.44291,42.00476],[12.44112,42.00492],[12.44072,42.00535],[12.44082,42.0057],[12.44005,42.00609],[12.43957,42.0067],[12.43945,42.00722],[12.43957,42.00793]]]},"properties":{"zona":"E24","linkzona":"RM00000095","fascia":"E","fascia_label":"Suburbana","descr":"LA GIUSTINIANA (VIA ITALO PICCAGLI)","semestre":"2025-S2","loc_min":9.5,"loc_max":13.3,"loc_mid":11.4,"sale_min":1900.0,"sale_max":2650.0,"sup":"L","tipologia":"Abitazioni civili","stato":"NORMALE"}},{"type":"Feature","geometry":{"type":"MultiPolygon","coordinates":[[[[12.50198,42.01069],[12.5018,42.01003],[12.50168,42.0085],[12.49947,42.00815],[12.49907,42.00915],[12.49156,42.00795],[12.49113,42.00894],[12.49023,42.01253],[12.48858,42.01221],[12.48751,42.01232],[12.48653,42.01188],[12.48499,42.0123],[12.48434,42.01215],[12.48358,42.0126],[12.48258,42.01294],[12.48202,42.01368],[12.48075,42.01422],[12.4807,42.01465],[12.47841,42.01625],[12.47796,42.01594],[12.47731,42.01635],[12.47622,42.01625],[12.47553,42.01565],[12.47536,42.01496],[12.47632,42.01402],[12.47659,42.01261],[12.47721,42.01165],[12.47556,42.01129],[12.47565,42.00953],[12.47476,42.00941],[12.47467,42.00922],[12.47461,42.00838],[12.47536,42.00779],[12.47543,42.00735],[12.47401,42.00722],[12.47579,42.00583],[12.47671,42.00527],[12.47719,42.00453],[12.4776,42.00419],[12.478,42.00433],[12.47874,42.00409],[12.48126,42.0025],[12.48221,42.00182],[12.48377,42.0013],[12.48499,42.00058],[12.48589,42.00039],[12.48675,42.00006],[12.48767,42.00011],[12.48835,41.99977],[12.49098,41.9989],[12.49257,41.99865],[12.49393,41.99884],[12.4947,41.99884],[12.49592,41.99867],[12.4968,41.99796],[12.49711,41.99749],[12.49705,41.99689],[12.49744,41.99677],[12.4983,41.99708],[12.49875,41.99678],[12.49991,41.99632],[12.50048,41.99594],[12.50076,41.99544],[12.50145,41.9946],[12.50524,41.99381],[12.50691,41.99352],[12.5084,41.99335],[12.50992,41.99342],[12.51138,41.99374],[12.51321,41.99452],[12.51482,41.99575],[12.51567,41.99701],[12.51598,41.99792],[12.51614,41.99909],[12.51531,42.00107],[12.51449,42.00197],[12.51328,42.00288],[12.51183,42.00337],[12.51003,42.00374],[12.50671,42.00474],[12.50588,42.0051],[12.50539,42.00548],[12.50476,42.00644],[12.50472,42.00758],[12.50534,42.00818],[12.50604,42.00859],[12.50564,42.00916],[12.50488,42.00934],[12.50421,42.00972],[12.50332,42.01],[12.50198,42.01069]]],[[[12.46122,42.01779],[12.46234,42.01708],[12.46309,42.01749],[12.46279,42.01768],[12.46192,42.01745],[12.46191,42.01821],[12.4616,42.01893],[12.46089,42.01893],[12.46049,42.01856],[12.46122,42.01779]]]]},"properties":{"zona":"E25","linkzona":"RM00000096","fascia":"E","fascia_label":"Suburbana","descr":"PRIMA PORTA (VIA DELLA VILLA DI LIVIA)","semestre":"2025-S2","loc_min":7.8,"loc_max":11.3,"loc_mid":9.55,"sale_min":1500.0,"sale_max":2250.0,"sup":"L","tipologia":"Abitazioni civili","stato":"NORMALE"}},{"type":"Feature","geometry":{"type":"Polygon","coordinates":[[[12.37474,41.99838],[12.37478,41.99789],[12.37412,41.99697],[12.37675,41.99544],[12.37667,41.99499],[12.37574,41.99175],[12.3757,41.99054],[12.37614,41.98967],[12.37614,41.98937],[12.37815,41.9898],[12.37908,41.99048],[12.38054,41.99128],[12.38134,41.9919],[12.38122,41.9923],[12.38164,41.99269],[12.38229,41.99263],[12.38506,41.99186],[12.38496,41.99152],[12.38363,41.99019],[12.38316,41.98938],[12.38204,41.98787],[12.3819,41.98687],[12.38119,41.98703],[12.38042,41.985],[12.38019,41.98399],[12.37975,41.98262],[12.37922,41.98136],[12.37874,41.97955],[12.37844,41.97888],[12.37803,41.97752],[12.37762,41.97677],[12.37722,41.97521],[12.37708,41.9743],[12.37753,41.97261],[12.37789,41.97186],[12.37784,41.96963],[12.37798,41.96882],[12.37866,41.9688],[12.37895,41.96922],[12.38082,41.97059],[12.38144,41.97191],[12.38234,41.97253],[12.38356,41.97151],[12.38576,41.97106],[12.38614,41.97035],[12.38635,41.96925],[12.38607,41.96807],[12.38638,41.96663],[12.38677,41.96601],[12.38835,41.96512],[12.387,41.96415],[12.39144,41.96117],[12.39125,41.96106],[12.39158,41.96103],[12.39335,41.96212],[12.39489,41.96292],[12.39504,41.96314],[12.39739,41.96451],[12.39962,41.9659],[12.40009,41.96584],[12.40067,41.96631],[12.40053,41.96672],[12.40133,41.96712],[12.40294,41.96823],[12.40413,41.96883],[12.40448,41.96928],[12.40524,41.9694],[12.40579,41.96976],[12.40852,41.96995],[12.40862,41.96968],[12.40828,41.97058],[12.40766,41.97289],[12.40761,41.97407],[12.4077,41.97648],[12.4078,41.98075],[12.40732,41.98173],[12.40651,41.98266],[12.40501,41.98351],[12.40429,41.98409],[12.40321,41.98596],[12.40265,41.98653],[12.40263,41.98709],[12.40216,41.9872],[12.40102,41.98824],[12.39844,41.99042],[12.39364,41.99339],[12.39218,41.99444],[12.39186,41.99476],[12.39261,41.99512],[12.3932,41.99515],[12.39434,41.99576],[12.39556,41.99604],[12.39603,41.99672],[12.39673,41.99806],[12.39775,41.99874],[12.39836,41.99881],[12.39883,41.99819],[12.39977,41.99831],[12.39584,42.00238],[12.39433,42.00161],[12.39378,42.00297],[12.39345,42.00328],[12.39355,42.00421],[12.39198,42.00408],[12.39226,42.00442],[12.39156,42.00492],[12.39163,42.0061],[12.39222,42.00712],[12.39223,42.0075],[12.39156,42.00753],[12.39109,42.00802],[12.39127,42.00897],[12.38959,42.00899],[12.38965,42.00999],[12.39005,42.01026],[12.39015,42.01083],[12.38784,42.01178],[12.38653,42.01253],[12.3859,42.0126],[12.38518,42.01294],[12.38523,42.01243],[12.38445,42.0118],[12.38462,42.0111],[12.38371,42.01092],[12.38321,42.01067],[12.38194,42.00975],[12.3811,42.00892],[12.38082,42.00896],[12.37952,42.00779],[12.37854,42.00751],[12.37805,42.00828],[12.37568,42.00594],[12.37628,42.00621],[12.3767,42.00616],[12.37781,42.00484],[12.37797,42.00407],[12.37862,42.00316],[12.37815,42.0026],[12.37662,42.00169],[12.37462,42.00027],[12.37438,41.99976],[12.37474,41.99838]]]},"properties":{"zona":"E26","linkzona":"RM00000097","fascia":"E","fascia_label":"Suburbana","descr":"LA STORTA (VIA DELLA TORRE DI SPIZZICHINO)","semestre":"2025-S2","loc_min":7.8,"loc_max":11.0,"loc_mid":9.4,"sale_min":1950.0,"sale_max":2650.0,"sup":"L","tipologia":"Abitazioni civili","stato":"NORMALE"}},{"type":"Feature","geometry":{"type":"Polygon","coordinates":[[[12.46849,41.99463],[12.46788,41.99342],[12.4678,41.99302],[12.46796,41.99223],[12.46833,41.99209],[12.46795,41.99217],[12.46839,41.99088],[12.4689,41.98896],[12.46991,41.98819],[12.4702,41.98759],[12.46986,41.98711],[12.47005,41.98543],[12.47069,41.98548],[12.47231,41.98586],[12.47361,41.98592],[12.47435,41.98644],[12.47536,41.98632],[12.47739,41.9866],[12.47884,41.98655],[12.47881,41.98581],[12.48001,41.98603],[12.48332,41.98588],[12.48389,41.98599],[12.48448,41.98582],[12.48618,41.9858],[12.48991,41.98508],[12.49051,41.98517],[12.49147,41.98481],[12.49177,41.98494],[12.49267,41.98482],[12.49318,41.98462],[12.49383,41.98482],[12.49417,41.98544],[12.49429,41.98628],[12.49418,41.98719],[12.49547,41.9873],[12.49607,41.9871],[12.49674,41.98762],[12.49678,41.98759],[12.49708,41.98768],[12.49785,41.98723],[12.49788,41.98724],[12.4981,41.98727],[12.49815,41.98727],[12.49828,41.98725],[12.49829,41.98724],[12.49854,41.98712],[12.49925,41.98766],[12.49847,41.98825],[12.49724,41.98935],[12.49655,41.99046],[12.49621,41.99184],[12.49499,41.9919],[12.49503,41.99242],[12.49547,41.99351],[12.49609,41.99433],[12.4968,41.99473],[12.49785,41.99506],[12.49955,41.99527],[12.50088,41.99521],[12.50076,41.99544],[12.50048,41.99594],[12.49991,41.99632],[12.49875,41.99678],[12.4983,41.99708],[12.49744,41.99677],[12.49705,41.99689],[12.49711,41.99749],[12.4968,41.99796],[12.49592,41.99867],[12.4947,41.99884],[12.49393,41.99884],[12.49257,41.99865],[12.49098,41.9989],[12.48835,41.99977],[12.48767,42.00011],[12.48675,42.00006],[12.48589,42.00039],[12.48499,42.00058],[12.48377,42.0013],[12.48221,42.00182],[12.48126,42.0025],[12.47874,42.00409],[12.478,42.00433],[12.4776,42.00419],[12.4773,42.00395],[12.47849,42.00267],[12.47888,42.00177],[12.47936,42.00109],[12.47823,42.00112],[12.47791,42.00094],[12.47682,41.99949],[12.47636,41.99975],[12.47496,41.99878],[12.47533,41.99836],[12.47405,41.99767],[12.47265,41.99909],[12.47095,41.9982],[12.47319,41.99588],[12.47275,41.99418],[12.47144,41.99451],[12.47024,41.99535],[12.46971,41.99537],[12.46908,41.9951],[12.46849,41.99463]]]},"properties":{"zona":"E27","linkzona":"RM00000098","fascia":"E","fascia_label":"Suburbana","descr":"LABARO (VIA GEMONA DEL FRIULI)","semestre":"2025-S2","loc_min":8.5,"loc_max":12.0,"loc_mid":10.25,"sale_min":1750.0,"sale_max":2350.0,"sup":"L","tipologia":"Abitazioni civili","stato":"NORMALE"}},{"type":"Feature","geometry":{"type":"Polygon","coordinates":[[[12.53922,41.93275],[12.53944,41.93216],[12.53975,41.93239],[12.54179,41.93294],[12.54256,41.93342],[12.54372,41.9337],[12.5457,41.93293],[12.54618,41.9324],[12.54641,41.93176],[12.54647,41.93107],[12.54692,41.92965],[12.5477,41.92932],[12.55023,41.92918],[12.55341,41.93212],[12.55397,41.93166],[12.55455,41.93233],[12.55582,41.93279],[12.55774,41.93256],[12.5582,41.9326],[12.55738,41.93327],[12.55714,41.93393],[12.55886,41.9346],[12.55956,41.93517],[12.56249,41.93689],[12.56282,41.93724],[12.56369,41.93751],[12.56547,41.93833],[12.56355,41.94111],[12.56266,41.94073],[12.56132,41.943],[12.56072,41.94282],[12.55981,41.94388],[12.5594,41.94399],[12.55757,41.94315],[12.55255,41.94126],[12.55111,41.9403],[12.54928,41.93954],[12.54793,41.93928],[12.54691,41.9389],[12.54611,41.93848],[12.54504,41.93782],[12.54485,41.93772],[12.54467,41.93762],[12.54452,41.93751],[12.54445,41.93749],[12.54405,41.93743],[12.54261,41.93762],[12.54132,41.93778],[12.54096,41.93732],[12.54058,41.93446],[12.5401,41.93419],[12.53984,41.93354],[12.53922,41.93275]],[[12.54466,41.93761],[12.54467,41.93761],[12.5446,41.93757],[12.54466,41.93761]]]},"properties":{"zona":"D57","linkzona":"RM00001098","fascia":"D","fascia_label":"Periferica","descr":"NOMENTANO KANT (VIALE KANT)","semestre":"2025-S2","loc_min":8.8,"loc_max":13.0,"loc_mid":10.9,"sale_min":2100.0,"sale_max":3100.0,"sup":"L","tipologia":"Abitazioni civili","stato":"NORMALE"}},{"type":"Feature","geometry":{"type":"Polygon","coordinates":[[[12.44521,41.82624],[12.44565,41.82672],[12.44378,41.82655],[12.44233,41.82669],[12.4419,41.82701],[12.4413,41.82686],[12.44015,41.82634],[12.43873,41.82607],[12.43654,41.82598],[12.43556,41.82617],[12.43369,41.82716],[12.43253,41.82828],[12.43164,41.82975],[12.43052,41.83117],[12.42898,41.83251],[12.42791,41.83304],[12.4267,41.83333],[12.42584,41.83337],[12.42469,41.83306],[12.42284,41.83201],[12.42212,41.83129],[12.4215,41.83046],[12.42091,41.82871],[12.42099,41.8275],[12.421,41.82496],[12.42111,41.82441],[12.42102,41.82351],[12.42108,41.82253],[12.42125,41.82199],[12.42114,41.82082],[12.42127,41.82029],[12.42123,41.81916],[12.42097,41.8181],[12.42096,41.81757],[12.42034,41.81569],[12.41961,41.81267],[12.41875,41.80959],[12.41843,41.80807],[12.42005,41.80783],[12.41999,41.80769],[12.42135,41.80716],[12.42174,41.80729],[12.42174,41.80733],[12.42174,41.80737],[12.42337,41.80946],[12.42472,41.81029],[12.42537,41.81097],[12.42923,41.81355],[12.42999,41.8142],[12.42989,41.81456],[12.43052,41.81512],[12.43128,41.81545],[12.43301,41.81666],[12.43281,41.8169],[12.43423,41.81801],[12.44124,41.82327],[12.44322,41.82139],[12.44448,41.82006],[12.44461,41.82012],[12.44143,41.82341],[12.44402,41.8254],[12.44521,41.82624]]]},"properties":{"zona":"R37","linkzona":"RM00002281","fascia":"R","fascia_label":"Extraurbana","descr":"IPPODROMO TOR DI VALLE","semestre":"2025-S2","loc_min":null,"loc_max":null,"loc_mid":null,"nonres":true}},{"type":"Feature","geometry":{"type":"Polygon","coordinates":[[[12.38371,41.79603],[12.38376,41.79589],[12.38553,41.7956],[12.38698,41.79562],[12.38878,41.79573],[12.38933,41.79589],[12.3907,41.79672],[12.39157,41.79712],[12.39326,41.79829],[12.39519,41.79907],[12.39612,41.79915],[12.39724,41.79942],[12.39868,41.79933],[12.40035,41.79912],[12.40195,41.79866],[12.40446,41.79808],[12.40677,41.7977],[12.40821,41.7976],[12.40928,41.79762],[12.41118,41.79789],[12.41189,41.79807],[12.41337,41.79864],[12.41495,41.79943],[12.41615,41.80065],[12.41703,41.80202],[12.4176,41.80479],[12.41843,41.80807],[12.41875,41.80959],[12.41828,41.8095],[12.418,41.80825],[12.41529,41.80862],[12.41418,41.8087],[12.41267,41.80899],[12.40411,41.81018],[12.40193,41.81063],[12.39962,41.8113],[12.39745,41.81224],[12.39525,41.81359],[12.39442,41.81395],[12.39335,41.81481],[12.39227,41.81583],[12.39278,41.81617],[12.39261,41.81678],[12.39329,41.81778],[12.39426,41.81834],[12.39424,41.81893],[12.39333,41.81915],[12.3912,41.82005],[12.39056,41.8205],[12.39009,41.82124],[12.38988,41.82203],[12.38947,41.82229],[12.38981,41.82092],[12.38976,41.82022],[12.38929,41.81936],[12.38772,41.81767],[12.38528,41.81764],[12.38379,41.8175],[12.3848,41.81394],[12.38453,41.81028],[12.38446,41.80861],[12.38458,41.8057],[12.38486,41.80258],[12.38385,41.79744],[12.38389,41.79682],[12.38371,41.79603]]]},"properties":{"zona":"R25","linkzona":"RM00001496","fascia":"R","fascia_label":"Extraurbana","descr":"MAGLIANA PARCO DE` MEDICI (VIA SALVATORE REBECCHINI)","semestre":"2025-S2","loc_min":null,"loc_max":null,"loc_mid":null,"nonres":true}},{"type":"Feature","geometry":{"type":"Polygon","coordinates":[[[12.55777,41.84288],[12.55908,41.84331],[12.55942,41.84357],[12.55896,41.84416],[12.55918,41.84445],[12.56114,41.84618],[12.56133,41.84702],[12.56075,41.84736],[12.55945,41.84859],[12.55838,41.84979],[12.55906,41.85045],[12.55575,41.85303],[12.55532,41.85312],[12.55272,41.8535],[12.54951,41.85375],[12.54952,41.853],[12.55027,41.85248],[12.55057,41.85211],[12.55051,41.85113],[12.55012,41.85076],[12.54907,41.85048],[12.5465,41.85265],[12.54545,41.85223],[12.54426,41.85205],[12.54387,41.85184],[12.54263,41.8517],[12.54159,41.85129],[12.54055,41.85107],[12.5401,41.85069],[12.53936,41.85078],[12.53874,41.85058],[12.53831,41.85019],[12.53717,41.85018],[12.53638,41.8509],[12.53616,41.85199],[12.53478,41.85213],[12.53418,41.85229],[12.53347,41.85278],[12.53193,41.85082],[12.5302,41.8507],[12.53402,41.84785],[12.53581,41.84604],[12.53634,41.84558],[12.53818,41.84471],[12.53983,41.84358],[12.539,41.84278],[12.53999,41.84215],[12.539,41.84115],[12.5396,41.83888],[12.54166,41.83761],[12.54263,41.83911],[12.54536,41.83936],[12.54571,41.83949],[12.54648,41.83888],[12.54847,41.8377],[12.55057,41.83654],[12.55117,41.83614],[12.55277,41.83698],[12.55477,41.8384],[12.55554,41.83922],[12.55574,41.83983],[12.55678,41.84161],[12.55777,41.84288]]]},"properties":{"zona":"D23","linkzona":"RM00000143","fascia":"D","fascia_label":"Periferica","descr":"QUARTO MIGLIO (VIA APPIA PIGNATELLI)","semestre":"2025-S2","loc_min":10.3,"loc_max":14.0,"loc_mid":12.15,"sale_min":2650.0,"sale_max":3600.0,"sup":"L","tipologia":"Abitazioni civili","stato":"NORMALE"}},{"type":"Feature","geometry":{"type":"MultiPolygon","coordinates":[[[[12.48101,41.89506],[12.48115,41.89446],[12.48192,41.89392],[12.48193,41.89357],[12.48137,41.89308],[12.48048,41.8926],[12.4801,41.89206],[12.48052,41.89095],[12.48222,41.89123],[12.48268,41.89112],[12.48395,41.89206],[12.48501,41.89133],[12.4839,41.88974],[12.48366,41.88863],[12.48483,41.88797],[12.48483,41.88739],[12.48328,41.88805],[12.48248,41.88727],[12.48221,41.88719],[12.48204,41.88716],[12.48284,41.88604],[12.48372,41.88604],[12.48467,41.88531],[12.48518,41.88521],[12.48649,41.88442],[12.48646,41.88425],[12.48787,41.88332],[12.48809,41.88324],[12.48905,41.88399],[12.48999,41.88449],[12.48948,41.88472],[12.48932,41.8851],[12.48979,41.88592],[12.48938,41.886],[12.49022,41.88892],[12.49022,41.88974],[12.49036,41.89026],[12.49086,41.89102],[12.49031,41.89128],[12.48748,41.89287],[12.48713,41.89249],[12.48532,41.8935],[12.48566,41.89392],[12.48469,41.89459],[12.48536,41.89515],[12.48476,41.89593],[12.48369,41.89585],[12.48356,41.89621],[12.48299,41.89608],[12.48271,41.89663],[12.48205,41.89655],[12.48222,41.89574],[12.48167,41.89529],[12.48101,41.89506]]],[[[12.49124,41.89079],[12.49105,41.89043],[12.49139,41.8898],[12.49171,41.88958],[12.49256,41.88941],[12.49366,41.88986],[12.49371,41.89028],[12.49265,41.89087],[12.49124,41.89079]]],[[[12.49036,41.88999],[12.49026,41.88969],[12.49091,41.88951],[12.49093,41.88998],[12.49036,41.88999]]]]},"properties":{"zona":"R41","linkzona":"RM00003281","fascia":"R","fascia_label":"Extraurbana","descr":"FORO ROMANO","semestre":"2025-S2","loc_min":null,"loc_max":null,"loc_mid":null,"nonres":true}},{"type":"Feature","geometry":{"type":"Polygon","coordinates":[[[12.52428,41.89724],[12.52546,41.89767],[12.52675,41.89828],[12.5288,41.89969],[12.53033,41.90084],[12.53064,41.90095],[12.53266,41.90433],[12.53289,41.90533],[12.53288,41.90608],[12.53262,41.90732],[12.53229,41.90827],[12.5322,41.9084],[12.52875,41.90839],[12.52578,41.90817],[12.52418,41.90757],[12.52314,41.90684],[12.52157,41.90538],[12.51992,41.90357],[12.51685,41.90603],[12.51701,41.90615],[12.51372,41.90879],[12.5136,41.909],[12.51229,41.90897],[12.512,41.90909],[12.51135,41.90893],[12.51129,41.90866],[12.508,41.90899],[12.50437,41.90799],[12.50455,41.90804],[12.50636,41.90439],[12.50713,41.90379],[12.50715,41.9029],[12.50692,41.90249],[12.50577,41.90164],[12.50489,41.9009],[12.50616,41.90012],[12.50605,41.89991],[12.50806,41.89865],[12.50827,41.89881],[12.50899,41.89839],[12.50931,41.89864],[12.50886,41.89931],[12.50912,41.89956],[12.50857,41.90037],[12.50901,41.90058],[12.51132,41.90093],[12.51202,41.90123],[12.51254,41.90118],[12.51396,41.90047],[12.51838,41.90199],[12.51925,41.90306],[12.52026,41.90269],[12.52013,41.9021],[12.52069,41.89945],[12.52055,41.899],[12.51998,41.8982],[12.52034,41.8971],[12.52101,41.89737],[12.52127,41.8972],[12.52209,41.89732],[12.52283,41.89712],[12.52428,41.89724]]]},"properties":{"zona":"R11","linkzona":"RM00001482","fascia":"R","fascia_label":"Extraurbana","descr":"VERANO-UNIVERSITA` POLICLINICO","semestre":"2025-S2","loc_min":null,"loc_max":null,"loc_mid":null,"nonres":true}},{"type":"Feature","geometry":{"type":"Polygon","coordinates":[[[12.42202,41.93856],[12.42346,41.93687],[12.42369,41.93682],[12.42456,41.93725],[12.42674,41.93526],[12.42825,41.93633],[12.42978,41.93696],[12.43116,41.93678],[12.43216,41.93684],[12.43296,41.93802],[12.43517,41.94102],[12.43434,41.94158],[12.43309,41.94095],[12.43259,41.9403],[12.43175,41.94155],[12.43141,41.94176],[12.43117,41.94276],[12.43269,41.944],[12.43356,41.9449],[12.4345,41.94632],[12.43564,41.94715],[12.43579,41.94741],[12.43719,41.94886],[12.43714,41.94906],[12.43852,41.95055],[12.43889,41.95081],[12.43972,41.952],[12.44115,41.95261],[12.43968,41.95355],[12.44163,41.95569],[12.44371,41.95789],[12.44239,41.95908],[12.44264,41.95945],[12.44146,41.96022],[12.44133,41.96063],[12.44026,41.96075],[12.43971,41.96085],[12.4385,41.96054],[12.43766,41.96002],[12.43703,41.95945],[12.43548,41.95868],[12.4348,41.95936],[12.43297,41.9599],[12.43273,41.95984],[12.43131,41.9601],[12.4306,41.96059],[12.42915,41.96062],[12.42779,41.96121],[12.42721,41.96124],[12.426,41.96233],[12.42547,41.96218],[12.42225,41.96231],[12.42189,41.96096],[12.42076,41.95951],[12.41907,41.96001],[12.41802,41.96048],[12.41678,41.96028],[12.41769,41.95727],[12.41791,41.95614],[12.41776,41.9546],[12.4183,41.95379],[12.41253,41.95149],[12.41248,41.95074],[12.41287,41.95026],[12.41397,41.94923],[12.41477,41.94828],[12.41637,41.947],[12.41755,41.94576],[12.41725,41.94541],[12.41569,41.94406],[12.41516,41.94369],[12.41444,41.94278],[12.41473,41.9424],[12.41541,41.94241],[12.41841,41.94362],[12.41963,41.94143],[12.42202,41.93856]]]},"properties":{"zona":"D69","linkzona":"RM00002749","fascia":"D","fascia_label":"Periferica","descr":"MONTE MARIO ALTO (VIA AUGUSTO CONTI)","semestre":"2025-S2","loc_min":11.3,"loc_max":16.3,"loc_mid":13.8,"sale_min":2500.0,"sale_max":3600.0,"sup":"L","tipologia":"Abitazioni civili","stato":"NORMALE"}},{"type":"Feature","geometry":{"type":"Polygon","coordinates":[[[12.43178,41.92525],[12.43207,41.92515],[12.43236,41.92602],[12.43243,41.92675],[12.43232,41.92743],[12.43236,41.92827],[12.43141,41.92931],[12.43235,41.933],[12.43295,41.93443],[12.43177,41.93462],[12.43202,41.9352],[12.43116,41.93604],[12.43116,41.93678],[12.42978,41.93696],[12.42825,41.93633],[12.42674,41.93526],[12.4264,41.93275],[12.42661,41.93195],[12.42749,41.93049],[12.42751,41.92954],[12.42679,41.92772],[12.4274,41.92771],[12.42888,41.92686],[12.42969,41.92681],[12.42978,41.92618],[12.43069,41.92565],[12.43178,41.92525]]]},"properties":{"zona":"R16","linkzona":"RM00001487","fascia":"R","fascia_label":"Extraurbana","descr":"GEMELLI","semestre":"2025-S2","loc_min":null,"loc_max":null,"loc_mid":null,"nonres":true}},{"type":"Feature","geometry":{"type":"Polygon","coordinates":[[[12.58102,41.89371],[12.58097,41.89333],[12.5799,41.8928],[12.57958,41.89227],[12.57875,41.89232],[12.57871,41.89172],[12.57837,41.89135],[12.57825,41.89032],[12.5787,41.89027],[12.57915,41.88927],[12.57961,41.88854],[12.58056,41.88809],[12.58092,41.88554],[12.58169,41.87941],[12.58426,41.87948],[12.5885,41.87997],[12.58972,41.88016],[12.59138,41.88005],[12.59155,41.88029],[12.59187,41.88164],[12.59219,41.88213],[12.59305,41.88353],[12.5931,41.88381],[12.59265,41.88422],[12.59176,41.88445],[12.59143,41.88469],[12.59064,41.8861],[12.59056,41.88638],[12.59111,41.89403],[12.59108,41.89412],[12.58896,41.89419],[12.58779,41.89409],[12.58325,41.89353],[12.58231,41.89353],[12.58102,41.89371]]]},"properties":{"zona":"D63","linkzona":"RM00001104","fascia":"D","fascia_label":"Periferica","descr":"TOR TRE TESTE (VIA DAVIDE CAMPARI)","semestre":"2025-S2","loc_min":9.0,"loc_max":13.5,"loc_mid":11.25,"sale_min":2050.0,"sale_max":3000.0,"sup":"L","tipologia":"Abitazioni civili","stato":"NORMALE"}},{"type":"Feature","geometry":{"type":"Polygon","coordinates":[[[12.54951,41.85375],[12.54814,41.85387],[12.54799,41.8541],[12.54681,41.85861],[12.5476,41.85863],[12.54748,41.85899],[12.54693,41.85926],[12.5451,41.86248],[12.54519,41.86276],[12.54405,41.86482],[12.54352,41.86564],[12.54174,41.86898],[12.54037,41.87141],[12.53991,41.87084],[12.53838,41.86926],[12.53801,41.86917],[12.53752,41.8685],[12.53391,41.86478],[12.53291,41.86369],[12.53284,41.86278],[12.53258,41.86261],[12.53195,41.86365],[12.53177,41.86364],[12.5328,41.86194],[12.53212,41.86168],[12.53042,41.86217],[12.52796,41.85767],[12.5269,41.85826],[12.52416,41.85932],[12.52366,41.85741],[12.52283,41.85704],[12.52154,41.85663],[12.52133,41.85669],[12.52364,41.85582],[12.52521,41.85533],[12.52579,41.8548],[12.5273,41.85192],[12.52763,41.85166],[12.52889,41.85113],[12.5302,41.8507],[12.53193,41.85082],[12.53347,41.85278],[12.53418,41.85229],[12.53478,41.85213],[12.53616,41.85199],[12.53638,41.8509],[12.53717,41.85018],[12.53831,41.85019],[12.53874,41.85058],[12.53936,41.85078],[12.5401,41.85069],[12.54055,41.85107],[12.54159,41.85129],[12.54263,41.8517],[12.54387,41.85184],[12.54426,41.85205],[12.54545,41.85223],[12.5465,41.85265],[12.54907,41.85048],[12.55012,41.85076],[12.55051,41.85113],[12.55057,41.85211],[12.55027,41.85248],[12.54952,41.853],[12.54951,41.85375]]]},"properties":{"zona":"D54","linkzona":"RM00001095","fascia":"D","fascia_label":"Periferica","descr":"ARCO DI TRAVERTINO-TOR FISCALE (VIA DEMETRIADE)","semestre":"2025-S2","loc_min":10.5,"loc_max":14.8,"loc_mid":12.65,"sale_min":2550.0,"sale_max":3700.0,"sup":"L","tipologia":"Abitazioni civili","stato":"NORMALE"}},{"type":"Feature","geometry":{"type":"Polygon","coordinates":[[[12.56138,41.82237],[12.5616,41.82394],[12.56183,41.82429],[12.56176,41.82459],[12.56056,41.8254],[12.55948,41.82649],[12.55835,41.82774],[12.55402,41.83239],[12.55136,41.83599],[12.55117,41.83614],[12.55057,41.83654],[12.54847,41.8377],[12.54648,41.83888],[12.54571,41.83949],[12.54536,41.83936],[12.54263,41.83911],[12.54166,41.83761],[12.5396,41.83888],[12.539,41.84115],[12.53999,41.84215],[12.539,41.84278],[12.53983,41.84358],[12.53818,41.84471],[12.53634,41.84558],[12.53581,41.84604],[12.53402,41.84785],[12.5302,41.8507],[12.52889,41.85113],[12.52763,41.85166],[12.5273,41.85192],[12.52579,41.8548],[12.52521,41.85533],[12.52364,41.85582],[12.52133,41.85669],[12.51728,41.85814],[12.51662,41.85833],[12.51615,41.86046],[12.51444,41.86104],[12.51416,41.86086],[12.5134,41.86151],[12.51358,41.86165],[12.51263,41.86235],[12.51341,41.86291],[12.51307,41.86318],[12.51373,41.86459],[12.5122,41.86491],[12.51017,41.86519],[12.50928,41.86593],[12.50851,41.8652],[12.50821,41.86515],[12.50725,41.86568],[12.50588,41.8661],[12.50513,41.86574],[12.50363,41.86625],[12.50406,41.86482],[12.50419,41.86403],[12.50503,41.86209],[12.50531,41.86113],[12.50634,41.86028],[12.5078,41.85944],[12.5091,41.85816],[12.51016,41.85784],[12.51069,41.85695],[12.51112,41.85562],[12.51234,41.85457],[12.51371,41.85283],[12.51475,41.85114],[12.5154,41.84936],[12.51555,41.84858],[12.51566,41.84812],[12.51619,41.84696],[12.51644,41.84579],[12.5164,41.84528],[12.51553,41.84384],[12.51552,41.8433],[12.51611,41.84199],[12.51808,41.8393],[12.51877,41.83757],[12.51883,41.83615],[12.51851,41.83505],[12.5178,41.83379],[12.51736,41.83184],[12.51733,41.83142],[12.51783,41.83049],[12.51826,41.82889],[12.51836,41.82722],[12.51817,41.82682],[12.51801,41.82462],[12.51808,41.82418],[12.51847,41.82446],[12.51976,41.82491],[12.52073,41.82515],[12.52345,41.82599],[12.52562,41.8241],[12.52571,41.82327],[12.52551,41.8209],[12.53012,41.8166],[12.53222,41.81822],[12.53389,41.81989],[12.53552,41.82194],[12.53703,41.82309],[12.54568,41.82269],[12.54711,41.82402],[12.54937,41.82191],[12.5497,41.82185],[12.55058,41.82264],[12.55229,41.82367],[12.55607,41.8203],[12.55674,41.82056],[12.55847,41.82198],[12.55923,41.82217],[12.56054,41.82193],[12.56108,41.822],[12.56138,41.82237]]]},"properties":{"zona":"D37","linkzona":"RM00000803","fascia":"D","fascia_label":"Periferica","descr":"APPIA ANTICA (VIA DI TOR CARBONE)","semestre":"2025-S2","loc_min":10.8,"loc_max":16.0,"loc_mid":13.4,"sale_min":3000.0,"sale_max":4400.0,"sup":"L","tipologia":"Abitazioni civili","stato":"NORMALE"}},{"type":"Feature","geometry":{"type":"Polygon","coordinates":[[[12.64012,41.8631],[12.63984,41.86314],[12.63762,41.86378],[12.63624,41.86394],[12.63504,41.86382],[12.63381,41.86346],[12.63221,41.86318],[12.62928,41.86299],[12.62943,41.86262],[12.63011,41.86258],[12.63057,41.86127],[12.63056,41.86099],[12.62983,41.86048],[12.62972,41.86036],[12.62967,41.86032],[12.62968,41.86029],[12.62996,41.86019],[12.63204,41.85956],[12.63218,41.85973],[12.63377,41.85888],[12.63439,41.85985],[12.63484,41.85964],[12.63524,41.85866],[12.63612,41.85881],[12.63649,41.85766],[12.64021,41.85361],[12.64073,41.85369],[12.64145,41.85313],[12.64167,41.85245],[12.64145,41.85172],[12.64223,41.85096],[12.64396,41.85058],[12.64422,41.84996],[12.64472,41.84957],[12.64704,41.84881],[12.6473,41.84861],[12.6487,41.84828],[12.6496,41.84861],[12.65113,41.85034],[12.65261,41.85167],[12.652,41.85124],[12.64928,41.85347],[12.65051,41.85433],[12.65053,41.8545],[12.64979,41.85509],[12.64865,41.85622],[12.64965,41.8569],[12.64914,41.85738],[12.64978,41.85774],[12.64889,41.85858],[12.64996,41.85924],[12.64664,41.86235],[12.64461,41.86237],[12.64352,41.86246],[12.6429,41.86275],[12.64012,41.8631]]]},"properties":{"zona":"E28","linkzona":"RM00000099","fascia":"E","fascia_label":"Suburbana","descr":"TORRE GAIA-VILLAGGIO BREDA (VIA DI GROTTE CELONI)","semestre":"2025-S2","loc_min":7.0,"loc_max":10.5,"loc_mid":8.75,"sale_min":1850.0,"sale_max":2700.0,"sup":"L","tipologia":"Abitazioni civili","stato":"NORMALE"}},{"type":"Feature","geometry":{"type":"Polygon","coordinates":[[[12.5575,41.90349],[12.55687,41.90541],[12.55688,41.90592],[12.55659,41.90655],[12.55627,41.90784],[12.5556,41.9094],[12.55403,41.91146],[12.55366,41.91217],[12.55366,41.91216],[12.55299,41.91212],[12.55215,41.91181],[12.55091,41.91157],[12.54924,41.91085],[12.54603,41.90915],[12.54535,41.90891],[12.54546,41.90862],[12.54665,41.90661],[12.54704,41.90488],[12.54662,41.90473],[12.54734,41.90359],[12.5476,41.90247],[12.54415,41.90364],[12.54284,41.89958],[12.54512,41.89977],[12.54799,41.90032],[12.54776,41.90075],[12.54845,41.90106],[12.54871,41.90137],[12.5498,41.90174],[12.55041,41.90165],[12.55273,41.90225],[12.55472,41.90276],[12.55641,41.90306],[12.55694,41.90297],[12.5575,41.90349]]]},"properties":{"zona":"D49","linkzona":"RM00001090","fascia":"D","fascia_label":"Periferica","descr":"CASAL BRUCIATO (VIA C. FACCHINETTI)","semestre":"2025-S2","loc_min":10.3,"loc_max":14.0,"loc_mid":12.15,"sale_min":2400.0,"sale_max":3300.0,"sup":"L","tipologia":"Abitazioni civili","stato":"NORMALE"}},{"type":"Feature","geometry":{"type":"Polygon","coordinates":[[[12.44051,41.7991],[12.44434,41.80169],[12.44394,41.80207],[12.4434,41.80203],[12.4399,41.80251],[12.43892,41.8026],[12.43754,41.80269],[12.43659,41.80291],[12.43409,41.80327],[12.43253,41.80368],[12.42903,41.80484],[12.42825,41.80486],[12.42704,41.80558],[12.42582,41.80586],[12.42488,41.80627],[12.42268,41.80673],[12.42174,41.80729],[12.42135,41.80716],[12.41999,41.80769],[12.42005,41.80783],[12.41843,41.80807],[12.4176,41.80479],[12.41703,41.80202],[12.41615,41.80065],[12.41722,41.80027],[12.41757,41.80093],[12.4183,41.80056],[12.41832,41.79995],[12.4175,41.79939],[12.41745,41.7991],[12.41787,41.79758],[12.41818,41.79708],[12.41963,41.79535],[12.42048,41.79363],[12.42036,41.79358],[12.42118,41.79184],[12.42269,41.78994],[12.42406,41.78938],[12.42494,41.78887],[12.42506,41.78889],[12.43082,41.7928],[12.43082,41.79283],[12.44036,41.79923],[12.44051,41.7991]]]},"properties":{"zona":"E184","linkzona":"RM00003341","fascia":"E","fascia_label":"Suburbana","descr":"MEZZOCAMMINO (VIA DI MEZZOCAMMINO)","semestre":"2025-S2","loc_min":11.3,"loc_max":15.0,"loc_mid":13.15,"sale_min":3100.0,"sale_max":4100.0,"sup":"L","tipologia":"Abitazioni civili","stato":"NORMALE"}},{"type":"Feature","geometry":{"type":"Polygon","coordinates":[[[12.3606,41.78413],[12.36009,41.78412],[12.35926,41.7838],[12.35587,41.78199],[12.35639,41.7814],[12.35526,41.78091],[12.35198,41.77966],[12.35012,41.77902],[12.35019,41.77892],[12.35178,41.77655],[12.35197,41.77648],[12.3554,41.7712],[12.35769,41.76745],[12.36011,41.76827],[12.36949,41.7715],[12.37157,41.7722],[12.37207,41.77244],[12.37332,41.77084],[12.37341,41.7706],[12.37453,41.76982],[12.38276,41.76519],[12.38287,41.76499],[12.38319,41.76475],[12.38439,41.76567],[12.39672,41.77515],[12.39704,41.77537],[12.39732,41.77584],[12.40735,41.78351],[12.40615,41.78509],[12.40547,41.78552],[12.40324,41.78765],[12.40245,41.78819],[12.40097,41.78866],[12.40049,41.78864],[12.40016,41.78918],[12.39968,41.78949],[12.39915,41.79179],[12.39899,41.79221],[12.3991,41.79304],[12.39851,41.79492],[12.38946,41.7931],[12.38717,41.79268],[12.38713,41.79243],[12.38417,41.79177],[12.38201,41.79145],[12.38067,41.79106],[12.37551,41.78913],[12.37445,41.78887],[12.37431,41.78902],[12.37317,41.78867],[12.37191,41.78813],[12.3698,41.78741],[12.36948,41.78749],[12.36853,41.78716],[12.36863,41.78698],[12.36471,41.78567],[12.36431,41.78546],[12.3606,41.78413]]]},"properties":{"zona":"E33","linkzona":"RM00000105","fascia":"E","fascia_label":"Suburbana","descr":"ACILIA SUD (VIA DI PRATO CORNELIO)","semestre":"2025-S2","loc_min":10.0,"loc_max":13.3,"loc_mid":11.65,"sale_min":1950.0,"sale_max":2550.0,"sup":"L","tipologia":"Abitazioni civili","stato":"NORMALE"}},{"type":"Feature","geometry":{"type":"Polygon","coordinates":[[[12.54987,41.87262],[12.54976,41.87314],[12.54981,41.87371],[12.55061,41.87388],[12.55158,41.87484],[12.55268,41.87436],[12.55417,41.87621],[12.55214,41.87687],[12.54969,41.87742],[12.54658,41.87826],[12.54493,41.8788],[12.54208,41.88011],[12.53853,41.8813],[12.53755,41.88149],[12.53741,41.88191],[12.53593,41.8825],[12.53544,41.88218],[12.53457,41.88261],[12.53369,41.88283],[12.53215,41.88356],[12.53165,41.88391],[12.53145,41.88372],[12.5336,41.88227],[12.5348,41.88113],[12.53578,41.87983],[12.53819,41.87558],[12.53958,41.87294],[12.5404,41.87143],[12.54069,41.87188],[12.5409,41.87265],[12.54114,41.87421],[12.54214,41.87353],[12.54337,41.8724],[12.54393,41.87231],[12.54597,41.87246],[12.54825,41.87237],[12.54827,41.87251],[12.54987,41.87262]]]},"properties":{"zona":"D2","linkzona":"RM00000139","fascia":"D","fascia_label":"Periferica","descr":"TOR PIGNATTARA (VIA DI TOR PIGNATTARA)","semestre":"2025-S2","loc_min":9.8,"loc_max":14.5,"loc_mid":12.15,"sale_min":2350.0,"sale_max":3500.0,"sup":"L","tipologia":"Abitazioni civili","stato":"NORMALE"}},{"type":"Feature","geometry":{"type":"Polygon","coordinates":[[[12.46229,41.81687],[12.46195,41.81699],[12.46237,41.81792],[12.46241,41.81851],[12.46192,41.81882],[12.45948,41.82136],[12.45503,41.82619],[12.45482,41.82658],[12.45432,41.82687],[12.4537,41.82773],[12.4529,41.82781],[12.4509,41.82622],[12.44835,41.82457],[12.4479,41.82534],[12.448,41.826],[12.44703,41.82638],[12.44668,41.82618],[12.44565,41.82672],[12.44521,41.82624],[12.44402,41.8254],[12.44143,41.82341],[12.44461,41.82012],[12.44448,41.82006],[12.44417,41.8195],[12.44408,41.81887],[12.44422,41.81817],[12.44394,41.81767],[12.44411,41.81744],[12.44315,41.81599],[12.44299,41.81602],[12.44233,41.81478],[12.44196,41.81441],[12.44147,41.81315],[12.44142,41.813],[12.44132,41.81294],[12.44166,41.813],[12.44252,41.81295],[12.44319,41.81251],[12.44452,41.81235],[12.44508,41.81153],[12.44591,41.81116],[12.44643,41.81026],[12.44683,41.81022],[12.44765,41.81049],[12.44846,41.80992],[12.44918,41.80996],[12.45012,41.81034],[12.45109,41.81041],[12.45237,41.80996],[12.45292,41.81003],[12.45362,41.80881],[12.45332,41.80802],[12.45377,41.80743],[12.45462,41.80755],[12.45537,41.807],[12.45613,41.8068],[12.45623,41.80676],[12.45625,41.80681],[12.45624,41.80683],[12.45624,41.80686],[12.45649,41.80708],[12.45875,41.81091],[12.46095,41.81437],[12.46229,41.81687]]]},"properties":{"zona":"D80","linkzona":"RM00003624","fascia":"D","fascia_label":"Periferica","descr":"TORRINO NORD-CITTA` D`EUROPA (VIA DELLE COSTELLAZIONI)","semestre":"2025-S2","loc_min":11.3,"loc_max":16.8,"loc_mid":14.05,"sale_min":3400.0,"sale_max":4800.0,"sup":"L","tipologia":"Abitazioni civili","stato":"NORMALE"}},{"type":"Feature","geometry":{"type":"Polygon","coordinates":[[[12.37356,41.86563],[12.37346,41.86447],[12.37378,41.86334],[12.37423,41.86212],[12.37558,41.85909],[12.37587,41.8586],[12.3779,41.85389],[12.37857,41.85246],[12.37865,41.85228],[12.38317,41.85386],[12.38489,41.85361],[12.38541,41.85365],[12.38673,41.85412],[12.38819,41.85529],[12.38905,41.85502],[12.38985,41.85506],[12.39011,41.85475],[12.39153,41.85546],[12.39519,41.85675],[12.39617,41.85759],[12.39757,41.85739],[12.39878,41.85634],[12.39847,41.8554],[12.39891,41.85383],[12.39905,41.85297],[12.39881,41.85203],[12.39925,41.85141],[12.39941,41.85085],[12.3993,41.85041],[12.39984,41.85037],[12.40022,41.84967],[12.40064,41.84928],[12.40153,41.84779],[12.40235,41.84788],[12.40337,41.8487],[12.40356,41.84933],[12.40422,41.84987],[12.40629,41.85099],[12.4066,41.85131],[12.40774,41.85408],[12.40824,41.85464],[12.40983,41.85573],[12.41095,41.85659],[12.41216,41.85726],[12.41334,41.85776],[12.41629,41.86027],[12.41941,41.86019],[12.41949,41.86055],[12.42011,41.86159],[12.42118,41.863],[12.42349,41.86566],[12.42353,41.86623],[12.42297,41.86717],[12.42297,41.86824],[12.42237,41.86917],[12.42232,41.8696],[12.4226,41.87074],[12.42244,41.87218],[12.42262,41.87318],[12.42294,41.87401],[12.42353,41.87461],[12.42544,41.87586],[12.42625,41.87695],[12.42614,41.87699],[12.42678,41.87933],[12.42632,41.88058],[12.42526,41.88212],[12.42287,41.88543],[12.42179,41.88612],[12.42134,41.88799],[12.42167,41.88852],[12.41935,41.88844],[12.41618,41.88873],[12.41297,41.8887],[12.41222,41.88878],[12.41108,41.88943],[12.41099,41.88984],[12.40882,41.88956],[12.40821,41.88912],[12.40616,41.88863],[12.40457,41.88804],[12.40273,41.88685],[12.40223,41.88659],[12.39731,41.88466],[12.39651,41.8844],[12.39441,41.88423],[12.39379,41.88394],[12.39202,41.88391],[12.39211,41.8842],[12.39118,41.8845],[12.38949,41.8854],[12.38844,41.88565],[12.38694,41.88642],[12.38584,41.88634],[12.38455,41.88584],[12.38439,41.88599],[12.38276,41.88531],[12.38122,41.88442],[12.38097,41.88312],[12.38143,41.88262],[12.38083,41.88158],[12.38064,41.88034],[12.38042,41.88015],[12.38042,41.8792],[12.37975,41.87754],[12.37888,41.87611],[12.37855,41.87593],[12.37694,41.8729],[12.3761,41.87152],[12.37577,41.87122],[12.37418,41.86797],[12.37359,41.86608],[12.37356,41.86563]]]},"properties":{"zona":"D76","linkzona":"RM00003361","fascia":"D","fascia_label":"Periferica","descr":"PISANA-BRAVETTA (VIA DEI GONZAGA)","semestre":"2025-S2","loc_min":10.3,"loc_max":14.5,"loc_mid":12.4,"sale_min":2250.0,"sale_max":3200.0,"sup":"L","tipologia":"Abitazioni civili","stato":"NORMALE"}},{"type":"Feature","geometry":{"type":"Polygon","coordinates":[[[12.28056,42.11892],[12.28122,42.1169],[12.28152,42.11452],[12.28172,42.11386],[12.2818,42.11275],[12.28169,42.11229],[12.28235,42.11208],[12.28306,42.11147],[12.28446,42.11063],[12.28463,42.11022],[12.28615,42.11027],[12.28648,42.11043],[12.28624,42.11092],[12.28631,42.11144],[12.28603,42.11266],[12.28649,42.11279],[12.28788,42.11246],[12.28786,42.11345],[12.28987,42.11459],[12.28999,42.11405],[12.29191,42.1125],[12.2931,42.11257],[12.29392,42.11232],[12.2935,42.11129],[12.29456,42.11114],[12.29533,42.11116],[12.29707,42.111],[12.29808,42.11068],[12.29894,42.11081],[12.30032,42.11125],[12.30078,42.11173],[12.30125,42.11171],[12.30168,42.11199],[12.3022,42.10936],[12.30186,42.10892],[12.3022,42.10835],[12.30288,42.10793],[12.30297,42.10697],[12.30364,42.10619],[12.30427,42.10572],[12.30494,42.10504],[12.30568,42.10394],[12.30693,42.10346],[12.30769,42.10472],[12.30812,42.10583],[12.31524,42.11363],[12.31576,42.11485],[12.32325,42.11441],[12.3238,42.11472],[12.32457,42.11487],[12.3254,42.11465],[12.33277,42.11313],[12.33396,42.1132],[12.33486,42.11273],[12.33522,42.11275],[12.33667,42.1124],[12.33671,42.11307],[12.33628,42.11408],[12.33563,42.11497],[12.33522,42.11663],[12.33566,42.11764],[12.33604,42.11893],[12.33675,42.12025],[12.33678,42.12097],[12.33699,42.12232],[12.33682,42.12262],[12.33198,42.12507],[12.32883,42.12523],[12.32598,42.12935],[12.32039,42.12978],[12.32039,42.13031],[12.32064,42.13531],[12.31862,42.13721],[12.31721,42.13532],[12.31657,42.13562],[12.3139,42.1373],[12.31309,42.13752],[12.31222,42.13814],[12.31027,42.13912],[12.30897,42.13998],[12.30727,42.14092],[12.30573,42.14022],[12.30428,42.13892],[12.30289,42.13852],[12.30192,42.13784],[12.301,42.13668],[12.30168,42.13589],[12.30051,42.13526],[12.30007,42.13634],[12.2996,42.1371],[12.29838,42.13608],[12.29608,42.13488],[12.29456,42.13682],[12.29357,42.13787],[12.293,42.13764],[12.29228,42.13693],[12.29146,42.13706],[12.29056,42.13694],[12.28937,42.13655],[12.28806,42.13668],[12.28637,42.13602],[12.28526,42.13569],[12.28508,42.13542],[12.28414,42.13464],[12.28411,42.13411],[12.28452,42.13355],[12.28445,42.13308],[12.28554,42.13123],[12.28536,42.1304],[12.28547,42.12864],[12.28486,42.12746],[12.28497,42.12676],[12.28454,42.12598],[12.28419,42.1239],[12.28327,42.1229],[12.28303,42.12207],[12.28238,42.12132],[12.28176,42.12033],[12.28118,42.11988],[12.28056,42.11892]]]},"properties":{"zona":"R2","linkzona":"RM00001262","fascia":"R","fascia_label":"Extraurbana","descr":"RISERVA NATURALE MARTIGNANO-BRACCIANO","semestre":"2025-S2","loc_min":null,"loc_max":null,"loc_mid":null,"nonres":true}},{"type":"Feature","geometry":{"type":"Polygon","coordinates":[[[12.42202,41.93856],[12.41963,41.94143],[12.41841,41.94362],[12.41541,41.94241],[12.41473,41.9424],[12.41444,41.94278],[12.41516,41.94369],[12.41569,41.94406],[12.41725,41.94541],[12.41755,41.94576],[12.41637,41.947],[12.41477,41.94828],[12.41397,41.94923],[12.41287,41.95026],[12.41261,41.94993],[12.40532,41.94425],[12.4045,41.94408],[12.40266,41.94302],[12.40168,41.94261],[12.40049,41.94225],[12.39905,41.94234],[12.39927,41.94192],[12.39883,41.94053],[12.39849,41.94028],[12.39832,41.93918],[12.39803,41.93874],[12.39871,41.93895],[12.39926,41.93881],[12.40015,41.93889],[12.40055,41.93852],[12.40436,41.93673],[12.40437,41.93745],[12.40519,41.93751],[12.40583,41.93787],[12.40599,41.93729],[12.40571,41.9371],[12.40551,41.93604],[12.40571,41.93546],[12.40681,41.93543],[12.40638,41.93474],[12.406,41.93441],[12.40546,41.93286],[12.40713,41.93322],[12.40798,41.93472],[12.4121,41.93339],[12.4128,41.93228],[12.41422,41.93271],[12.41488,41.9337],[12.41552,41.93442],[12.4161,41.93486],[12.41762,41.93552],[12.41804,41.93545],[12.41961,41.93696],[12.42024,41.93743],[12.42202,41.93856]]]},"properties":{"zona":"R19","linkzona":"RM00001490","fascia":"R","fascia_label":"Extraurbana","descr":"SANTA MARIA DELLA PIETA","semestre":"2025-S2","loc_min":null,"loc_max":null,"loc_mid":null,"nonres":true}},{"type":"Feature","geometry":{"type":"Polygon","coordinates":[[[12.46715,41.95185],[12.46677,41.95219],[12.46611,41.95504],[12.46575,41.95505],[12.46512,41.95609],[12.46556,41.9567],[12.46528,41.95699],[12.46502,41.95791],[12.46669,41.95803],[12.46551,41.95989],[12.46632,41.96176],[12.46788,41.96272],[12.46871,41.96369],[12.46977,41.96407],[12.47068,41.96465],[12.4717,41.96561],[12.4715,41.96574],[12.47035,41.96562],[12.4663,41.96704],[12.46491,41.96736],[12.46335,41.96727],[12.46088,41.96621],[12.45852,41.96487],[12.45756,41.96454],[12.45643,41.96459],[12.4549,41.96512],[12.45406,41.965],[12.45327,41.96553],[12.45282,41.96618],[12.45216,41.96683],[12.45158,41.96689],[12.45066,41.96652],[12.44971,41.96636],[12.44834,41.96578],[12.44796,41.96533],[12.44747,41.96554],[12.44597,41.96387],[12.44542,41.96397],[12.44398,41.96242],[12.44285,41.96132],[12.44209,41.96179],[12.44146,41.96114],[12.44133,41.96063],[12.44146,41.96022],[12.44264,41.95945],[12.44239,41.95908],[12.44371,41.95789],[12.4441,41.95776],[12.44537,41.95775],[12.44595,41.95744],[12.44604,41.95709],[12.44681,41.95674],[12.44868,41.95696],[12.44998,41.95633],[12.45106,41.95489],[12.45157,41.95446],[12.45278,41.95387],[12.45389,41.95357],[12.45514,41.953],[12.45631,41.95289],[12.45711,41.95319],[12.45791,41.95302],[12.45904,41.95258],[12.46036,41.95155],[12.46108,41.95131],[12.46311,41.95103],[12.4645,41.95104],[12.46485,41.95127],[12.46665,41.95161],[12.46715,41.95185]]]},"properties":{"zona":"D31","linkzona":"RM00000192","fascia":"D","fascia_label":"Periferica","descr":"CASSIA DUE PONTI (VIA ORIOLO ROMANO)","semestre":"2025-S2","loc_min":11.5,"loc_max":16.0,"loc_mid":13.75,"sale_min":2300.0,"sale_max":3400.0,"sup":"L","tipologia":"Abitazioni civili","stato":"NORMALE"}},{"type":"Feature","geometry":{"type":"MultiPolygon","coordinates":[[[[12.54032,41.95545],[12.53983,41.95565],[12.53946,41.95437],[12.54004,41.95262],[12.54036,41.95251],[12.54037,41.95092],[12.54053,41.94907],[12.54164,41.94836],[12.54235,41.94745],[12.54231,41.94717],[12.54269,41.94647],[12.54256,41.94566],[12.54284,41.94429],[12.54255,41.94405],[12.54264,41.94347],[12.54709,41.94358],[12.54732,41.94298],[12.54613,41.93878],[12.54611,41.93848],[12.54691,41.9389],[12.54793,41.93928],[12.54928,41.93954],[12.55111,41.9403],[12.55255,41.94126],[12.55757,41.94315],[12.5594,41.94399],[12.56568,41.94646],[12.56579,41.94648],[12.56766,41.94721],[12.56865,41.94773],[12.56907,41.94814],[12.57003,41.94941],[12.57173,41.95216],[12.57093,41.95251],[12.57046,41.95254],[12.56797,41.95224],[12.56729,41.95202],[12.56472,41.95191],[12.56448,41.95211],[12.56336,41.95218],[12.56224,41.95214],[12.56125,41.95187],[12.56093,41.95191],[12.5597,41.9517],[12.55639,41.95056],[12.55545,41.95032],[12.55331,41.95097],[12.55442,41.95287],[12.55453,41.95324],[12.55333,41.95335],[12.55246,41.95319],[12.55142,41.95344],[12.55036,41.95198],[12.54949,41.95245],[12.54984,41.95285],[12.54519,41.95526],[12.54499,41.95431],[12.54468,41.95385],[12.54412,41.95347],[12.54354,41.95377],[12.54205,41.95426],[12.54032,41.95545]]],[[[12.54468,41.93762],[12.54467,41.93761],[12.54466,41.93761],[12.5446,41.93757],[12.54445,41.93749],[12.54452,41.93751],[12.54467,41.93762],[12.54468,41.93762]]]]},"properties":{"zona":"D27","linkzona":"RM00000144","fascia":"D","fascia_label":"Periferica","descr":"TALENTI (VIA UGO OJETTI)","semestre":"2025-S2","loc_min":11.0,"loc_max":15.3,"loc_mid":13.15,"sale_min":2700.0,"sale_max":3700.0,"sup":"L","tipologia":"Abitazioni civili","stato":"NORMALE"}},{"type":"Feature","geometry":{"type":"Polygon","coordinates":[[[12.45239,41.86203],[12.45288,41.86227],[12.4538,41.86304],[12.45565,41.86408],[12.45802,41.8649],[12.45964,41.86571],[12.46142,41.86641],[12.46057,41.86842],[12.46044,41.86901],[12.4605,41.86969],[12.46082,41.87029],[12.45973,41.87158],[12.45927,41.87164],[12.45953,41.87133],[12.45855,41.87094],[12.45343,41.87004],[12.45298,41.8703],[12.4525,41.86923],[12.45187,41.86833],[12.45162,41.86834],[12.45137,41.8677],[12.45117,41.8674],[12.44954,41.86618],[12.44927,41.86546],[12.45008,41.86402],[12.45039,41.86369],[12.45239,41.86203]]]},"properties":{"zona":"R12","linkzona":"RM00001483","fascia":"R","fascia_label":"Extraurbana","descr":"OSPEDALI SAN CAMILLO FORLANINI","semestre":"2025-S2","loc_min":null,"loc_max":null,"loc_mid":null,"nonres":true}},{"type":"Feature","geometry":{"type":"Polygon","coordinates":[[[12.54952,41.867],[12.54924,41.86618],[12.5499,41.86537],[12.54989,41.86537],[12.55002,41.86466],[12.54746,41.86426],[12.54743,41.86378],[12.54801,41.86378],[12.54852,41.8635],[12.55048,41.86293],[12.55248,41.86197],[12.55713,41.85954],[12.55884,41.85852],[12.56229,41.85657],[12.56749,41.85375],[12.56766,41.85334],[12.5696,41.85196],[12.5702,41.85243],[12.57093,41.85336],[12.57136,41.85432],[12.57151,41.8552],[12.57131,41.85729],[12.57095,41.85881],[12.57018,41.8608],[12.5685,41.86439],[12.56786,41.86433],[12.56753,41.8654],[12.5674,41.86698],[12.56753,41.868],[12.56623,41.86813],[12.56356,41.86863],[12.56234,41.86983],[12.56115,41.8707],[12.56088,41.87057],[12.55672,41.87167],[12.55431,41.87016],[12.54991,41.8732],[12.54976,41.87314],[12.54987,41.87262],[12.55048,41.86901],[12.55076,41.86852],[12.54938,41.86753],[12.54952,41.867]]]},"properties":{"zona":"D19","linkzona":"RM00000138","fascia":"D","fascia_label":"Periferica","descr":"CINECITTA` DON BOSCO (PIAZZA S.GIOVANNI BOSCO)","semestre":"2025-S2","loc_min":10.0,"loc_max":14.5,"loc_mid":12.25,"sale_min":2450.0,"sale_max":3400.0,"sup":"L","tipologia":"Abitazioni civili","stato":"NORMALE"}},{"type":"Feature","geometry":{"type":"Polygon","coordinates":[[[12.40935,41.84334],[12.41177,41.84478],[12.41315,41.84595],[12.41388,41.84685],[12.41372,41.84694],[12.41446,41.84798],[12.41368,41.84801],[12.41242,41.84788],[12.41175,41.84676],[12.41052,41.84658],[12.41038,41.84604],[12.40998,41.84598],[12.40866,41.84645],[12.40919,41.84773],[12.40891,41.84915],[12.41059,41.85251],[12.41132,41.85346],[12.41216,41.85423],[12.41341,41.85512],[12.41405,41.85461],[12.41731,41.85314],[12.41671,41.85157],[12.41648,41.85065],[12.41563,41.84868],[12.41544,41.84873],[12.41462,41.84758],[12.41468,41.84738],[12.41574,41.84761],[12.41755,41.84764],[12.4191,41.84795],[12.42086,41.8491],[12.42149,41.84965],[12.42204,41.85015],[12.42288,41.85063],[12.42429,41.85105],[12.42661,41.8512],[12.42832,41.85115],[12.42961,41.85125],[12.43089,41.85157],[12.43112,41.85213],[12.42996,41.85285],[12.42939,41.85296],[12.42977,41.85375],[12.42929,41.85463],[12.42897,41.85493],[12.42945,41.85521],[12.42902,41.85553],[12.42966,41.85625],[12.43034,41.85724],[12.42893,41.85771],[12.42706,41.85881],[12.42613,41.85923],[12.42501,41.85955],[12.42252,41.86042],[12.42227,41.86007],[12.42152,41.86013],[12.42095,41.86036],[12.42075,41.86136],[12.42011,41.86159],[12.41949,41.86055],[12.41941,41.86019],[12.41629,41.86027],[12.41334,41.85776],[12.41216,41.85726],[12.41095,41.85659],[12.40983,41.85573],[12.40824,41.85464],[12.40774,41.85408],[12.4066,41.85131],[12.40629,41.85099],[12.40422,41.84987],[12.40356,41.84933],[12.40337,41.8487],[12.40235,41.84788],[12.40153,41.84779],[12.40169,41.84706],[12.40263,41.84599],[12.40249,41.84535],[12.40328,41.84395],[12.40415,41.84363],[12.40432,41.84332],[12.40495,41.84343],[12.40827,41.8432],[12.40935,41.84334]]]},"properties":{"zona":"D73","linkzona":"RM00003342","fascia":"D","fascia_label":"Periferica","descr":"CASETTA MATTEI (VIA DEGLI ADIMARI)","semestre":"2025-S2","loc_min":9.3,"loc_max":13.3,"loc_mid":11.3,"sale_min":2050.0,"sale_max":2850.0,"sup":"L","tipologia":"Abitazioni civili","stato":"NORMALE"}},{"type":"Feature","geometry":{"type":"Polygon","coordinates":[[[12.5718,41.93973],[12.57198,41.94002],[12.57279,41.94044],[12.57261,41.94105],[12.57385,41.94135],[12.57009,41.94369],[12.56593,41.94632],[12.56579,41.94648],[12.56568,41.94646],[12.5594,41.94399],[12.55981,41.94388],[12.56072,41.94282],[12.56132,41.943],[12.56266,41.94073],[12.56355,41.94111],[12.56547,41.93833],[12.56842,41.9397],[12.56898,41.93955],[12.57147,41.93928],[12.5718,41.93973]]]},"properties":{"zona":"D58","linkzona":"RM00001099","fascia":"D","fascia_label":"Periferica","descr":"PODERE ROSA (VIA DIEGO FABBRI)","semestre":"2025-S2","loc_min":8.0,"loc_max":11.8,"loc_mid":9.9,"sale_min":2300.0,"sale_max":3400.0,"sup":"L","tipologia":"Abitazioni civili","stato":"NORMALE"}},{"type":"Feature","geometry":{"type":"Polygon","coordinates":[[[12.50571,41.76277],[12.50571,41.76229],[12.50738,41.76133],[12.50645,41.75954],[12.50595,41.7591],[12.50552,41.75805],[12.50522,41.75681],[12.50449,41.75599],[12.50461,41.75548],[12.50404,41.75451],[12.50374,41.75423],[12.50351,41.75359],[12.5025,41.75361],[12.50245,41.75267],[12.50167,41.75172],[12.50168,41.75015],[12.50159,41.74929],[12.50181,41.74839],[12.50259,41.74728],[12.50305,41.74628],[12.50399,41.74507],[12.50414,41.74467],[12.50399,41.74387],[12.50407,41.74119],[12.50456,41.73952],[12.5045,41.73835],[12.50515,41.73674],[12.5046,41.73399],[12.50421,41.7334],[12.50414,41.73223],[12.50448,41.73026],[12.50516,41.72953],[12.50582,41.72911],[12.5076,41.72828],[12.50806,41.72865],[12.50775,41.72886],[12.50867,41.72955],[12.51012,41.72858],[12.5117,41.72975],[12.51238,41.72959],[12.51237,41.72853],[12.5109,41.72569],[12.51233,41.72426],[12.51546,41.72137],[12.51592,41.72076],[12.51664,41.71947],[12.51687,41.71697],[12.51675,41.71492],[12.51682,41.71454],[12.51745,41.71349],[12.51897,41.71155],[12.52044,41.71076],[12.52182,41.71033],[12.52288,41.70982],[12.52351,41.70923],[12.52409,41.70808],[12.52483,41.7074],[12.52627,41.7064],[12.52641,41.70605],[12.52629,41.70483],[12.52544,41.70336],[12.52497,41.70149],[12.52496,41.70097],[12.52529,41.6976],[12.52515,41.69673],[12.52462,41.69597],[12.52931,41.69721],[12.53077,41.69745],[12.53266,41.69739],[12.53632,41.69815],[12.53663,41.6984],[12.53644,41.69878],[12.5357,41.69959],[12.53592,41.70019],[12.53724,41.70052],[12.53908,41.70065],[12.53943,41.70103],[12.53938,41.70208],[12.5398,41.70232],[12.54106,41.70244],[12.54168,41.70276],[12.5423,41.70339],[12.54339,41.70383],[12.54363,41.70409],[12.54411,41.70514],[12.5458,41.70653],[12.54572,41.70703],[12.54659,41.70796],[12.5482,41.7089],[12.54917,41.70971],[12.54994,41.70983],[12.55133,41.71121],[12.55313,41.71159],[12.55488,41.71162],[12.55759,41.71126],[12.55897,41.71147],[12.56003,41.71175],[12.56123,41.71166],[12.56376,41.71119],[12.56504,41.71142],[12.56636,41.71144],[12.56779,41.71163],[12.56906,41.71228],[12.57019,41.71269],[12.57099,41.71334],[12.57369,41.71437],[12.57479,41.71448],[12.5746,41.71515],[12.57456,41.71608],[12.57493,41.71722],[12.57522,41.71907],[12.57508,41.71964],[12.57442,41.72063],[12.57118,41.72402],[12.57077,41.72467],[12.57192,41.72501],[12.57226,41.72534],[12.57314,41.72525],[12.57488,41.72606],[12.57539,41.72655],[12.57616,41.72664],[12.57763,41.72719],[12.57829,41.72719],[12.57844,41.72761],[12.57924,41.72837],[12.57922,41.72861],[12.58204,41.73023],[12.58259,41.73032],[12.58382,41.73013],[12.58517,41.73029],[12.58569,41.7306],[12.5875,41.73112],[12.58809,41.731],[12.58948,41.73106],[12.59075,41.73125],[12.59108,41.73104],[12.59204,41.73108],[12.59266,41.73083],[12.59315,41.73092],[12.5933,41.73124],[12.5929,41.73237],[12.59395,41.733],[12.59911,41.73588],[12.59947,41.73637],[12.59933,41.7374],[12.59979,41.73808],[12.5999,41.73863],[12.59821,41.73925],[12.59779,41.74012],[12.5964,41.74019],[12.59368,41.74059],[12.5935,41.74092],[12.59269,41.74037],[12.59228,41.74038],[12.58854,41.7396],[12.58677,41.73948],[12.58616,41.73986],[12.58472,41.73966],[12.58451,41.74123],[12.58466,41.74209],[12.58561,41.74327],[12.58607,41.74425],[12.58706,41.74579],[12.58791,41.74576],[12.58922,41.74598],[12.58919,41.74643],[12.58975,41.74758],[12.58992,41.74872],[12.58969,41.74907],[12.58845,41.75007],[12.58749,41.75096],[12.58655,41.75121],[12.58612,41.75153],[12.58367,41.75253],[12.58264,41.7539],[12.58204,41.75366],[12.58166,41.75425],[12.58073,41.75452],[12.57987,41.7545],[12.57929,41.75484],[12.57852,41.75482],[12.5778,41.755],[12.57741,41.7549],[12.57652,41.75525],[12.57389,41.75515],[12.57273,41.75528],[12.57182,41.75549],[12.57065,41.756],[12.56977,41.75619],[12.56768,41.75576],[12.56659,41.75532],[12.566,41.75527],[12.56545,41.75493],[12.56506,41.75412],[12.56434,41.75388],[12.56328,41.75427],[12.56208,41.75422],[12.56098,41.75501],[12.56091,41.75604],[12.56154,41.75647],[12.56134,41.75669],[12.56025,41.75656],[12.5598,41.75681],[12.55836,41.75687],[12.55616,41.75775],[12.55577,41.75778],[12.55445,41.7575],[12.55229,41.75656],[12.55156,41.75571],[12.55125,41.75555],[12.54957,41.75539],[12.54709,41.75524],[12.54561,41.75601],[12.54403,41.75586],[12.54251,41.75652],[12.54156,41.75658],[12.54103,41.75612],[12.54101,41.75582],[12.54005,41.75554],[12.53807,41.75584],[12.53807,41.75598],[12.5354,41.75641],[12.53085,41.75664],[12.5302,41.75674],[12.52914,41.75714],[12.5283,41.75757],[12.52596,41.75995],[12.52502,41.76049],[12.52365,41.76125],[12.52087,41.76184],[12.51984,41.76179],[12.51862,41.76243],[12.51741,41.76256],[12.51662,41.76214],[12.51384,41.7627],[12.51333,41.76285],[12.51195,41.76251],[12.51141,41.76286],[12.50985,41.76326],[12.50921,41.76321],[12.50666,41.76257],[12.50571,41.76277]]]},"properties":{"zona":"E38","linkzona":"RM00000504","fascia":"E","fascia_label":"Suburbana","descr":"ARDEATINA SELVOTTA-SPREGAMORE (VIA DEL FOSSO DELLA SOLFARATA)","semestre":"2025-S2","loc_min":7.0,"loc_max":10.5,"loc_mid":8.75,"sale_min":1300.0,"sale_max":1950.0,"sup":"L","tipologia":"Abitazioni civili","stato":"NORMALE"}},{"type":"Feature","geometry":{"type":"Polygon","coordinates":[[[12.50836,41.98296],[12.50884,41.98291],[12.5088,41.98181],[12.5108,41.98172],[12.51047,41.98107],[12.50971,41.98125],[12.50945,41.98093],[12.50945,41.98032],[12.5099,41.97944],[12.51073,41.97944],[12.5115,41.97979],[12.51158,41.98005],[12.51237,41.9802],[12.51257,41.97987],[12.51151,41.97941],[12.51112,41.97909],[12.51134,41.97853],[12.51124,41.97817],[12.51202,41.97756],[12.51258,41.97783],[12.51396,41.97651],[12.51427,41.9754],[12.5158,41.97551],[12.51785,41.976],[12.51887,41.975],[12.51948,41.97546],[12.51987,41.97495],[12.5207,41.97467],[12.52126,41.974],[12.5213,41.97339],[12.52113,41.9725],[12.5204,41.97117],[12.52063,41.97034],[12.51998,41.96965],[12.51935,41.97016],[12.5186,41.96951],[12.51936,41.96906],[12.51919,41.96875],[12.5196,41.96861],[12.52055,41.96772],[12.52119,41.96738],[12.52223,41.96717],[12.52357,41.96671],[12.52504,41.96656],[12.52539,41.9667],[12.52622,41.96664],[12.52771,41.966],[12.5287,41.96614],[12.52875,41.96673],[12.52847,41.9688],[12.52876,41.9698],[12.52799,41.97075],[12.52822,41.97169],[12.52952,41.9731],[12.53003,41.97704],[12.53025,41.97776],[12.53097,41.97835],[12.53244,41.97849],[12.53441,41.97894],[12.53436,41.97922],[12.53176,41.9804],[12.53086,41.98086],[12.53056,41.98079],[12.52969,41.9811],[12.52844,41.98174],[12.52728,41.98214],[12.52722,41.98256],[12.52725,41.98261],[12.51642,41.98751],[12.5166,41.98795],[12.51494,41.98811],[12.51368,41.98869],[12.51271,41.98875],[12.51237,41.98914],[12.51199,41.98818],[12.51232,41.98778],[12.51176,41.98751],[12.51098,41.98652],[12.50941,41.98509],[12.50876,41.98424],[12.50836,41.98296]]]},"properties":{"zona":"E40","linkzona":"RM00000783","fascia":"E","fascia_label":"Suburbana","descr":"COLLE SALARIO (VIA MONTE GIBERTO)","semestre":"2025-S2","loc_min":11.0,"loc_max":14.8,"loc_mid":12.9,"sale_min":2900.0,"sale_max":3800.0,"sup":"L","tipologia":"Abitazioni civili","stato":"NORMALE"}},{"type":"Feature","geometry":{"type":"Polygon","coordinates":[[[12.50325,41.9604],[12.50622,41.9604],[12.50658,41.96692],[12.5076,41.96693],[12.5078,41.96667],[12.51029,41.96745],[12.51368,41.96808],[12.51418,41.96932],[12.51414,41.97016],[12.51505,41.97037],[12.51568,41.97014],[12.51632,41.96971],[12.51687,41.96905],[12.5173,41.96916],[12.51919,41.96875],[12.51936,41.96906],[12.5186,41.96951],[12.51935,41.97016],[12.51998,41.96965],[12.52063,41.97034],[12.5204,41.97117],[12.52113,41.9725],[12.5213,41.97339],[12.52126,41.974],[12.5207,41.97467],[12.51987,41.97495],[12.51948,41.97546],[12.51887,41.975],[12.51785,41.976],[12.5158,41.97551],[12.51427,41.9754],[12.51396,41.97651],[12.51258,41.97783],[12.51202,41.97756],[12.51124,41.97817],[12.51134,41.97853],[12.51112,41.97909],[12.51151,41.97941],[12.51257,41.97987],[12.51237,41.9802],[12.51158,41.98005],[12.5115,41.97979],[12.51073,41.97944],[12.5099,41.97944],[12.50945,41.98032],[12.50945,41.98093],[12.50971,41.98125],[12.51047,41.98107],[12.5108,41.98172],[12.5088,41.98181],[12.50884,41.98291],[12.50836,41.98296],[12.50823,41.9829],[12.50817,41.98131],[12.50774,41.97999],[12.50732,41.9793],[12.50684,41.978],[12.50581,41.97654],[12.50313,41.97393],[12.50279,41.97392],[12.50538,41.97643],[12.50637,41.97771],[12.50731,41.97946],[12.50764,41.98023],[12.50766,41.98142],[12.50741,41.98198],[12.50666,41.98277],[12.50547,41.98241],[12.50475,41.98309],[12.50344,41.98396],[12.50204,41.98508],[12.50077,41.98629],[12.49908,41.98751],[12.49883,41.98732],[12.50111,41.98557],[12.50197,41.98461],[12.50442,41.98275],[12.50542,41.98149],[12.50578,41.98044],[12.50581,41.97999],[12.50541,41.97855],[12.50507,41.97794],[12.5042,41.9769],[12.5025,41.97527],[12.49994,41.97298],[12.49829,41.97191],[12.49608,41.97076],[12.49508,41.96976],[12.49492,41.96881],[12.49502,41.96837],[12.49551,41.96768],[12.49622,41.9672],[12.49756,41.96679],[12.49881,41.96678],[12.50043,41.96665],[12.50283,41.96602],[12.50374,41.96558],[12.50439,41.96492],[12.50463,41.96391],[12.50448,41.96317],[12.50341,41.96136],[12.50281,41.96065],[12.50325,41.9604]]]},"properties":{"zona":"E41","linkzona":"RM00000782","fascia":"E","fascia_label":"Suburbana","descr":"FIDENE-VILLA SPADA (VIA RADICOFANI)","semestre":"2025-S2","loc_min":8.3,"loc_max":11.5,"loc_mid":9.9,"sale_min":1900.0,"sale_max":2650.0,"sup":"L","tipologia":"Abitazioni civili","stato":"NORMALE"}},{"type":"Feature","geometry":{"type":"Polygon","coordinates":[[[12.50617,41.95951],[12.50808,41.95959],[12.51071,41.95983],[12.51164,41.96015],[12.51297,41.96038],[12.5164,41.96114],[12.52056,41.96199],[12.52329,41.96236],[12.52356,41.96327],[12.5245,41.96317],[12.52572,41.96281],[12.52674,41.9629],[12.52702,41.96292],[12.52796,41.96451],[12.52767,41.96481],[12.52771,41.966],[12.52622,41.96664],[12.52539,41.9667],[12.52504,41.96656],[12.52357,41.96671],[12.52223,41.96717],[12.52119,41.96738],[12.52055,41.96772],[12.5196,41.96861],[12.51919,41.96875],[12.5173,41.96916],[12.51687,41.96905],[12.51632,41.96971],[12.51568,41.97014],[12.51505,41.97037],[12.51414,41.97016],[12.51418,41.96932],[12.51368,41.96808],[12.51029,41.96745],[12.5078,41.96667],[12.5076,41.96693],[12.50658,41.96692],[12.50622,41.9604],[12.50617,41.95951]]]},"properties":{"zona":"E42","linkzona":"RM00000784","fascia":"E","fascia_label":"Suburbana","descr":"SERPENTARA (VIALE LINA CAVALIERI)","semestre":"2025-S2","loc_min":8.8,"loc_max":12.3,"loc_mid":10.55,"sale_min":2200.0,"sale_max":3000.0,"sup":"L","tipologia":"Abitazioni civili","stato":"NORMALE"}},{"type":"Feature","geometry":{"type":"Polygon","coordinates":[[[12.6229,41.809],[12.62311,41.80856],[12.623,41.80796],[12.6241,41.80765],[12.62536,41.80749],[12.62628,41.80716],[12.62738,41.80713],[12.62782,41.80671],[12.62842,41.80674],[12.62881,41.80639],[12.62957,41.80615],[12.63059,41.80546],[12.63138,41.80472],[12.632,41.80444],[12.63082,41.80379],[12.63028,41.80318],[12.63136,41.80226],[12.63235,41.80251],[12.63327,41.80256],[12.63434,41.80182],[12.63305,41.80107],[12.63333,41.8006],[12.63437,41.79984],[12.63497,41.80015],[12.63586,41.8002],[12.63793,41.7982],[12.63731,41.7976],[12.63819,41.79709],[12.63799,41.79635],[12.6389,41.7963],[12.64001,41.79606],[12.64071,41.79693],[12.64196,41.79803],[12.64208,41.79823],[12.6431,41.79714],[12.64329,41.79682],[12.64168,41.79593],[12.64321,41.79615],[12.64454,41.79684],[12.6448,41.79647],[12.64507,41.79496],[12.64508,41.79417],[12.64542,41.79365],[12.6459,41.79335],[12.6495,41.79196],[12.65147,41.79133],[12.65244,41.79131],[12.65316,41.792],[12.65359,41.7921],[12.65368,41.79256],[12.65327,41.79395],[12.65251,41.79474],[12.65245,41.79519],[12.65188,41.79602],[12.65313,41.79642],[12.65118,41.7969],[12.64994,41.79736],[12.64806,41.79788],[12.64615,41.79907],[12.64451,41.79973],[12.64388,41.80014],[12.64061,41.80165],[12.63705,41.80373],[12.63768,41.80437],[12.63806,41.80601],[12.63801,41.80667],[12.6382,41.80735],[12.63775,41.80929],[12.63789,41.80956],[12.63858,41.80996],[12.63822,41.81042],[12.63662,41.81126],[12.63535,41.81224],[12.63463,41.81317],[12.63411,41.81429],[12.6334,41.81439],[12.63281,41.8147],[12.63267,41.81553],[12.63241,41.81592],[12.63114,41.81695],[12.63077,41.81757],[12.62843,41.81831],[12.6278,41.81817],[12.62691,41.81848],[12.62528,41.81805],[12.624,41.81728],[12.62262,41.81681],[12.62032,41.81428],[12.62182,41.81301],[12.62224,41.81283],[12.62197,41.81208],[12.62299,41.81141],[12.62213,41.81049],[12.62238,41.81027],[12.62256,41.80915],[12.6229,41.809]]]},"properties":{"zona":"E145","linkzona":"RM00001181","fascia":"E","fascia_label":"Suburbana","descr":"ANAGNINA VALLE MARCIANA-FOSSO SANT`ANDREA (VIA DEL FOSSO DI SANT`ANDREA...","semestre":"2025-S2","loc_min":10.0,"loc_max":14.3,"loc_mid":12.15,"sale_min":1900.0,"sale_max":2750.0,"sup":"L","tipologia":"Abitazioni civili","stato":"NORMALE"}},{"type":"Feature","geometry":{"type":"Polygon","coordinates":[[[12.34157,41.77575],[12.34148,41.776],[12.34134,41.7762],[12.32304,41.76932],[12.31951,41.76798],[12.3166,41.76671],[12.30756,41.76274],[12.3059,41.76178],[12.30436,41.76026],[12.30603,41.75883],[12.30555,41.75817],[12.30515,41.75792],[12.30668,41.75613],[12.30659,41.7559],[12.30705,41.75548],[12.30745,41.75462],[12.30788,41.75439],[12.31268,41.74461],[12.31378,41.74233],[12.31393,41.74175],[12.31404,41.73937],[12.31568,41.73718],[12.31641,41.73678],[12.31994,41.74127],[12.3204,41.74283],[12.32077,41.74332],[12.32229,41.74477],[12.33188,41.73741],[12.3311,41.73687],[12.33215,41.73608],[12.33316,41.73511],[12.33324,41.7349],[12.33455,41.73375],[12.33506,41.73359],[12.33473,41.73315],[12.33694,41.73139],[12.33744,41.73016],[12.33793,41.73039],[12.3395,41.73159],[12.33976,41.73142],[12.34577,41.73609],[12.34587,41.73645],[12.33769,41.74377],[12.33148,41.74927],[12.33034,41.74973],[12.33027,41.75015],[12.32984,41.75041],[12.33018,41.75177],[12.33447,41.75219],[12.3353,41.7524],[12.34324,41.75519],[12.34521,41.75282],[12.34754,41.75365],[12.34781,41.75334],[12.34595,41.75193],[12.34653,41.75121],[12.34904,41.75322],[12.3501,41.7546],[12.35037,41.7546],[12.35069,41.75633],[12.35063,41.757],[12.35033,41.75766],[12.35191,41.75824],[12.35049,41.76064],[12.35137,41.76096],[12.34918,41.76461],[12.34724,41.76401],[12.34523,41.76804],[12.34348,41.77168],[12.34157,41.77575]]]},"properties":{"zona":"E92","linkzona":"RM00000115","fascia":"E","fascia_label":"Suburbana","descr":"STAGNI DI OSTIA-LONGARINA (VIA FEDERICO BAZZINI)","semestre":"2025-S2","loc_min":7.5,"loc_max":10.5,"loc_mid":9.0,"sale_min":1650.0,"sale_max":2350.0,"sup":"L","tipologia":"Abitazioni civili","stato":"NORMALE"}},{"type":"Feature","geometry":{"type":"Polygon","coordinates":[[[12.5261,41.94588],[12.5274,41.9449],[12.52721,41.94465],[12.52628,41.94543],[12.52522,41.94584],[12.52526,41.94621],[12.52525,41.94623],[12.52266,41.94631],[12.52212,41.94619],[12.51931,41.94631],[12.51877,41.94663],[12.51805,41.94671],[12.51598,41.94645],[12.51559,41.94618],[12.5148,41.94603],[12.51373,41.94526],[12.51301,41.94386],[12.513,41.94363],[12.51177,41.94291],[12.51173,41.94269],[12.51224,41.94293],[12.51319,41.94218],[12.51435,41.94225],[12.51528,41.94117],[12.51588,41.9406],[12.51723,41.93998],[12.51868,41.93919],[12.52082,41.93852],[12.52096,41.93837],[12.52077,41.93724],[12.52106,41.93614],[12.52159,41.93589],[12.52264,41.93576],[12.52335,41.93551],[12.5237,41.93539],[12.52404,41.93519],[12.52526,41.93431],[12.52627,41.93415],[12.52681,41.9345],[12.52587,41.93571],[12.52588,41.93605],[12.52684,41.93724],[12.52709,41.93769],[12.5277,41.93779],[12.52879,41.93728],[12.53031,41.93679],[12.53264,41.9355],[12.5331,41.935],[12.53363,41.93533],[12.53329,41.93569],[12.53209,41.93745],[12.53075,41.93826],[12.52961,41.93948],[12.52946,41.93985],[12.52931,41.94121],[12.52966,41.94263],[12.52946,41.94334],[12.52857,41.94402],[12.52881,41.94483],[12.52939,41.9455],[12.52926,41.94581],[12.52698,41.946],[12.5261,41.94588]]]},"properties":{"zona":"D46","linkzona":"RM00001087","fascia":"D","fascia_label":"Periferica","descr":"CONCA D`ORO (VIA VAL DI LANZO)","semestre":"2025-S2","loc_min":10.0,"loc_max":14.0,"loc_mid":12.0,"sale_min":2800.0,"sale_max":3800.0,"sup":"L","tipologia":"Abitazioni civili","stato":"NORMALE"}},{"type":"Feature","geometry":{"type":"Polygon","coordinates":[[[12.43089,41.85157],[12.43474,41.85191],[12.43554,41.85229],[12.43632,41.85321],[12.43705,41.85362],[12.43764,41.85379],[12.43744,41.85456],[12.43758,41.855],[12.43852,41.85656],[12.43802,41.85856],[12.43881,41.85868],[12.43896,41.85894],[12.43765,41.86367],[12.43775,41.8655],[12.43788,41.86612],[12.43846,41.86793],[12.43864,41.86884],[12.4396,41.87247],[12.4401,41.87418],[12.44064,41.87653],[12.44065,41.87722],[12.43872,41.87714],[12.43866,41.87734],[12.4366,41.87778],[12.43472,41.87812],[12.43362,41.87859],[12.43161,41.87692],[12.43135,41.87677],[12.43051,41.877],[12.42639,41.87701],[12.42625,41.87695],[12.42544,41.87586],[12.42353,41.87461],[12.42294,41.87401],[12.42262,41.87318],[12.42244,41.87218],[12.4226,41.87074],[12.42232,41.8696],[12.42237,41.86917],[12.42297,41.86824],[12.42297,41.86717],[12.42353,41.86623],[12.42349,41.86566],[12.42118,41.863],[12.42011,41.86159],[12.42075,41.86136],[12.42095,41.86036],[12.42152,41.86013],[12.42227,41.86007],[12.42252,41.86042],[12.42501,41.85955],[12.42613,41.85923],[12.42706,41.85881],[12.42893,41.85771],[12.43034,41.85724],[12.42966,41.85625],[12.42902,41.85553],[12.42945,41.85521],[12.42897,41.85493],[12.42929,41.85463],[12.42977,41.85375],[12.42939,41.85296],[12.42996,41.85285],[12.43112,41.85213],[12.43089,41.85157]]]},"properties":{"zona":"D70","fascia":"D","fascia_label":"Periferica","redefined":true,"loc_min":null,"loc_max":null,"loc_mid":null}},{"type":"Feature","geometry":{"type":"Polygon","coordinates":[[[12.51889,42.01741],[12.51984,42.01743],[12.52162,42.01797],[12.52314,42.01782],[12.52538,42.01833],[12.52632,42.01825],[12.52936,42.01873],[12.53024,42.01907],[12.53043,42.01889],[12.53318,42.01767],[12.53425,42.01735],[12.53475,42.01799],[12.53552,42.01933],[12.53632,42.0205],[12.53783,42.02175],[12.5386,42.02197],[12.53888,42.02229],[12.53959,42.02262],[12.53971,42.02312],[12.54043,42.02375],[12.54379,42.02702],[12.54609,42.0294],[12.548,42.03105],[12.55054,42.03338],[12.55207,42.03517],[12.5526,42.03563],[12.55452,42.03693],[12.55446,42.03706],[12.55708,42.03885],[12.55916,42.03979],[12.55977,42.03926],[12.56026,42.03943],[12.56233,42.04087],[12.56622,42.04368],[12.56847,42.04534],[12.56866,42.04596],[12.57019,42.04718],[12.57131,42.04848],[12.57244,42.05038],[12.57312,42.05119],[12.57364,42.05162],[12.57504,42.05237],[12.57587,42.05251],[12.57912,42.05431],[12.57998,42.05473],[12.5798,42.05528],[12.57813,42.05479],[12.57649,42.05601],[12.57416,42.05693],[12.57115,42.05821],[12.57012,42.06051],[12.5679,42.06074],[12.56835,42.06145],[12.56456,42.06288],[12.56625,42.06517],[12.56621,42.06561],[12.56467,42.06604],[12.56367,42.06666],[12.56283,42.06757],[12.56227,42.0687],[12.56214,42.06972],[12.56214,42.0707],[12.56233,42.07159],[12.56339,42.07476],[12.56344,42.07549],[12.5632,42.07643],[12.56266,42.07713],[12.56183,42.07754],[12.56044,42.07772],[12.55775,42.07703],[12.556,42.07623],[12.55465,42.07535],[12.55335,42.07441],[12.55238,42.07356],[12.55168,42.07322],[12.54999,42.073],[12.54751,42.07302],[12.54681,42.07293],[12.54608,42.07266],[12.54508,42.0718],[12.54431,42.07052],[12.54397,42.06912],[12.5439,42.06798],[12.54398,42.06714],[12.54344,42.06518],[12.54278,42.06371],[12.54078,42.06011],[12.53969,42.05827],[12.53936,42.0574],[12.53931,42.0562],[12.53977,42.05543],[12.54043,42.05501],[12.54171,42.05448],[12.54316,42.05428],[12.54705,42.05413],[12.549,42.05391],[12.55178,42.0539],[12.55307,42.05373],[12.55379,42.05352],[12.55549,42.0528],[12.55606,42.05238],[12.55645,42.05179],[12.55677,42.05063],[12.55665,42.04963],[12.55633,42.04881],[12.55584,42.0481],[12.55352,42.04603],[12.55282,42.04549],[12.55135,42.04492],[12.54877,42.04456],[12.54666,42.04463],[12.54457,42.04532],[12.54359,42.04624],[12.5427,42.04844],[12.54206,42.04942],[12.54129,42.05006],[12.54037,42.05037],[12.53889,42.04986],[12.53766,42.04895],[12.53729,42.04847],[12.53512,42.04669],[12.53403,42.04608],[12.533,42.0457],[12.53118,42.04521],[12.52805,42.04478],[12.52503,42.04432],[12.52315,42.04382],[12.52158,42.0431],[12.52006,42.04261],[12.51877,42.04199],[12.51781,42.04123],[12.51712,42.04056],[12.51681,42.03952],[12.51695,42.03864],[12.51771,42.0374],[12.51868,42.03632],[12.51987,42.0354],[12.52085,42.03406],[12.52141,42.03289],[12.5216,42.03204],[12.52144,42.03045],[12.52081,42.03],[12.52011,42.02983],[12.51887,42.0302],[12.51848,42.03054],[12.51826,42.03105],[12.51677,42.03198],[12.51629,42.03237],[12.51534,42.03271],[12.51419,42.03299],[12.51318,42.03293],[12.51238,42.03225],[12.51233,42.0313],[12.51255,42.03052],[12.51401,42.02885],[12.51628,42.02707],[12.51659,42.02698],[12.51862,42.0257],[12.51955,42.0248],[12.5203,42.0237],[12.52055,42.02291],[12.5205,42.02215],[12.52001,42.01989],[12.5194,42.01854],[12.51898,42.01811],[12.51889,42.01741]]]},"properties":{"zona":"R8","linkzona":"RM00001268","fascia":"R","fascia_label":"Extraurbana","descr":"VALLE DEL TEVERE NORD EST","semestre":"2025-S2","loc_min":null,"loc_max":null,"loc_mid":null,"nonres":true}},{"type":"Feature","geometry":{"type":"Polygon","coordinates":[[[12.42369,41.84458],[12.42191,41.84404],[12.42139,41.84372],[12.42177,41.84097],[12.42216,41.83968],[12.42262,41.839],[12.42321,41.83885],[12.42389,41.83905],[12.42397,41.83962],[12.42494,41.83971],[12.42629,41.83939],[12.42649,41.84017],[12.42717,41.83974],[12.42848,41.84026],[12.42968,41.84002],[12.43118,41.84029],[12.43176,41.84064],[12.43262,41.84073],[12.43295,41.84113],[12.43378,41.84129],[12.43467,41.8413],[12.43465,41.84104],[12.43618,41.84076],[12.43593,41.83984],[12.43707,41.84012],[12.43725,41.83999],[12.43695,41.83868],[12.43646,41.83414],[12.43854,41.83397],[12.44194,41.83377],[12.44341,41.83375],[12.44432,41.83405],[12.44573,41.83437],[12.44632,41.8346],[12.44761,41.83561],[12.44838,41.83666],[12.44857,41.83661],[12.44985,41.83843],[12.44967,41.83852],[12.449,41.83894],[12.44675,41.83986],[12.44558,41.84066],[12.44442,41.84321],[12.44415,41.84559],[12.4437,41.84592],[12.44223,41.85045],[12.44168,41.85111],[12.44031,41.85323],[12.44037,41.8534],[12.43928,41.8536],[12.43787,41.85354],[12.43705,41.85362],[12.43632,41.85321],[12.43554,41.85229],[12.43474,41.85191],[12.43089,41.85157],[12.42961,41.85125],[12.42832,41.85115],[12.42661,41.8512],[12.42429,41.85105],[12.42288,41.85063],[12.42204,41.85015],[12.42149,41.84965],[12.42189,41.84941],[12.42638,41.84722],[12.4267,41.84695],[12.42602,41.8464],[12.42585,41.84571],[12.42475,41.84526],[12.42369,41.84458]]]},"properties":{"zona":"D74","linkzona":"RM00003344","fascia":"D","fascia_label":"Periferica","descr":"TRULLO (VIA MONTE DELLE CAPRE)","semestre":"2025-S2","loc_min":8.3,"loc_max":12.3,"loc_mid":10.3,"sale_min":2100.0,"sale_max":3000.0,"sup":"L","tipologia":"Abitazioni civili","stato":"NORMALE"}},{"type":"Feature","geometry":{"type":"Polygon","coordinates":[[[12.58704,41.86857],[12.58491,41.86924],[12.57975,41.871],[12.57834,41.87174],[12.57522,41.87231],[12.57311,41.87308],[12.57312,41.87316],[12.57011,41.87392],[12.56951,41.87403],[12.56869,41.87263],[12.56825,41.87147],[12.56753,41.868],[12.5674,41.86698],[12.56753,41.8654],[12.56786,41.86433],[12.5685,41.86439],[12.57289,41.86488],[12.57527,41.86617],[12.57913,41.86369],[12.58264,41.86151],[12.58266,41.86073],[12.58283,41.86049],[12.5829,41.85821],[12.58217,41.85842],[12.58258,41.85771],[12.58416,41.85681],[12.58382,41.85648],[12.58362,41.85567],[12.58387,41.85461],[12.58376,41.85388],[12.58401,41.85484],[12.58446,41.85526],[12.58456,41.85571],[12.58556,41.85606],[12.58607,41.8565],[12.58587,41.85715],[12.58552,41.86061],[12.58558,41.86142],[12.58707,41.86824],[12.58704,41.86857]]]},"properties":{"zona":"D64","linkzona":"RM00001105","fascia":"D","fascia_label":"Periferica","descr":"TORRE SPACCATA (VIA DEI ROMANISTI)","semestre":"2025-S2","loc_min":8.5,"loc_max":12.0,"loc_mid":10.25,"sale_min":1950.0,"sale_max":2700.0,"sup":"L","tipologia":"Abitazioni civili","stato":"NORMALE"}},{"type":"Feature","geometry":{"type":"Polygon","coordinates":[[[12.4863,41.93367],[12.48669,41.93348],[12.48541,41.93263],[12.48599,41.93188],[12.4856,41.93136],[12.48438,41.93054],[12.48414,41.93053],[12.48304,41.92946],[12.4832,41.92936],[12.48459,41.92992],[12.48533,41.93052],[12.48821,41.93139],[12.48943,41.93211],[12.49034,41.93237],[12.49129,41.93284],[12.4933,41.93423],[12.49549,41.93384],[12.49612,41.93482],[12.49615,41.93517],[12.49841,41.93498],[12.50274,41.93551],[12.50545,41.93581],[12.50517,41.93673],[12.50434,41.93768],[12.50348,41.93821],[12.50274,41.93932],[12.50166,41.93986],[12.50188,41.94054],[12.50123,41.94118],[12.50093,41.94225],[12.50013,41.9428],[12.49825,41.94216],[12.49658,41.94205],[12.49295,41.94206],[12.49013,41.94183],[12.48816,41.94153],[12.48698,41.94091],[12.4861,41.93984],[12.48589,41.93903],[12.48613,41.93785],[12.48698,41.93603],[12.48714,41.93538],[12.48695,41.9344],[12.4863,41.93367]]]},"properties":{"zona":"R13","linkzona":"RM00001484","fascia":"R","fascia_label":"Extraurbana","descr":"ACQUA ACETOSA (VIA DEI CAMPI SPORTIVI)","semestre":"2025-S2","loc_min":null,"loc_max":null,"loc_mid":null,"nonres":true}},{"type":"Feature","geometry":{"type":"Polygon","coordinates":[[[12.45631,41.95289],[12.45514,41.953],[12.45389,41.95357],[12.45278,41.95387],[12.45157,41.95446],[12.45106,41.95489],[12.44998,41.95633],[12.44868,41.95696],[12.44681,41.95674],[12.44604,41.95709],[12.44595,41.95744],[12.44537,41.95775],[12.4441,41.95776],[12.44371,41.95789],[12.44163,41.95569],[12.43968,41.95355],[12.44115,41.95261],[12.43972,41.952],[12.43889,41.95081],[12.43852,41.95055],[12.43714,41.94906],[12.43719,41.94886],[12.43579,41.94741],[12.43564,41.94715],[12.4345,41.94632],[12.43356,41.9449],[12.43269,41.944],[12.43117,41.94276],[12.43141,41.94176],[12.43175,41.94155],[12.43259,41.9403],[12.43309,41.94095],[12.43434,41.94158],[12.43517,41.94102],[12.43296,41.93802],[12.43216,41.93684],[12.43116,41.93678],[12.43116,41.93604],[12.43202,41.9352],[12.43344,41.93446],[12.43409,41.93457],[12.43486,41.93541],[12.43632,41.93598],[12.43614,41.93617],[12.43807,41.93791],[12.4377,41.93829],[12.43768,41.93928],[12.43742,41.93953],[12.43799,41.93985],[12.44068,41.9405],[12.44136,41.9404],[12.44215,41.94153],[12.44425,41.94321],[12.44457,41.9434],[12.4452,41.94447],[12.44666,41.94572],[12.44707,41.94586],[12.4482,41.94695],[12.44944,41.94829],[12.45009,41.94869],[12.45227,41.95027],[12.45391,41.95104],[12.45533,41.95159],[12.45549,41.95203],[12.45631,41.95289]]]},"properties":{"zona":"D68","linkzona":"RM00002742","fascia":"D","fascia_label":"Periferica","descr":"CORTINA D`AMPEZZO (VIA CORTINA D`AMPEZZO)","semestre":"2025-S2","loc_min":12.8,"loc_max":18.8,"loc_mid":15.8,"sale_min":3000.0,"sale_max":4400.0,"sup":"L","tipologia":"Abitazioni civili","stato":"NORMALE"}},{"type":"Feature","geometry":{"type":"Polygon","coordinates":[[[12.3166,41.76671],[12.3159,41.76883],[12.31423,41.76877],[12.31237,41.77584],[12.31049,41.7758],[12.3099,41.77714],[12.30626,41.77628],[12.30595,41.77679],[12.30326,41.78367],[12.3032,41.78366],[12.30182,41.78715],[12.30349,41.78765],[12.30269,41.78833],[12.30456,41.78931],[12.30045,41.79198],[12.2998,41.79209],[12.29843,41.791],[12.29739,41.79055],[12.29594,41.79006],[12.29358,41.78969],[12.29057,41.78959],[12.28921,41.78949],[12.28774,41.7892],[12.2864,41.78876],[12.28497,41.788],[12.28378,41.78699],[12.28213,41.78526],[12.28128,41.78413],[12.28034,41.78265],[12.27981,41.78169],[12.2791,41.77911],[12.27876,41.77723],[12.27858,41.77658],[12.27865,41.77591],[12.27826,41.77485],[12.27807,41.77294],[12.27811,41.7707],[12.27837,41.76791],[12.27854,41.76664],[12.27892,41.76513],[12.27923,41.76457],[12.27969,41.76416],[12.2804,41.76313],[12.2819,41.76175],[12.2829,41.761],[12.28472,41.75913],[12.28596,41.75817],[12.28648,41.75753],[12.28656,41.7568],[12.28623,41.75629],[12.28522,41.75574],[12.28138,41.75516],[12.28029,41.75484],[12.27694,41.7532],[12.27744,41.75263],[12.2775,41.75234],[12.28035,41.75133],[12.28125,41.75092],[12.28174,41.75083],[12.28492,41.74975],[12.28493,41.74967],[12.2885,41.74845],[12.28933,41.74821],[12.28989,41.74832],[12.29823,41.75408],[12.29858,41.75392],[12.30146,41.75593],[12.30187,41.75562],[12.30283,41.75627],[12.30501,41.7546],[12.30582,41.75527],[12.30638,41.75542],[12.30659,41.7559],[12.30668,41.75613],[12.30515,41.75792],[12.30555,41.75817],[12.30603,41.75883],[12.30436,41.76026],[12.3059,41.76178],[12.30756,41.76274],[12.3166,41.76671]]]},"properties":{"zona":"E32","linkzona":"RM00000104","fascia":"E","fascia_label":"Suburbana","descr":"OSTIA ANTICA (VIA DEL CASTELLO)","semestre":"2025-S2","loc_min":9.0,"loc_max":13.3,"loc_mid":11.15,"sale_min":1600.0,"sale_max":2350.0,"sup":"L","tipologia":"Abitazioni civili","stato":"NORMALE"}},{"type":"Feature","geometry":{"type":"Polygon","coordinates":[[[12.53983,41.95565],[12.54032,41.95545],[12.54205,41.95426],[12.54354,41.95377],[12.54412,41.95347],[12.54468,41.95385],[12.54499,41.95431],[12.54519,41.95526],[12.54545,41.95681],[12.5463,41.95849],[12.54714,41.96079],[12.54748,41.96193],[12.54812,41.96285],[12.54907,41.96455],[12.5494,41.9658],[12.54892,41.96586],[12.54616,41.96717],[12.54568,41.96758],[12.54483,41.96929],[12.54342,41.97088],[12.54368,41.97092],[12.54525,41.97171],[12.5465,41.97258],[12.54774,41.97327],[12.54272,41.97547],[12.5413,41.97629],[12.54016,41.97671],[12.53955,41.97709],[12.53578,41.97877],[12.53416,41.97944],[12.5333,41.97992],[12.53231,41.98026],[12.52997,41.98128],[12.52856,41.98195],[12.52821,41.98225],[12.52725,41.98262],[12.52722,41.98256],[12.52728,41.98214],[12.52844,41.98174],[12.52969,41.9811],[12.53056,41.98079],[12.53086,41.98086],[12.53176,41.9804],[12.53436,41.97922],[12.53441,41.97894],[12.53244,41.97849],[12.53097,41.97835],[12.53025,41.97776],[12.53003,41.97704],[12.52952,41.9731],[12.52822,41.97169],[12.52799,41.97075],[12.52876,41.9698],[12.52847,41.9688],[12.52875,41.96673],[12.5287,41.96614],[12.52771,41.966],[12.52767,41.96481],[12.52796,41.96451],[12.52702,41.96292],[12.52674,41.9629],[12.52638,41.96248],[12.52808,41.96149],[12.52884,41.96097],[12.53076,41.96005],[12.53255,41.95946],[12.53361,41.95897],[12.53457,41.95872],[12.53605,41.95938],[12.53561,41.95784],[12.53612,41.95808],[12.5375,41.95724],[12.53851,41.95635],[12.53873,41.95639],[12.53983,41.95565]]]},"properties":{"zona":"E47","linkzona":"RM00000789","fascia":"E","fascia_label":"Suburbana","descr":"VIGNE NUOVE-PORTA DI ROMA (VIA DELLE VIGNE NUOVE)","semestre":"2025-S2","loc_min":11.5,"loc_max":15.5,"loc_mid":13.5,"sale_min":2850.0,"sale_max":3700.0,"sup":"L","tipologia":"Abitazioni civili","stato":"NORMALE"}},{"type":"Feature","geometry":{"type":"Polygon","coordinates":[[[12.34999,41.7792],[12.35019,41.77892],[12.35012,41.77902],[12.35198,41.77966],[12.35526,41.78091],[12.35639,41.7814],[12.35587,41.78199],[12.35926,41.7838],[12.36009,41.78412],[12.3606,41.78413],[12.36431,41.78546],[12.36471,41.78567],[12.36863,41.78698],[12.36853,41.78716],[12.36948,41.78749],[12.3698,41.78741],[12.37191,41.78813],[12.37317,41.78867],[12.37431,41.78902],[12.37419,41.78925],[12.37514,41.78967],[12.37551,41.78913],[12.38067,41.79106],[12.38201,41.79145],[12.38417,41.79177],[12.38713,41.79243],[12.38717,41.79268],[12.38698,41.79562],[12.38553,41.7956],[12.38376,41.79589],[12.38371,41.79603],[12.38208,41.7968],[12.37941,41.79834],[12.37436,41.8006],[12.37058,41.80211],[12.36799,41.80282],[12.36662,41.80314],[12.36397,41.80351],[12.36041,41.80348],[12.35784,41.80316],[12.35773,41.80306],[12.35784,41.8028],[12.35778,41.80039],[12.35815,41.79959],[12.35702,41.79921],[12.35549,41.79799],[12.35414,41.79637],[12.35322,41.79427],[12.35228,41.79334],[12.3514,41.79212],[12.34778,41.79141],[12.34841,41.78964],[12.34947,41.78424],[12.34961,41.78419],[12.35005,41.78159],[12.34996,41.78],[12.34999,41.7792]]]},"properties":{"zona":"E31","linkzona":"RM00000103","fascia":"E","fascia_label":"Suburbana","descr":"ACILIA NORD (VIA DEI MONTI DI SAN PAOLO)","semestre":"2025-S2","loc_min":8.0,"loc_max":11.0,"loc_mid":9.5,"sale_min":1750.0,"sale_max":2350.0,"sup":"L","tipologia":"Abitazioni civili","stato":"NORMALE"}},{"type":"Feature","geometry":{"type":"Polygon","coordinates":[[[12.58904,41.84004],[12.58748,41.84022],[12.58696,41.84079],[12.58529,41.84194],[12.58461,41.84271],[12.58372,41.84335],[12.58317,41.84352],[12.57592,41.84856],[12.57531,41.84847],[12.57479,41.84762],[12.57395,41.8461],[12.57357,41.84581],[12.56853,41.84404],[12.56762,41.84368],[12.57239,41.83871],[12.57008,41.83744],[12.57019,41.83696],[12.56972,41.83612],[12.56943,41.83516],[12.56978,41.83454],[12.56949,41.8343],[12.57164,41.83226],[12.57401,41.83012],[12.57495,41.82884],[12.57519,41.8287],[12.5763,41.82655],[12.57715,41.82461],[12.57821,41.82376],[12.58004,41.82293],[12.58063,41.82278],[12.58167,41.82432],[12.58141,41.82476],[12.58082,41.82632],[12.58093,41.82683],[12.58155,41.82729],[12.58267,41.82927],[12.58255,41.82978],[12.58313,41.83006],[12.58415,41.83161],[12.58504,41.83242],[12.58599,41.83315],[12.58711,41.83372],[12.58758,41.83412],[12.58796,41.83364],[12.5892,41.83543],[12.59044,41.83746],[12.59014,41.83791],[12.59049,41.83802],[12.59088,41.83892],[12.5915,41.83957],[12.59249,41.83941],[12.59292,41.83955],[12.59172,41.8397],[12.59166,41.84003],[12.59149,41.83979],[12.58904,41.84004]]]},"properties":{"zona":"E49","linkzona":"RM00000764","fascia":"E","fascia_label":"Suburbana","descr":"OSTERIA DEL CURATO-LUCREZIA ROMANA (VIA DELLE CAPANNELLE)","semestre":"2025-S2","loc_min":8.8,"loc_max":12.3,"loc_mid":10.55,"sale_min":2250.0,"sale_max":3200.0,"sup":"L","tipologia":"Abitazioni civili","stato":"NORMALE"}},{"type":"Feature","geometry":{"type":"Polygon","coordinates":[[[12.50604,42.00859],[12.50534,42.00818],[12.50472,42.00758],[12.50476,42.00644],[12.50539,42.00548],[12.50588,42.0051],[12.50671,42.00474],[12.51003,42.00374],[12.51183,42.00337],[12.51328,42.00288],[12.51449,42.00197],[12.51531,42.00107],[12.51614,41.99909],[12.51598,41.99792],[12.51567,41.99701],[12.51542,41.9965],[12.51627,41.99599],[12.51675,41.99602],[12.51777,41.99658],[12.51896,41.99676],[12.52166,41.99656],[12.52349,41.99673],[12.52506,41.99726],[12.52559,41.99735],[12.52762,41.99715],[12.52785,41.99724],[12.52881,42.00267],[12.5287,42.00434],[12.52886,42.00496],[12.52899,42.00703],[12.52924,42.00826],[12.5301,42.01158],[12.52992,42.0123],[12.53025,42.01295],[12.5297,42.01331],[12.52994,42.01422],[12.52969,42.01442],[12.52805,42.01405],[12.5256,42.01404],[12.52564,42.01445],[12.52815,42.01447],[12.53,42.0148],[12.53017,42.016],[12.53108,42.01595],[12.53198,42.01644],[12.53173,42.01721],[12.53085,42.01753],[12.53043,42.018],[12.53041,42.01882],[12.53024,42.01907],[12.52936,42.01873],[12.52632,42.01825],[12.52538,42.01833],[12.52314,42.01782],[12.52162,42.01797],[12.51984,42.01743],[12.51889,42.01741],[12.51847,42.01531],[12.51733,42.01326],[12.5167,42.01227],[12.51558,42.01112],[12.51471,42.01062],[12.51399,42.01046],[12.51306,42.01004],[12.51135,42.00962],[12.50954,42.0093],[12.50728,42.00902],[12.50604,42.00859]]]},"properties":{"zona":"E50","linkzona":"RM00000765","fascia":"E","fascia_label":"Suburbana","descr":"SETTEBAGNI (VIA S.ANTONIO DA PADOVA)","semestre":"2025-S2","loc_min":7.8,"loc_max":11.3,"loc_mid":9.55,"sale_min":1800.0,"sale_max":2650.0,"sup":"L","tipologia":"Abitazioni civili","stato":"NORMALE"}},{"type":"Feature","geometry":{"type":"Polygon","coordinates":[[[12.56693,41.96465],[12.56501,41.96551],[12.5632,41.96639],[12.56043,41.96762],[12.55779,41.96874],[12.55628,41.96951],[12.5539,41.97048],[12.55115,41.97171],[12.5511,41.97185],[12.54799,41.97322],[12.54774,41.97327],[12.5465,41.97258],[12.54525,41.97171],[12.54368,41.97092],[12.54342,41.97088],[12.54483,41.96929],[12.54568,41.96758],[12.54616,41.96717],[12.54892,41.96586],[12.5494,41.9658],[12.54907,41.96455],[12.54812,41.96285],[12.54748,41.96193],[12.54714,41.96079],[12.5463,41.95849],[12.54545,41.95681],[12.54519,41.95526],[12.54984,41.95285],[12.54949,41.95245],[12.55036,41.95198],[12.55142,41.95344],[12.55246,41.95319],[12.55333,41.95335],[12.55453,41.95324],[12.55442,41.95287],[12.55331,41.95097],[12.55545,41.95032],[12.55639,41.95056],[12.5597,41.9517],[12.56093,41.95191],[12.56125,41.95187],[12.56224,41.95214],[12.56336,41.95218],[12.56448,41.95211],[12.56472,41.95191],[12.56729,41.95202],[12.56797,41.95224],[12.57046,41.95254],[12.57093,41.95251],[12.57173,41.95216],[12.57231,41.95284],[12.57349,41.95363],[12.5781,41.95634],[12.57882,41.95669],[12.58108,41.95742],[12.57985,41.95832],[12.57786,41.95967],[12.57647,41.96031],[12.57623,41.96016],[12.57521,41.96075],[12.57113,41.96252],[12.56941,41.96338],[12.56682,41.96444],[12.56693,41.96465]]]},"properties":{"zona":"E51","linkzona":"RM00000766","fascia":"E","fascia_label":"Suburbana","descr":"CASAL BOCCONE BUFALOTTA (VIA PAOLO MONELLI)","semestre":"2025-S2","loc_min":12.8,"loc_max":18.0,"loc_mid":15.4,"sale_min":3400.0,"sale_max":4700.0,"sup":"L","tipologia":"Abitazioni civili","stato":"NORMALE"}},{"type":"Feature","geometry":{"type":"Polygon","coordinates":[[[12.6566,41.91971],[12.65616,41.9194],[12.65406,41.91936],[12.65329,41.91879],[12.65284,41.91784],[12.65252,41.91683],[12.65152,41.91555],[12.6507,41.91485],[12.64976,41.91331],[12.64913,41.91256],[12.64779,41.91172],[12.64654,41.91137],[12.64833,41.91043],[12.64908,41.90986],[12.64908,41.90823],[12.64919,41.90682],[12.6545,41.90417],[12.65419,41.90397],[12.65309,41.90387],[12.65081,41.90278],[12.65361,41.9006],[12.65401,41.89989],[12.65497,41.89876],[12.65581,41.89823],[12.65614,41.89773],[12.65628,41.89693],[12.6575,41.89594],[12.65792,41.89466],[12.65755,41.89394],[12.65753,41.8933],[12.6578,41.8926],[12.65893,41.8915],[12.65951,41.89148],[12.66116,41.89061],[12.66221,41.89063],[12.66389,41.89095],[12.66806,41.89075],[12.6707,41.89084],[12.67379,41.89061],[12.6752,41.89067],[12.67797,41.89065],[12.67921,41.89049],[12.68049,41.89046],[12.68046,41.89056],[12.6753,41.89924],[12.67387,41.90123],[12.6788,41.90311],[12.67705,41.90647],[12.67619,41.90609],[12.67688,41.90544],[12.6764,41.90519],[12.67576,41.90589],[12.67381,41.90499],[12.67298,41.90658],[12.67216,41.90712],[12.67158,41.908],[12.67226,41.90826],[12.67107,41.91012],[12.66964,41.91138],[12.66716,41.91305],[12.66641,41.91326],[12.66628,41.91376],[12.66485,41.91468],[12.66452,41.91548],[12.66464,41.91641],[12.66435,41.91703],[12.66364,41.91963],[12.66265,41.92016],[12.66232,41.92072],[12.66157,41.92102],[12.66133,41.92177],[12.66037,41.92195],[12.65932,41.92159],[12.65798,41.92054],[12.65772,41.92009],[12.6566,41.91971]]]},"properties":{"zona":"E53","linkzona":"RM00000768","fascia":"E","fascia_label":"Suburbana","descr":"PONTE DI NONA (VIA LUIGI GASTINELLI)","semestre":"2025-S2","loc_min":8.3,"loc_max":11.5,"loc_mid":9.9,"sale_min":1650.0,"sale_max":2400.0,"sup":"L","tipologia":"Abitazioni civili","stato":"NORMALE"}},{"type":"Feature","geometry":{"type":"Polygon","coordinates":[[[12.51231,41.79412],[12.50992,41.79419],[12.50941,41.79415],[12.50761,41.79428],[12.50322,41.79486],[12.50153,41.79504],[12.49558,41.79583],[12.49281,41.79611],[12.492,41.79625],[12.48763,41.79675],[12.48648,41.79693],[12.48077,41.79752],[12.48069,41.79665],[12.48078,41.79548],[12.48105,41.79455],[12.48078,41.79218],[12.48082,41.79179],[12.48129,41.79085],[12.48137,41.79036],[12.48237,41.78953],[12.48302,41.78887],[12.4839,41.78849],[12.48369,41.78785],[12.48399,41.78721],[12.48553,41.78691],[12.48655,41.78689],[12.4869,41.78668],[12.4888,41.78653],[12.48946,41.78677],[12.48993,41.78675],[12.49082,41.78631],[12.49256,41.78601],[12.49457,41.78588],[12.49514,41.78607],[12.49632,41.78614],[12.49825,41.7851],[12.49891,41.78453],[12.49986,41.78393],[12.50111,41.78541],[12.50102,41.78605],[12.50237,41.78605],[12.50316,41.7859],[12.50387,41.78672],[12.50423,41.78793],[12.50476,41.78834],[12.50649,41.7878],[12.50851,41.78698],[12.5091,41.78758],[12.51086,41.78861],[12.51291,41.79038],[12.51362,41.79155],[12.51231,41.79412]]]},"properties":{"zona":"E185","linkzona":"RM00003682","fascia":"E","fascia_label":"Suburbana","descr":"FONTE LAURENTINA (VIA EDOARDO AMALDI)","semestre":"2025-S2","loc_min":12.0,"loc_max":16.0,"loc_mid":14.0,"sale_min":2700.0,"sale_max":3500.0,"sup":"L","tipologia":"Abitazioni civili","stato":"NORMALE"}},{"type":"Feature","geometry":{"type":"Polygon","coordinates":[[[12.54782,41.884],[12.54664,41.88334],[12.54713,41.88284],[12.54764,41.88208],[12.54853,41.88183],[12.54832,41.88106],[12.54951,41.88086],[12.54899,41.87904],[12.54969,41.87888],[12.55034,41.88003],[12.55161,41.87975],[12.55075,41.87728],[12.55214,41.87687],[12.55417,41.87621],[12.55505,41.87595],[12.55875,41.87502],[12.55871,41.87534],[12.55763,41.87546],[12.55726,41.87577],[12.55725,41.87641],[12.55929,41.87923],[12.55984,41.87948],[12.55977,41.87981],[12.56026,41.87998],[12.56057,41.88066],[12.5605,41.88177],[12.5606,41.88279],[12.56092,41.88297],[12.561,41.8839],[12.56018,41.88347],[12.55841,41.88354],[12.55665,41.88372],[12.55523,41.88378],[12.55116,41.8841],[12.5494,41.88488],[12.54782,41.884]]]},"properties":{"zona":"D52","linkzona":"RM00001093","fascia":"D","fascia_label":"Periferica","descr":"CASILINO VILLA DE SANTIS (VIA ROMOLO BALZANI)","semestre":"2025-S2","loc_min":8.8,"loc_max":12.8,"loc_mid":10.8,"sale_min":2100.0,"sale_max":3100.0,"sup":"L","tipologia":"Abitazioni civili","stato":"NORMALE"}},{"type":"Feature","geometry":{"type":"Polygon","coordinates":[[[12.48126,41.82023],[12.48209,41.81872],[12.48293,41.81779],[12.48317,41.81762],[12.48334,41.81772],[12.49033,41.81478],[12.4914,41.81407],[12.49246,41.81497],[12.49344,41.81698],[12.49398,41.81785],[12.4944,41.81773],[12.49493,41.81814],[12.49587,41.81861],[12.49623,41.81854],[12.49921,41.8174],[12.49996,41.81702],[12.5008,41.81634],[12.50102,41.81656],[12.50101,41.81728],[12.50134,41.81845],[12.50183,41.81879],[12.50115,41.81888],[12.50082,41.81933],[12.50003,41.81987],[12.49897,41.82025],[12.4982,41.82087],[12.49754,41.82296],[12.49773,41.82406],[12.49744,41.82495],[12.49672,41.82607],[12.49673,41.82648],[12.49556,41.82684],[12.49102,41.82675],[12.49049,41.82648],[12.4896,41.82579],[12.48786,41.82546],[12.48685,41.82564],[12.48612,41.82606],[12.48585,41.82479],[12.48541,41.82446],[12.48399,41.82468],[12.48196,41.82555],[12.47926,41.82545],[12.47971,41.82309],[12.47986,41.82258],[12.48059,41.82184],[12.48119,41.82099],[12.48126,41.82023]]]},"properties":{"zona":"D28","linkzona":"RM00000190","fascia":"D","fascia_label":"Periferica","descr":"GIULIANO DALMATA (VIA MATTEO BARTOLI)","semestre":"2025-S2","loc_min":10.3,"loc_max":14.3,"loc_mid":12.3,"sale_min":2650.0,"sale_max":3800.0,"sup":"L","tipologia":"Abitazioni civili","stato":"NORMALE"}},{"type":"Feature","geometry":{"type":"Polygon","coordinates":[[[12.45948,41.85862],[12.4597,41.85885],[12.46138,41.85996],[12.46189,41.86045],[12.46266,41.86167],[12.46316,41.86286],[12.46298,41.8634],[12.46298,41.86427],[12.46279,41.86494],[12.46226,41.86561],[12.46204,41.86643],[12.46142,41.86641],[12.45964,41.86571],[12.45802,41.8649],[12.45565,41.86408],[12.4538,41.86304],[12.45288,41.86227],[12.45239,41.86203],[12.45238,41.86183],[12.45094,41.85978],[12.44923,41.85863],[12.44768,41.85823],[12.44588,41.85614],[12.44455,41.85528],[12.44303,41.85466],[12.44037,41.8534],[12.44031,41.85323],[12.44168,41.85111],[12.44223,41.85045],[12.4437,41.84592],[12.44415,41.84559],[12.44442,41.84321],[12.44558,41.84066],[12.44675,41.83986],[12.449,41.83894],[12.44967,41.83852],[12.45132,41.84094],[12.45375,41.8444],[12.45428,41.84539],[12.45468,41.84657],[12.45515,41.84882],[12.45521,41.85023],[12.45545,41.85055],[12.456,41.85284],[12.45592,41.85311],[12.45661,41.85576],[12.4569,41.85584],[12.45753,41.85694],[12.45823,41.85772],[12.45928,41.85858],[12.45948,41.85862]]]},"properties":{"zona":"D7","linkzona":"RM00000149","fascia":"D","fascia_label":"Periferica","descr":"PORTUENSE (VIA PROSPERO COLONNA)","semestre":"2025-S2","loc_min":10.5,"loc_max":15.0,"loc_mid":12.75,"sale_min":2550.0,"sale_max":3600.0,"sup":"L","tipologia":"Abitazioni civili","stato":"NORMALE"}},{"type":"Feature","geometry":{"type":"Polygon","coordinates":[[[12.49023,42.01253],[12.49113,42.00894],[12.49156,42.00795],[12.49907,42.00915],[12.49947,42.00815],[12.50168,42.0085],[12.5018,42.01003],[12.50198,42.01069],[12.50082,42.01199],[12.5043,42.0173],[12.50491,42.01734],[12.50242,42.01886],[12.50044,42.0194],[12.50005,42.01943],[12.49934,42.02011],[12.49565,42.02069],[12.49752,42.02171],[12.49684,42.02243],[12.49644,42.02309],[12.49601,42.02321],[12.49496,42.0227],[12.49484,42.02234],[12.49407,42.02141],[12.49333,42.02099],[12.49278,42.02099],[12.48808,42.01994],[12.48924,42.01654],[12.49023,42.01253]]]},"properties":{"zona":"R28","linkzona":"RM00001499","fascia":"R","fascia_label":"Extraurbana","descr":"CIMITERO PRIMA PORTA","semestre":"2025-S2","loc_min":null,"loc_max":null,"loc_mid":null,"nonres":true}},{"type":"Feature","geometry":{"type":"Polygon","coordinates":[[[12.44196,41.81441],[12.44233,41.81478],[12.44299,41.81602],[12.44315,41.81599],[12.44411,41.81744],[12.44394,41.81767],[12.44422,41.81817],[12.44408,41.81887],[12.44417,41.8195],[12.44448,41.82006],[12.44322,41.82139],[12.44124,41.82327],[12.43423,41.81801],[12.43281,41.8169],[12.43301,41.81666],[12.43408,41.81723],[12.43469,41.81701],[12.43552,41.81748],[12.43729,41.81754],[12.43893,41.81712],[12.43787,41.81634],[12.43878,41.8164],[12.43973,41.81589],[12.43971,41.81553],[12.44196,41.81441]]]},"properties":{"zona":"D81","linkzona":"RM00003642","fascia":"D","fascia_label":"Periferica","descr":"DECIMA (VIALE CAMILLO SABATINI)","semestre":"2025-S2","loc_min":8.3,"loc_max":12.3,"loc_mid":10.3,"sale_min":2000.0,"sale_max":2950.0,"sup":"L","tipologia":"Abitazioni civili","stato":"NORMALE"}},{"type":"Feature","geometry":{"type":"Polygon","coordinates":[[[12.51817,41.82682],[12.51795,41.82673],[12.51636,41.82702],[12.51418,41.82703],[12.51291,41.82718],[12.50729,41.8271],[12.50631,41.82702],[12.50485,41.82674],[12.50343,41.82659],[12.50215,41.82668],[12.4985,41.82599],[12.49728,41.82595],[12.49672,41.82607],[12.49744,41.82495],[12.49773,41.82406],[12.49754,41.82296],[12.4982,41.82087],[12.49897,41.82025],[12.50003,41.81987],[12.50082,41.81933],[12.50115,41.81888],[12.50183,41.81879],[12.502,41.81974],[12.50309,41.82011],[12.50387,41.81984],[12.50438,41.81985],[12.50632,41.81898],[12.50694,41.81905],[12.50747,41.81885],[12.50849,41.81879],[12.50976,41.81929],[12.51101,41.81891],[12.51144,41.81898],[12.5133,41.81841],[12.51415,41.8178],[12.51479,41.8177],[12.51709,41.8166],[12.51732,41.81685],[12.5172,41.81766],[12.51756,41.81766],[12.51814,41.81706],[12.5189,41.81706],[12.52251,41.81535],[12.52222,41.81809],[12.52184,41.81914],[12.52041,41.82109],[12.51842,41.82356],[12.51808,41.82418],[12.51801,41.82462],[12.51817,41.82682]]]},"properties":{"zona":"D32","linkzona":"RM00000073","fascia":"D","fascia_label":"Periferica","descr":"FONTE MERAVIGLIOSA-ARDEATINO MILLEVOI(VIA STEFANO GRADI)","semestre":"2025-S2","loc_min":9.5,"loc_max":13.0,"loc_mid":11.25,"sale_min":2700.0,"sale_max":3600.0,"sup":"L","tipologia":"Abitazioni civili","stato":"NORMALE"}},{"type":"Feature","geometry":{"type":"Polygon","coordinates":[[[12.57075,41.93687],[12.5705,41.93696],[12.57147,41.93927],[12.57147,41.93928],[12.56898,41.93955],[12.56842,41.9397],[12.56547,41.93833],[12.56369,41.93751],[12.56282,41.93724],[12.56249,41.93689],[12.55956,41.93517],[12.55886,41.9346],[12.55714,41.93393],[12.55738,41.93327],[12.5582,41.9326],[12.55774,41.93256],[12.55582,41.93279],[12.55455,41.93233],[12.55397,41.93166],[12.55341,41.93212],[12.55023,41.92918],[12.55097,41.92898],[12.55212,41.92841],[12.55298,41.92833],[12.55422,41.9285],[12.5551,41.92816],[12.55544,41.92768],[12.55521,41.92631],[12.55555,41.92595],[12.55641,41.92595],[12.55695,41.92576],[12.55811,41.92488],[12.55862,41.92431],[12.5591,41.92407],[12.55993,41.92395],[12.56051,41.92432],[12.56103,41.92508],[12.56178,41.92544],[12.56288,41.92531],[12.56388,41.92498],[12.56565,41.92375],[12.56698,41.92329],[12.56703,41.92355],[12.56817,41.92322],[12.56948,41.92404],[12.57241,41.92491],[12.57318,41.92514],[12.57373,41.92558],[12.57455,41.92671],[12.57637,41.92857],[12.57676,41.92888],[12.57735,41.93017],[12.57391,41.93094],[12.5731,41.93082],[12.57273,41.93106],[12.57195,41.93115],[12.5687,41.93191],[12.57075,41.93687]]]},"properties":{"zona":"D59","linkzona":"RM00001100","fascia":"D","fascia_label":"Periferica","descr":"CASAL DEI PAZZI (VIA DI CASAL DEI PAZZI)","semestre":"2025-S2","loc_min":9.8,"loc_max":14.5,"loc_mid":12.15,"sale_min":2050.0,"sale_max":3000.0,"sup":"L","tipologia":"Abitazioni civili","stato":"NORMALE"}},{"type":"Feature","geometry":{"type":"Polygon","coordinates":[[[12.41388,41.84685],[12.41468,41.84738],[12.41462,41.84758],[12.41544,41.84873],[12.41563,41.84868],[12.41648,41.85065],[12.41671,41.85157],[12.41731,41.85314],[12.41405,41.85461],[12.41341,41.85512],[12.41216,41.85423],[12.41132,41.85346],[12.41059,41.85251],[12.40891,41.84915],[12.40919,41.84773],[12.40866,41.84645],[12.40998,41.84598],[12.41038,41.84604],[12.41052,41.84658],[12.41175,41.84676],[12.41242,41.84788],[12.41368,41.84801],[12.41446,41.84798],[12.41372,41.84694],[12.41388,41.84685]]]},"properties":{"zona":"D72","linkzona":"RM00003343","fascia":"D","fascia_label":"Periferica","descr":"CORVIALE (VIA MARINO MAZZACURATI)","semestre":"2025-S2","loc_min":7.8,"loc_max":11.3,"loc_mid":9.55,"sup":"L","tipologia":"Abitazioni di tipo economico","stato":"NORMALE"}},{"type":"Feature","geometry":{"type":"Polygon","coordinates":[[[12.51817,41.82682],[12.51836,41.82722],[12.51826,41.82889],[12.51783,41.83049],[12.51733,41.83142],[12.51736,41.83184],[12.5178,41.83379],[12.51851,41.83505],[12.51883,41.83615],[12.51877,41.83757],[12.51808,41.8393],[12.51611,41.84199],[12.51552,41.8433],[12.51553,41.84384],[12.5164,41.84528],[12.51644,41.84579],[12.51619,41.84696],[12.51566,41.84812],[12.51555,41.84858],[12.51555,41.8483],[12.51423,41.84844],[12.51241,41.84822],[12.51116,41.84855],[12.51052,41.84851],[12.50949,41.84789],[12.50961,41.84754],[12.50893,41.84737],[12.50701,41.84811],[12.50648,41.8485],[12.50438,41.84893],[12.50422,41.84854],[12.50312,41.84829],[12.50446,41.84639],[12.50484,41.84489],[12.50423,41.84453],[12.50376,41.84499],[12.5003,41.84205],[12.49977,41.8417],[12.49936,41.83868],[12.49854,41.83724],[12.49847,41.83655],[12.49874,41.83483],[12.49867,41.83334],[12.49848,41.83231],[12.49759,41.83083],[12.49694,41.82924],[12.49694,41.82869],[12.4967,41.82801],[12.49673,41.82648],[12.49672,41.82607],[12.49728,41.82595],[12.4985,41.82599],[12.50215,41.82668],[12.50343,41.82659],[12.50485,41.82674],[12.50631,41.82702],[12.50729,41.8271],[12.51291,41.82718],[12.51418,41.82703],[12.51636,41.82702],[12.51795,41.82673],[12.51817,41.82682]]]},"properties":{"zona":"D36","linkzona":"RM00000802","fascia":"D","fascia_label":"Periferica","descr":"GROTTA PERFETTA-ROMA 70 (VIALE ERMINIO SPALLA)","semestre":"2025-S2","loc_min":8.8,"loc_max":12.0,"loc_mid":10.4,"sale_min":2450.0,"sale_max":3500.0,"sup":"L","tipologia":"Abitazioni civili","stato":"NORMALE"}},{"type":"Feature","geometry":{"type":"Polygon","coordinates":[[[12.52863,41.92776],[12.52908,41.92767],[12.529,41.92821],[12.5292,41.93055],[12.52948,41.93113],[12.5303,41.93197],[12.53174,41.9329],[12.53239,41.93345],[12.53317,41.9343],[12.5331,41.935],[12.53264,41.9355],[12.53031,41.93679],[12.52879,41.93728],[12.5277,41.93779],[12.52709,41.93769],[12.52684,41.93724],[12.52588,41.93605],[12.52587,41.93571],[12.52681,41.9345],[12.52627,41.93415],[12.52526,41.93431],[12.52404,41.93519],[12.5237,41.93539],[12.52335,41.93551],[12.52368,41.93539],[12.52307,41.93484],[12.52348,41.93358],[12.52396,41.93294],[12.5253,41.93188],[12.52681,41.93078],[12.52662,41.93045],[12.52721,41.93038],[12.52789,41.9297],[12.52846,41.92839],[12.52863,41.92776]]]},"properties":{"zona":"D47","linkzona":"RM00001088","fascia":"D","fascia_label":"Periferica","descr":"SACCO PASTORE (VIA VAL TROMPIA)","semestre":"2025-S2","loc_min":10.5,"loc_max":15.0,"loc_mid":12.75,"sale_min":2750.0,"sale_max":3900.0,"sup":"L","tipologia":"Abitazioni civili","stato":"NORMALE"}},{"type":"Feature","geometry":{"type":"MultiPolygon","coordinates":[[[[12.58587,41.85715],[12.58607,41.8565],[12.58556,41.85606],[12.58456,41.85571],[12.58446,41.85526],[12.58401,41.85484],[12.58376,41.85388],[12.58365,41.85333],[12.58101,41.85137],[12.57964,41.85079],[12.57563,41.84871],[12.57529,41.84846],[12.57479,41.84762],[12.57531,41.84847],[12.57592,41.84856],[12.58317,41.84352],[12.58372,41.84335],[12.58461,41.84271],[12.58529,41.84194],[12.58696,41.84079],[12.58748,41.84022],[12.58904,41.84004],[12.59149,41.83979],[12.59166,41.84003],[12.59179,41.8404],[12.59253,41.84169],[12.59235,41.84184],[12.59219,41.84272],[12.59149,41.84536],[12.5905,41.84675],[12.59581,41.84756],[12.59581,41.84757],[12.59624,41.84872],[12.59601,41.84891],[12.59703,41.85221],[12.59698,41.85255],[12.59664,41.85239],[12.59597,41.85263],[12.5959,41.853],[12.59489,41.85372],[12.59382,41.85424],[12.59316,41.85441],[12.59092,41.85526],[12.58603,41.85702],[12.58587,41.85715]]],[[[12.59627,41.85298],[12.59679,41.85261],[12.5972,41.85304],[12.59627,41.85298]]]]},"properties":{"zona":"E141","linkzona":"RM00001177","fascia":"E","fascia_label":"Suburbana","descr":"CINECITTA` EST (VIALE ANTONIO CIAMARRA)","semestre":"2025-S2","loc_min":7.0,"loc_max":10.0,"loc_mid":8.5,"sale_min":1950.0,"sale_max":2600.0,"sup":"L","tipologia":"Abitazioni civili","stato":"NORMALE"}},{"type":"Feature","geometry":{"type":"Polygon","coordinates":[[[12.61446,41.85581],[12.614,41.85481],[12.61273,41.85412],[12.61207,41.85396],[12.61236,41.85305],[12.61217,41.85225],[12.61241,41.85188],[12.61311,41.85156],[12.61422,41.8513],[12.61443,41.85103],[12.61423,41.85039],[12.61491,41.84996],[12.6152,41.84932],[12.61366,41.84842],[12.61346,41.84818],[12.61244,41.84797],[12.61516,41.84703],[12.6148,41.84679],[12.61859,41.84526],[12.62076,41.84454],[12.62447,41.84324],[12.62458,41.84326],[12.62695,41.84232],[12.62938,41.84151],[12.63134,41.84077],[12.63134,41.84085],[12.63618,41.83909],[12.63899,41.83801],[12.64248,41.83677],[12.64513,41.83579],[12.64654,41.83519],[12.64655,41.83576],[12.64875,41.83488],[12.65099,41.83406],[12.65247,41.83368],[12.6522,41.83433],[12.65158,41.83535],[12.65189,41.83602],[12.65169,41.83653],[12.65203,41.83687],[12.65231,41.83787],[12.65192,41.83839],[12.65115,41.8385],[12.65103,41.83885],[12.65047,41.83935],[12.6506,41.84022],[12.65023,41.84163],[12.6506,41.84178],[12.65047,41.84248],[12.65097,41.84335],[12.65087,41.84372],[12.65167,41.84429],[12.65182,41.84515],[12.65205,41.84533],[12.65178,41.84588],[12.65123,41.8465],[12.65109,41.84727],[12.6507,41.84737],[12.65066,41.84788],[12.64975,41.84852],[12.6487,41.84828],[12.6473,41.84861],[12.64704,41.84881],[12.64472,41.84957],[12.64422,41.84996],[12.64396,41.85058],[12.64223,41.85096],[12.64145,41.85172],[12.64167,41.85245],[12.64145,41.85313],[12.64073,41.85369],[12.64021,41.85361],[12.63649,41.85766],[12.63612,41.85881],[12.63524,41.85866],[12.63484,41.85964],[12.63439,41.85985],[12.63377,41.85888],[12.63218,41.85973],[12.63204,41.85956],[12.62996,41.86019],[12.62968,41.86029],[12.62967,41.86032],[12.62972,41.86036],[12.62983,41.86048],[12.62916,41.85993],[12.62909,41.85925],[12.62786,41.85897],[12.6274,41.85838],[12.6268,41.85865],[12.62603,41.85789],[12.62489,41.85738],[12.62466,41.85745],[12.62544,41.85661],[12.62567,41.85615],[12.62668,41.85202],[12.62644,41.85183],[12.62545,41.85602],[12.62505,41.85655],[12.62407,41.85642],[12.62342,41.85674],[12.62185,41.85646],[12.62121,41.85615],[12.62016,41.85615],[12.61801,41.85581],[12.61701,41.85555],[12.61625,41.85577],[12.61478,41.8557],[12.61446,41.85581]]]},"properties":{"zona":"E143","linkzona":"RM00001179","fascia":"E","fascia_label":"Suburbana","descr":"TOR VERGATA UNIVERSITA`-PASSO LOMBARDO (VIA DI PASSO LOMBARDO)","semestre":"2025-S2","loc_min":8.0,"loc_max":11.8,"loc_mid":9.9,"sale_min":1800.0,"sale_max":2650.0,"sup":"L","tipologia":"Abitazioni civili","stato":"NORMALE"}},{"type":"Feature","geometry":{"type":"Polygon","coordinates":[[[12.57265,41.81226],[12.57269,41.81228],[12.5714,41.81371],[12.57082,41.81451],[12.56858,41.81842],[12.56538,41.82186],[12.56495,41.82206],[12.56183,41.82429],[12.5616,41.82394],[12.56138,41.82237],[12.56108,41.822],[12.56054,41.82193],[12.55923,41.82217],[12.55847,41.82198],[12.55674,41.82056],[12.55607,41.8203],[12.55229,41.82367],[12.55058,41.82264],[12.5497,41.82185],[12.54937,41.82191],[12.54711,41.82402],[12.54568,41.82269],[12.53703,41.82309],[12.53552,41.82194],[12.53389,41.81989],[12.53222,41.81822],[12.53012,41.8166],[12.52551,41.8209],[12.52571,41.82327],[12.52562,41.8241],[12.52345,41.82599],[12.52073,41.82515],[12.51976,41.82491],[12.51847,41.82446],[12.51808,41.82418],[12.51842,41.82356],[12.52041,41.82109],[12.52184,41.81914],[12.52222,41.81809],[12.52251,41.81535],[12.52281,41.81487],[12.52347,41.8143],[12.52445,41.81365],[12.52534,41.81319],[12.52586,41.81279],[12.52608,41.81223],[12.52681,41.81148],[12.52834,41.81054],[12.52918,41.80969],[12.5302,41.8085],[12.53143,41.80778],[12.53229,41.80704],[12.53343,41.80653],[12.53394,41.80602],[12.53413,41.80554],[12.53631,41.80264],[12.53662,41.80171],[12.53616,41.79997],[12.53497,41.79808],[12.53479,41.79731],[12.53499,41.79726],[12.53815,41.79798],[12.54305,41.79902],[12.54335,41.7989],[12.54612,41.79959],[12.54728,41.79977],[12.54849,41.8001],[12.54979,41.80034],[12.55129,41.80078],[12.55309,41.80149],[12.55725,41.80375],[12.55951,41.8051],[12.55971,41.80551],[12.56312,41.80741],[12.56412,41.80801],[12.56455,41.80812],[12.56612,41.80905],[12.56778,41.80987],[12.56798,41.80987],[12.57031,41.81099],[12.57083,41.81137],[12.57257,41.81212],[12.57265,41.81226]]]},"properties":{"zona":"E61","linkzona":"RM00000798","fascia":"E","fascia_label":"Suburbana","descr":"TORRICOLA (VIA DI TORRICOLA)","semestre":"2025-S2","loc_min":null,"loc_max":null,"loc_mid":null}},{"type":"Feature","geometry":{"type":"Polygon","coordinates":[[[12.47234,41.77886],[12.4718,41.77827],[12.47082,41.77756],[12.47005,41.77924],[12.46926,41.77886],[12.46729,41.77869],[12.46591,41.77845],[12.46359,41.77793],[12.46055,41.77736],[12.4602,41.77722],[12.45874,41.77602],[12.45867,41.77522],[12.45903,41.77464],[12.45919,41.77341],[12.45933,41.77321],[12.45888,41.77227],[12.45859,41.77123],[12.45876,41.7706],[12.45821,41.77016],[12.45901,41.76934],[12.45809,41.76918],[12.45713,41.76878],[12.45548,41.76864],[12.45408,41.76824],[12.45393,41.76791],[12.44967,41.76651],[12.44277,41.76605],[12.44274,41.7661],[12.43946,41.76588],[12.43896,41.76624],[12.43834,41.76636],[12.43846,41.76505],[12.4392,41.76498],[12.43971,41.76474],[12.43997,41.76419],[12.44034,41.76396],[12.44042,41.76349],[12.44083,41.76318],[12.44096,41.76273],[12.44193,41.76269],[12.44295,41.76067],[12.4436,41.75984],[12.44435,41.75837],[12.44564,41.75587],[12.44612,41.75522],[12.44764,41.75143],[12.44768,41.75103],[12.44888,41.74994],[12.45109,41.74806],[12.4514,41.74754],[12.4522,41.74755],[12.45308,41.74738],[12.45378,41.74697],[12.45622,41.74527],[12.4565,41.74478],[12.45728,41.74413],[12.45753,41.74292],[12.45785,41.74235],[12.45865,41.74048],[12.45871,41.73985],[12.45992,41.73856],[12.46121,41.73748],[12.46204,41.73704],[12.46243,41.73631],[12.46255,41.73565],[12.46233,41.7353],[12.46274,41.73479],[12.46288,41.73418],[12.46365,41.7333],[12.46438,41.73324],[12.4649,41.73268],[12.46609,41.73248],[12.4668,41.73127],[12.46773,41.73081],[12.46775,41.73027],[12.46824,41.72982],[12.46984,41.72914],[12.47012,41.72877],[12.4715,41.72781],[12.47343,41.72765],[12.47383,41.7274],[12.47463,41.72803],[12.47457,41.72856],[12.47496,41.72888],[12.4751,41.72943],[12.47633,41.73131],[12.47611,41.73146],[12.47704,41.73226],[12.47807,41.73301],[12.47836,41.73365],[12.4783,41.73405],[12.47784,41.73468],[12.47738,41.73479],[12.47729,41.7357],[12.4765,41.73636],[12.47616,41.73715],[12.47559,41.73755],[12.47501,41.73842],[12.47561,41.73904],[12.47444,41.73925],[12.47314,41.73974],[12.47241,41.74042],[12.47174,41.74159],[12.47058,41.74236],[12.46964,41.74333],[12.46984,41.74368],[12.46973,41.7445],[12.46909,41.74508],[12.47015,41.74494],[12.47299,41.74491],[12.47321,41.7455],[12.47499,41.74518],[12.47561,41.74469],[12.47588,41.74484],[12.47649,41.7459],[12.47631,41.74605],[12.47723,41.7472],[12.47761,41.74747],[12.47853,41.74732],[12.47972,41.74759],[12.48114,41.74703],[12.48181,41.74698],[12.4823,41.74714],[12.48366,41.74731],[12.48509,41.74718],[12.48587,41.74701],[12.48712,41.74707],[12.48748,41.74698],[12.48866,41.74741],[12.48954,41.74723],[12.48995,41.74767],[12.48954,41.74812],[12.48943,41.74897],[12.48735,41.7547],[12.48727,41.7599],[12.48721,41.76196],[12.48721,41.766],[12.48838,41.77039],[12.48868,41.77038],[12.48676,41.77123],[12.48573,41.77198],[12.48356,41.77376],[12.48285,41.77443],[12.48154,41.77596],[12.48109,41.77664],[12.48074,41.77654],[12.48041,41.77705],[12.47934,41.77812],[12.47859,41.77863],[12.47656,41.77958],[12.47658,41.77912],[12.47299,41.77964],[12.47273,41.77959],[12.47234,41.77886]]]},"properties":{"zona":"E62","linkzona":"RM00000805","fascia":"E","fascia_label":"Suburbana","descr":"TRIGORIA (VIA DI TRIGORIA)","semestre":"2025-S2","loc_min":11.3,"loc_max":15.8,"loc_mid":13.55,"sale_min":2050.0,"sale_max":2800.0,"sup":"L","tipologia":"Abitazioni civili","stato":"NORMALE"}},{"type":"Feature","geometry":{"type":"Polygon","coordinates":[[[12.59581,41.84756],[12.5905,41.84675],[12.59149,41.84536],[12.59219,41.84272],[12.59235,41.84184],[12.59253,41.84169],[12.59179,41.8404],[12.59166,41.84003],[12.59172,41.8397],[12.59292,41.83955],[12.59449,41.83904],[12.5961,41.83838],[12.60057,41.83685],[12.60285,41.83596],[12.60315,41.83598],[12.60317,41.83731],[12.60884,41.84275],[12.60799,41.8426],[12.60726,41.8428],[12.60544,41.84309],[12.60441,41.8434],[12.60396,41.84338],[12.60351,41.84367],[12.60428,41.84505],[12.60431,41.84616],[12.60202,41.8469],[12.59977,41.84757],[12.59747,41.84785],[12.59604,41.84794],[12.59581,41.84756]]]},"properties":{"zona":"E144","linkzona":"RM00001180","fascia":"E","fascia_label":"Suburbana","descr":"ROMANINA (VIA SCIMONELLI)","semestre":"2025-S2","loc_min":7.8,"loc_max":11.3,"loc_mid":9.55,"sale_min":1700.0,"sale_max":2500.0,"sup":"L","tipologia":"Abitazioni civili","stato":"NORMALE"}},{"type":"Feature","geometry":{"type":"MultiPolygon","coordinates":[[[[12.54535,41.90891],[12.54603,41.90915],[12.54924,41.91085],[12.55091,41.91157],[12.55215,41.91181],[12.55299,41.91212],[12.55366,41.91216],[12.55356,41.91237],[12.5523,41.91372],[12.5513,41.91445],[12.54812,41.91551],[12.54531,41.91653],[12.54472,41.91651],[12.54323,41.91712],[12.54313,41.91726],[12.54123,41.91787],[12.53968,41.91851],[12.53829,41.91894],[12.53754,41.91888],[12.53714,41.91993],[12.53514,41.91999],[12.53516,41.91971],[12.53374,41.92009],[12.5329,41.92011],[12.53092,41.92054],[12.5283,41.92119],[12.52765,41.92082],[12.52782,41.91998],[12.52795,41.91933],[12.52808,41.91853],[12.5281,41.91843],[12.52837,41.91762],[12.53054,41.91387],[12.53201,41.91239],[12.53256,41.91259],[12.53318,41.91175],[12.53445,41.90954],[12.5347,41.90921],[12.53445,41.90839],[12.53793,41.90864],[12.54434,41.9089],[12.54535,41.90891]]],[[[12.52747,41.92069],[12.52741,41.92074],[12.52758,41.91998],[12.52717,41.91993],[12.52775,41.91998],[12.52747,41.92069]]]]},"properties":{"zona":"D16","linkzona":"RM00000055","fascia":"D","fascia_label":"Periferica","descr":"PIETRALATA TIBURTINO (VIA FILIPPO MEDA)","semestre":"2025-S2","loc_min":10.3,"loc_max":14.8,"loc_mid":12.55,"sale_min":2700.0,"sale_max":3900.0,"sup":"L","tipologia":"Abitazioni civili","stato":"NORMALE"}},{"type":"Feature","geometry":{"type":"Polygon","coordinates":[[[12.5685,41.86439],[12.57018,41.8608],[12.57095,41.85881],[12.57131,41.85729],[12.57151,41.8552],[12.57136,41.85432],[12.57093,41.85336],[12.5702,41.85243],[12.57563,41.84872],[12.57528,41.84847],[12.57479,41.84762],[12.57529,41.84846],[12.57563,41.84871],[12.57964,41.85079],[12.58101,41.85137],[12.58365,41.85333],[12.58376,41.85388],[12.58387,41.85461],[12.58362,41.85567],[12.58382,41.85648],[12.58416,41.85681],[12.58258,41.85771],[12.58217,41.85842],[12.5829,41.85821],[12.58283,41.86049],[12.58266,41.86073],[12.58264,41.86151],[12.57913,41.86369],[12.57527,41.86617],[12.57289,41.86488],[12.5685,41.86439]]]},"properties":{"zona":"D20","linkzona":"RM00000140","fascia":"D","fascia_label":"Periferica","descr":"CINECITTA` LAMARO (VIA RAIMONDO SCINTU)","semestre":"2025-S2","loc_min":8.3,"loc_max":12.0,"loc_mid":10.15,"sale_min":2250.0,"sale_max":3300.0,"sup":"L","tipologia":"Abitazioni civili","stato":"NORMALE"}},{"type":"Feature","geometry":{"type":"Polygon","coordinates":[[[12.49854,41.83724],[12.49936,41.83868],[12.49977,41.8417],[12.5003,41.84205],[12.50376,41.84499],[12.50423,41.84453],[12.50484,41.84489],[12.50446,41.84639],[12.50312,41.84829],[12.50283,41.84935],[12.49924,41.8513],[12.49843,41.85107],[12.49754,41.85146],[12.49688,41.85152],[12.4948,41.8512],[12.4948,41.85132],[12.49102,41.85428],[12.49077,41.85422],[12.48279,41.84853],[12.48257,41.84865],[12.47928,41.84629],[12.47889,41.84626],[12.47892,41.84569],[12.47934,41.84537],[12.48021,41.84402],[12.48054,41.84295],[12.48061,41.8397],[12.48071,41.8382],[12.48084,41.83832],[12.48318,41.83862],[12.48483,41.83911],[12.48583,41.83896],[12.48702,41.83954],[12.48813,41.84051],[12.48874,41.84076],[12.49043,41.83978],[12.49138,41.83992],[12.49297,41.83958],[12.49476,41.83902],[12.49798,41.83727],[12.49854,41.83724]]]},"properties":{"zona":"D34","linkzona":"RM00000800","fascia":"D","fascia_label":"Periferica","descr":"MONTAGNOLA (VIA PICO DELLA MIRANDOLA)","semestre":"2025-S2","loc_min":10.0,"loc_max":14.0,"loc_mid":12.0,"sale_min":2950.0,"sale_max":3900.0,"sup":"L","tipologia":"Abitazioni civili","stato":"NORMALE"}},{"type":"Feature","geometry":{"type":"Polygon","coordinates":[[[12.57396,41.81091],[12.57501,41.80961],[12.57848,41.80585],[12.58089,41.80357],[12.58163,41.8028],[12.58364,41.80048],[12.58775,41.79677],[12.59133,41.79322],[12.59254,41.79188],[12.59526,41.78941],[12.59598,41.78858],[12.59754,41.79037],[12.59798,41.7908],[12.59774,41.79109],[12.59704,41.79125],[12.59424,41.79226],[12.59523,41.79313],[12.59716,41.7945],[12.59838,41.79565],[12.59942,41.79634],[12.59883,41.79756],[12.59661,41.79876],[12.5949,41.79975],[12.59358,41.80108],[12.59228,41.80225],[12.59134,41.80297],[12.59016,41.80492],[12.58858,41.80632],[12.58782,41.80742],[12.58761,41.80809],[12.5904,41.80999],[12.59001,41.81029],[12.58088,41.81862],[12.58009,41.81932],[12.57792,41.81813],[12.5777,41.81807],[12.5774,41.81779],[12.57481,41.81383],[12.57411,41.81306],[12.57304,41.81233],[12.573,41.81209],[12.57396,41.81091]]]},"properties":{"zona":"R23","linkzona":"RM00001494","fascia":"R","fascia_label":"Extraurbana","descr":"AEROPORTO CIAMPINO","semestre":"2025-S2","loc_min":null,"loc_max":null,"loc_mid":null,"nonres":true}},{"type":"Feature","geometry":{"type":"Polygon","coordinates":[[[12.43646,41.83414],[12.43695,41.83868],[12.43725,41.83999],[12.43707,41.84012],[12.43593,41.83984],[12.43618,41.84076],[12.43465,41.84104],[12.43467,41.8413],[12.43378,41.84129],[12.43295,41.84113],[12.43262,41.84073],[12.43176,41.84064],[12.43118,41.84029],[12.42968,41.84002],[12.42848,41.84026],[12.42717,41.83974],[12.42649,41.84017],[12.42629,41.83939],[12.42494,41.83971],[12.42397,41.83962],[12.42389,41.83905],[12.42321,41.83885],[12.42262,41.839],[12.42216,41.83968],[12.42177,41.84097],[12.42139,41.84372],[12.42191,41.84404],[12.42369,41.84458],[12.42475,41.84526],[12.42585,41.84571],[12.42602,41.8464],[12.4267,41.84695],[12.42638,41.84722],[12.42189,41.84941],[12.42149,41.84965],[12.42086,41.8491],[12.4191,41.84795],[12.41755,41.84764],[12.41574,41.84761],[12.41468,41.84738],[12.41388,41.84685],[12.41315,41.84595],[12.41177,41.84478],[12.40935,41.84334],[12.40956,41.84323],[12.41072,41.84144],[12.41226,41.8402],[12.41454,41.83747],[12.41514,41.83625],[12.41593,41.83525],[12.4168,41.83318],[12.41718,41.83248],[12.41782,41.83206],[12.41944,41.83191],[12.41962,41.83083],[12.42037,41.83164],[12.42099,41.83193],[12.42204,41.8327],[12.42281,41.83332],[12.42347,41.83367],[12.4251,41.83423],[12.42628,41.83449],[12.42769,41.83457],[12.43069,41.83438],[12.43095,41.83413],[12.4325,41.83411],[12.43243,41.83438],[12.43388,41.83431],[12.43484,41.83449],[12.43485,41.83419],[12.43646,41.83414]]]},"properties":{"zona":"D75","linkzona":"RM00003345","fascia":"D","fascia_label":"Periferica","descr":"BOSCO DEGLI ARVALI (VIA DI GENEROSA)","semestre":"2025-S2","loc_min":10.0,"loc_max":14.0,"loc_mid":12.0,"sale_min":2350.0,"sale_max":3300.0,"sup":"L","tipologia":"Abitazioni civili","stato":"NORMALE"}},{"type":"Feature","geometry":{"type":"Polygon","coordinates":[[[12.38096,41.88787],[12.38103,41.88681],[12.3814,41.8866],[12.38169,41.88524],[12.38123,41.88443],[12.38122,41.88442],[12.38276,41.88531],[12.38439,41.88599],[12.38455,41.88584],[12.38584,41.88634],[12.38694,41.88642],[12.38844,41.88565],[12.38949,41.8854],[12.39118,41.8845],[12.39211,41.8842],[12.39202,41.88391],[12.39379,41.88394],[12.39441,41.88423],[12.39651,41.8844],[12.39731,41.88466],[12.40223,41.88659],[12.40273,41.88685],[12.40457,41.88804],[12.40616,41.88863],[12.40821,41.88912],[12.40882,41.88956],[12.41099,41.88984],[12.41108,41.88943],[12.41222,41.88878],[12.41297,41.8887],[12.41618,41.88873],[12.41935,41.88844],[12.42167,41.88852],[12.42318,41.88891],[12.42506,41.88976],[12.42574,41.89014],[12.4265,41.89083],[12.42804,41.89308],[12.42881,41.89396],[12.42914,41.89499],[12.4298,41.89441],[12.43019,41.8949],[12.42962,41.89504],[12.42914,41.8957],[12.42932,41.8959],[12.42854,41.89738],[12.4281,41.89755],[12.42781,41.89836],[12.42871,41.89842],[12.42872,41.89868],[12.42792,41.89865],[12.42752,41.89887],[12.42682,41.89997],[12.426,41.90146],[12.42531,41.90154],[12.42508,41.90205],[12.42423,41.90239],[12.42136,41.90328],[12.41886,41.90355],[12.4173,41.90342],[12.41647,41.90346],[12.41513,41.90326],[12.41428,41.90301],[12.41366,41.90298],[12.41184,41.90309],[12.411,41.90326],[12.41045,41.90366],[12.40996,41.90447],[12.40885,41.90515],[12.40852,41.90612],[12.40756,41.90726],[12.40754,41.90725],[12.40682,41.90757],[12.40579,41.90753],[12.40484,41.90659],[12.40411,41.90609],[12.40306,41.90562],[12.40275,41.90507],[12.40302,41.90345],[12.40291,41.90302],[12.40341,41.90287],[12.40343,41.90171],[12.40245,41.90161],[12.40208,41.90175],[12.40088,41.90133],[12.3991,41.90082],[12.39831,41.90014],[12.39798,41.89955],[12.39796,41.89874],[12.39763,41.89798],[12.39711,41.89747],[12.39632,41.89727],[12.39627,41.89704],[12.39697,41.89653],[12.3969,41.89587],[12.39612,41.89583],[12.39551,41.89625],[12.39494,41.89642],[12.3949,41.89587],[12.39606,41.89267],[12.39579,41.8921],[12.39201,41.88973],[12.39279,41.88935],[12.39158,41.88905],[12.39121,41.88957],[12.38923,41.88885],[12.38861,41.88794],[12.38745,41.88749],[12.38682,41.88735],[12.38578,41.88732],[12.38285,41.88778],[12.3826,41.88796],[12.38263,41.88864],[12.38096,41.88787]]]},"properties":{"zona":"D77","linkzona":"RM00003401","fascia":"D","fascia_label":"Periferica","descr":"AURELIO VAL CANNUTA (VIA DI VAL CANNUTA)","semestre":"2025-S2","loc_min":12.0,"loc_max":16.8,"loc_mid":14.4,"sale_min":2950.0,"sale_max":4100.0,"sup":"L","tipologia":"Abitazioni civili","stato":"NORMALE"}},{"type":"Feature","geometry":{"type":"Polygon","coordinates":[[[12.57479,41.71448],[12.57473,41.71434],[12.57532,41.71298],[12.57645,41.71094],[12.57785,41.7086],[12.5801,41.70644],[12.58111,41.70564],[12.58339,41.70316],[12.58514,41.70138],[12.58563,41.70011],[12.58653,41.69908],[12.58755,41.69854],[12.58933,41.69809],[12.58984,41.69772],[12.59042,41.69624],[12.59218,41.694],[12.59497,41.69223],[12.59605,41.69161],[12.59717,41.69085],[12.59764,41.69066],[12.60002,41.68995],[12.60035,41.69054],[12.60204,41.69123],[12.60257,41.69137],[12.60224,41.69178],[12.60167,41.69212],[12.60047,41.69261],[12.60127,41.69292],[12.60189,41.69379],[12.60188,41.69436],[12.60209,41.69499],[12.60252,41.69547],[12.60338,41.69596],[12.60522,41.69791],[12.60293,41.69924],[12.60307,41.70001],[12.60345,41.70081],[12.60615,41.7038],[12.6067,41.70433],[12.61185,41.7077],[12.61263,41.70888],[12.61238,41.70899],[12.61041,41.70861],[12.60988,41.7084],[12.60915,41.70777],[12.60707,41.70726],[12.60462,41.70648],[12.60359,41.70762],[12.60303,41.70836],[12.6038,41.70856],[12.60361,41.71015],[12.60397,41.7109],[12.6033,41.71179],[12.60182,41.71155],[12.60034,41.71392],[12.59943,41.71578],[12.60168,41.71627],[12.60052,41.71708],[12.60028,41.71742],[12.60022,41.71817],[12.60042,41.71921],[12.60066,41.71983],[12.59973,41.71983],[12.59844,41.72056],[12.59773,41.72108],[12.59474,41.72083],[12.59313,41.7205],[12.59302,41.72061],[12.59209,41.72333],[12.59146,41.72417],[12.59145,41.72469],[12.59101,41.72537],[12.59086,41.72605],[12.5905,41.72664],[12.59055,41.72747],[12.59173,41.72753],[12.59214,41.72702],[12.59303,41.72695],[12.59323,41.72655],[12.59491,41.72608],[12.59564,41.72659],[12.59656,41.72625],[12.59602,41.72992],[12.59498,41.7299],[12.59369,41.7303],[12.59315,41.73092],[12.59266,41.73083],[12.59204,41.73108],[12.59108,41.73104],[12.59075,41.73125],[12.58948,41.73106],[12.58809,41.731],[12.5875,41.73112],[12.58569,41.7306],[12.58517,41.73029],[12.58382,41.73013],[12.58259,41.73032],[12.58204,41.73023],[12.57922,41.72861],[12.57924,41.72837],[12.57844,41.72761],[12.57829,41.72719],[12.57763,41.72719],[12.57616,41.72664],[12.57539,41.72655],[12.57488,41.72606],[12.57314,41.72525],[12.57226,41.72534],[12.57192,41.72501],[12.57077,41.72467],[12.57118,41.72402],[12.57442,41.72063],[12.57508,41.71964],[12.57522,41.71907],[12.57493,41.71722],[12.57456,41.71608],[12.5746,41.71515],[12.57479,41.71448]]]},"properties":{"zona":"E64","linkzona":"RM00000807","fascia":"E","fascia_label":"Suburbana","descr":"SANTA PALOMBA-PIAN SAVELLI (VIA DELLA STAZIONE DI PAVONA)","semestre":"2025-S2","loc_min":6.0,"loc_max":8.8,"loc_mid":7.4,"sale_min":1150.0,"sale_max":1700.0,"sup":"L","tipologia":"Abitazioni civili","stato":"NORMALE"}},{"type":"Feature","geometry":{"type":"Polygon","coordinates":[[[12.53479,41.79731],[12.53436,41.79711],[12.53464,41.79699],[12.53455,41.79593],[12.53483,41.79553],[12.5358,41.79336],[12.53561,41.79205],[12.53596,41.79119],[12.53675,41.78969],[12.5377,41.78726],[12.5377,41.78681],[12.53724,41.78505],[12.53763,41.78407],[12.53879,41.78345],[12.53999,41.78308],[12.5403,41.78287],[12.54111,41.78159],[12.54163,41.78097],[12.54163,41.78037],[12.54133,41.77932],[12.54129,41.77914],[12.54123,41.77891],[12.54142,41.77908],[12.54168,41.78018],[12.54235,41.77984],[12.543,41.77989],[12.54382,41.77967],[12.54518,41.77909],[12.54571,41.77865],[12.54694,41.77888],[12.5475,41.77926],[12.54853,41.77946],[12.5527,41.77928],[12.55443,41.77907],[12.55657,41.7779],[12.55684,41.77763],[12.55803,41.77709],[12.55939,41.77666],[12.56119,41.77585],[12.56144,41.77543],[12.56294,41.77461],[12.56434,41.77433],[12.56481,41.77407],[12.56652,41.77402],[12.56772,41.77325],[12.56787,41.77293],[12.56965,41.77169],[12.57062,41.7708],[12.57124,41.77088],[12.57261,41.77069],[12.57332,41.77047],[12.57425,41.77036],[12.57472,41.76992],[12.57561,41.76996],[12.57633,41.76982],[12.57755,41.76862],[12.57754,41.76831],[12.5784,41.76795],[12.58021,41.76748],[12.58068,41.76682],[12.58146,41.76663],[12.58201,41.76582],[12.58285,41.76533],[12.58305,41.765],[12.58363,41.76486],[12.58425,41.76505],[12.58453,41.76478],[12.585,41.76485],[12.58748,41.76784],[12.58786,41.76875],[12.58842,41.76923],[12.58839,41.77028],[12.58867,41.77091],[12.58802,41.77217],[12.58892,41.77321],[12.58948,41.77419],[12.58912,41.77514],[12.5899,41.77557],[12.5902,41.77604],[12.58889,41.77665],[12.59006,41.7798],[12.59016,41.78048],[12.59099,41.78203],[12.58982,41.78249],[12.59049,41.78307],[12.58988,41.78458],[12.59075,41.78495],[12.5903,41.7854],[12.59132,41.78584],[12.59152,41.78631],[12.59207,41.78641],[12.59263,41.78587],[12.59301,41.7858],[12.59485,41.78709],[12.59598,41.78858],[12.59526,41.78941],[12.59254,41.79188],[12.59133,41.79322],[12.58775,41.79677],[12.58364,41.80048],[12.58163,41.8028],[12.58089,41.80357],[12.57848,41.80585],[12.57501,41.80961],[12.57396,41.81091],[12.57269,41.81228],[12.57265,41.81226],[12.57257,41.81212],[12.57083,41.81137],[12.57031,41.81099],[12.56798,41.80987],[12.56778,41.80987],[12.56612,41.80905],[12.56455,41.80812],[12.56412,41.80801],[12.56312,41.80741],[12.55971,41.80551],[12.55951,41.8051],[12.55725,41.80375],[12.55309,41.80149],[12.55129,41.80078],[12.54979,41.80034],[12.54849,41.8001],[12.54728,41.79977],[12.54612,41.79959],[12.54335,41.7989],[12.54305,41.79902],[12.53815,41.79798],[12.53499,41.79726],[12.53479,41.79731]]]},"properties":{"zona":"E65","linkzona":"RM00000808","fascia":"E","fascia_label":"Suburbana","descr":"FIORANELLO (VIA DI FIORANELLO)","semestre":"2025-S2","loc_min":7.3,"loc_max":10.5,"loc_mid":8.9,"sale_min":1600.0,"sale_max":2350.0,"sup":"L","tipologia":"Abitazioni civili","stato":"NORMALE"}},{"type":"Feature","geometry":{"type":"Polygon","coordinates":[[[12.45465,41.8007],[12.4538,41.80084],[12.45282,41.79575],[12.45247,41.79434],[12.45196,41.79237],[12.45046,41.78804],[12.44722,41.78265],[12.4457,41.78036],[12.44411,41.77772],[12.44393,41.77644],[12.44369,41.7761],[12.44422,41.77427],[12.44404,41.77263],[12.44355,41.77181],[12.44356,41.77157],[12.44266,41.77121],[12.44256,41.77038],[12.44099,41.76928],[12.44048,41.76875],[12.43974,41.76831],[12.43901,41.76742],[12.43834,41.76636],[12.43896,41.76624],[12.43946,41.76588],[12.44274,41.7661],[12.44277,41.76605],[12.44967,41.76651],[12.45393,41.76791],[12.45408,41.76824],[12.45548,41.76864],[12.45713,41.76878],[12.45809,41.76918],[12.45901,41.76934],[12.45821,41.77016],[12.45876,41.7706],[12.45859,41.77123],[12.45888,41.77227],[12.45933,41.77321],[12.45919,41.77341],[12.45903,41.77464],[12.45867,41.77522],[12.45874,41.77602],[12.4602,41.77722],[12.46055,41.77736],[12.46359,41.77793],[12.46591,41.77845],[12.46729,41.77869],[12.46926,41.77886],[12.47005,41.77924],[12.47082,41.77756],[12.4718,41.77827],[12.47234,41.77886],[12.47273,41.77959],[12.47299,41.77964],[12.47658,41.77912],[12.47656,41.77958],[12.47859,41.77863],[12.47934,41.77812],[12.48041,41.77705],[12.48074,41.77654],[12.48109,41.77664],[12.4809,41.7787],[12.4809,41.77991],[12.48139,41.78248],[12.48148,41.78431],[12.48161,41.785],[12.48194,41.78573],[12.48204,41.78654],[12.48134,41.78982],[12.48137,41.79036],[12.48129,41.79085],[12.48082,41.79179],[12.48078,41.79218],[12.48105,41.79455],[12.48078,41.79548],[12.48069,41.79665],[12.48077,41.79752],[12.48076,41.79758],[12.48039,41.79776],[12.47845,41.79797],[12.47789,41.79812],[12.47696,41.79813],[12.47547,41.7984],[12.47503,41.79838],[12.4732,41.79872],[12.47278,41.79852],[12.47152,41.79864],[12.4689,41.79906],[12.46816,41.79902],[12.46585,41.7993],[12.46576,41.79946],[12.46364,41.79966],[12.46206,41.79988],[12.46131,41.79991],[12.4568,41.80052],[12.45606,41.80057],[12.45553,41.80103],[12.45465,41.8007]]]},"properties":{"zona":"E66","fascia":"E","fascia_label":"Suburbana","redefined":true,"loc_min":null,"loc_max":null,"loc_mid":null}},{"type":"Feature","geometry":{"type":"Polygon","coordinates":[[[12.5777,41.81807],[12.57792,41.81813],[12.58009,41.81932],[12.58088,41.81862],[12.58971,41.81068],[12.59048,41.81002],[12.59167,41.81085],[12.59358,41.81198],[12.59099,41.81429],[12.58385,41.82001],[12.58387,41.82019],[12.58534,41.82092],[12.58606,41.82151],[12.58671,41.82161],[12.58744,41.82134],[12.58889,41.8212],[12.59133,41.82064],[12.59158,41.82048],[12.59321,41.82004],[12.59382,41.82013],[12.59507,41.81946],[12.59644,41.81945],[12.59742,41.819],[12.59765,41.81919],[12.59889,41.81929],[12.60067,41.81883],[12.60121,41.81877],[12.60175,41.81896],[12.60227,41.81959],[12.60276,41.81992],[12.60353,41.82005],[12.60446,41.81998],[12.60622,41.81945],[12.60777,41.81969],[12.60765,41.82179],[12.60613,41.82296],[12.60534,41.82385],[12.60446,41.82446],[12.60321,41.82506],[12.60203,41.82589],[12.60125,41.82661],[12.60039,41.82765],[12.5995,41.82843],[12.59881,41.82887],[12.59738,41.83021],[12.59636,41.83161],[12.59522,41.83285],[12.59338,41.83472],[12.59211,41.83581],[12.59057,41.83735],[12.59014,41.83791],[12.59044,41.83746],[12.5892,41.83543],[12.58796,41.83364],[12.58758,41.83412],[12.58711,41.83372],[12.58599,41.83315],[12.58504,41.83242],[12.58415,41.83161],[12.58313,41.83006],[12.58255,41.82978],[12.58267,41.82927],[12.58155,41.82729],[12.58093,41.82683],[12.58082,41.82632],[12.58141,41.82476],[12.58167,41.82432],[12.58169,41.82428],[12.5792,41.82032],[12.5777,41.81807]]]},"properties":{"zona":"E147","linkzona":"RM00001183","fascia":"E","fascia_label":"Suburbana","descr":"GREGNA SANT`ANDREA (VIA PIETRO CROSTAROSA)","semestre":"2025-S2","loc_min":7.8,"loc_max":11.3,"loc_mid":9.55,"sale_min":1600.0,"sale_max":2300.0,"sup":"L","tipologia":"Abitazioni civili","stato":"NORMALE"}},{"type":"Feature","geometry":{"type":"Polygon","coordinates":[[[12.60285,41.83596],[12.60057,41.83685],[12.5961,41.83838],[12.59449,41.83904],[12.59292,41.83955],[12.59249,41.83941],[12.5915,41.83957],[12.59088,41.83892],[12.59049,41.83802],[12.59014,41.83791],[12.59057,41.83735],[12.59211,41.83581],[12.59338,41.83472],[12.59522,41.83285],[12.59636,41.83161],[12.59738,41.83021],[12.59881,41.82887],[12.5995,41.82843],[12.60049,41.82888],[12.60333,41.83206],[12.60443,41.83324],[12.6039,41.83395],[12.60351,41.83474],[12.60293,41.83523],[12.60285,41.83596]]]},"properties":{"zona":"E146","linkzona":"RM00001182","fascia":"E","fascia_label":"Suburbana","descr":"MORENA GASPERINA (VIA CROPANI)","semestre":"2025-S2","loc_min":8.8,"loc_max":12.8,"loc_mid":10.8,"sale_min":1950.0,"sale_max":2850.0,"sup":"L","tipologia":"Abitazioni civili","stato":"NORMALE"}},{"type":"Feature","geometry":{"type":"Polygon","coordinates":[[[12.34698,41.70127],[12.34833,41.70223],[12.34831,41.70225],[12.3449,41.70435],[12.34259,41.70549],[12.34171,41.70587],[12.33149,41.70987],[12.32414,41.71271],[12.32391,41.71291],[12.32432,41.71338],[12.32655,41.71242],[12.32663,41.71252],[12.32458,41.7134],[12.32313,41.71426],[12.31954,41.71595],[12.31919,41.71635],[12.31873,41.71612],[12.31122,41.71957],[12.31084,41.71985],[12.3086,41.72092],[12.30716,41.72142],[12.30278,41.72342],[12.30251,41.72412],[12.30249,41.72511],[12.30299,41.72618],[12.30398,41.72688],[12.30462,41.72718],[12.30663,41.72833],[12.30828,41.72956],[12.31033,41.73086],[12.31094,41.73118],[12.31208,41.73201],[12.31329,41.73324],[12.31565,41.73598],[12.31641,41.73678],[12.31568,41.73718],[12.31404,41.73937],[12.31393,41.74175],[12.31378,41.74233],[12.31268,41.74461],[12.30788,41.75439],[12.30745,41.75462],[12.30705,41.75548],[12.30659,41.7559],[12.30638,41.75542],[12.30582,41.75527],[12.30501,41.7546],[12.30283,41.75627],[12.30187,41.75562],[12.30146,41.75593],[12.29858,41.75392],[12.29823,41.75408],[12.28989,41.74832],[12.28933,41.74821],[12.2885,41.74845],[12.28493,41.74967],[12.28492,41.74975],[12.28174,41.75083],[12.28125,41.75092],[12.28035,41.75133],[12.2775,41.75234],[12.27744,41.75263],[12.27666,41.75306],[12.27459,41.75193],[12.2732,41.75124],[12.2712,41.75099],[12.26964,41.75054],[12.26643,41.74938],[12.26545,41.74899],[12.26124,41.74789],[12.25978,41.74742],[12.25652,41.74613],[12.25595,41.74557],[12.25473,41.74526],[12.25271,41.74488],[12.24998,41.74446],[12.24667,41.74409],[12.24534,41.7439],[12.24184,41.74318],[12.2407,41.74278],[12.2388,41.74222],[12.237,41.74145],[12.23514,41.74093],[12.23437,41.74097],[12.23281,41.74056],[12.23446,41.74002],[12.23493,41.73917],[12.23574,41.73893],[12.23836,41.73848],[12.23912,41.7386],[12.23977,41.73905],[12.24075,41.73927],[12.24157,41.73805],[12.2424,41.7375],[12.24419,41.73703],[12.24456,41.73676],[12.24484,41.7374],[12.2439,41.73719],[12.24235,41.7376],[12.24165,41.7381],[12.24111,41.73892],[12.24162,41.73964],[12.24189,41.73975],[12.24418,41.73915],[12.24535,41.73874],[12.24543,41.73844],[12.2461,41.73839],[12.24716,41.73797],[12.24744,41.73821],[12.24829,41.73812],[12.24919,41.73788],[12.24904,41.73747],[12.25026,41.73716],[12.25049,41.73756],[12.25158,41.73727],[12.2515,41.737],[12.25222,41.7368],[12.25239,41.73645],[12.25372,41.73667],[12.25424,41.7363],[12.25469,41.73634],[12.25713,41.73553],[12.2584,41.73483],[12.25913,41.73471],[12.26015,41.73419],[12.26078,41.73408],[12.26408,41.73277],[12.26681,41.7319],[12.26792,41.73176],[12.26906,41.73138],[12.27128,41.73051],[12.27285,41.73008],[12.27356,41.72975],[12.27428,41.72915],[12.27472,41.72913],[12.27572,41.7285],[12.2765,41.72833],[12.2771,41.72797],[12.27814,41.72779],[12.27917,41.72747],[12.28035,41.72694],[12.28167,41.72655],[12.28304,41.72603],[12.28438,41.72562],[12.28519,41.72518],[12.28904,41.72383],[12.29027,41.72348],[12.2927,41.72265],[12.29427,41.72182],[12.29671,41.72065],[12.29835,41.72],[12.30034,41.71894],[12.30238,41.71773],[12.30303,41.71758],[12.3033,41.7179],[12.30403,41.71797],[12.3048,41.71771],[12.30768,41.71657],[12.3092,41.71591],[12.31005,41.71538],[12.31053,41.71534],[12.31214,41.71489],[12.31389,41.71392],[12.31636,41.71306],[12.31816,41.71213],[12.3213,41.71083],[12.32291,41.71],[12.32393,41.70961],[12.32646,41.70835],[12.32725,41.70812],[12.3301,41.70682],[12.3318,41.70576],[12.33493,41.70452],[12.33561,41.70413],[12.33862,41.70279],[12.3416,41.70161],[12.3434,41.70068],[12.34448,41.70001],[12.34506,41.6998],[12.34629,41.70081],[12.34698,41.70127]]]},"properties":{"zona":"E34","fascia":"E","fascia_label":"Suburbana","redefined":true,"loc_min":null,"loc_max":null,"loc_mid":null}},{"type":"Feature","geometry":{"type":"Polygon","coordinates":[[[12.31837,41.79765],[12.32102,41.79732],[12.32312,41.79695],[12.32543,41.79672],[12.32966,41.79619],[12.33286,41.79594],[12.33565,41.79592],[12.33769,41.79606],[12.33936,41.79637],[12.34024,41.7967],[12.34106,41.79732],[12.3419,41.79861],[12.34214,41.80167],[12.34214,41.8029],[12.34241,41.80453],[12.34277,41.80532],[12.34321,41.80568],[12.34262,41.80644],[12.34345,41.80751],[12.34344,41.80808],[12.34289,41.80873],[12.34261,41.80949],[12.34258,41.81099],[12.34273,41.81188],[12.34258,41.81239],[12.34284,41.81349],[12.34265,41.81448],[12.34254,41.81602],[12.34183,41.81761],[12.34162,41.81847],[12.34133,41.81875],[12.34096,41.81966],[12.34046,41.81937],[12.33959,41.81952],[12.33686,41.82033],[12.33594,41.82098],[12.33544,41.82108],[12.3342,41.82047],[12.33261,41.82159],[12.33025,41.82287],[12.32227,41.82785],[12.32154,41.82823],[12.31995,41.82883],[12.31819,41.82913],[12.31616,41.82903],[12.31381,41.82899],[12.31162,41.82888],[12.30939,41.82891],[12.30771,41.82914],[12.30344,41.83009],[12.30185,41.83023],[12.29941,41.83017],[12.29454,41.82927],[12.29234,41.82916],[12.29105,41.82926],[12.29006,41.82955],[12.2917,41.82781],[12.29393,41.82537],[12.29703,41.8223],[12.30011,41.81921],[12.30297,41.8164],[12.30687,41.81244],[12.30956,41.80994],[12.30624,41.80857],[12.30757,41.80713],[12.31196,41.80275],[12.313,41.80177],[12.31696,41.79778],[12.31837,41.79765]]]},"properties":{"zona":"E71","linkzona":"RM00000812","fascia":"E","fascia_label":"Suburbana","descr":"PIANA DEL SOLE - FIERA DI ROMA (VIA CRISTOFORO SABBADINO)","semestre":"2025-S2","loc_min":7.8,"loc_max":11.3,"loc_mid":9.55,"sale_min":1900.0,"sale_max":2750.0,"sup":"L","tipologia":"Abitazioni civili","stato":"NORMALE"}},{"type":"Feature","geometry":{"type":"Polygon","coordinates":[[[12.29359,41.94212],[12.29287,41.94225],[12.29249,41.94174],[12.28766,41.93893],[12.28665,41.93819],[12.28433,41.93575],[12.28404,41.93519],[12.28392,41.93414],[12.28361,41.9336],[12.2823,41.93287],[12.28067,41.93245],[12.28025,41.93171],[12.27669,41.92947],[12.27606,41.92892],[12.27548,41.92819],[12.2748,41.92766],[12.27278,41.92636],[12.27226,41.92587],[12.27075,41.92387],[12.27021,41.92265],[12.2693,41.92169],[12.26893,41.92041],[12.26829,41.91884],[12.26802,41.9179],[12.26551,41.91527],[12.26543,41.91443],[12.26526,41.9141],[12.26443,41.91347],[12.26432,41.91312],[12.26462,41.91246],[12.26443,41.91014],[12.26418,41.90884],[12.26349,41.9079],[12.26241,41.90876],[12.26175,41.90817],[12.26342,41.90712],[12.2647,41.90671],[12.26495,41.90652],[12.2657,41.90615],[12.26867,41.90529],[12.27184,41.90336],[12.27183,41.90308],[12.27336,41.90152],[12.27399,41.9011],[12.27494,41.90009],[12.27586,41.89933],[12.27761,41.89818],[12.27755,41.89796],[12.27928,41.89728],[12.28083,41.89687],[12.28173,41.8968],[12.28511,41.89617],[12.28689,41.89574],[12.2887,41.89544],[12.28982,41.89494],[12.29047,41.89493],[12.2911,41.89468],[12.29704,41.89137],[12.29726,41.89133],[12.29884,41.89029],[12.30098,41.88925],[12.30197,41.88888],[12.30345,41.88846],[12.30468,41.88843],[12.3058,41.8881],[12.30854,41.88757],[12.30879,41.88777],[12.31099,41.88728],[12.31338,41.88693],[12.31588,41.88645],[12.31841,41.88612],[12.31919,41.88586],[12.32035,41.88571],[12.32222,41.88562],[12.32541,41.88578],[12.32694,41.88578],[12.32931,41.88586],[12.33089,41.88582],[12.33127,41.88513],[12.33174,41.88473],[12.3317,41.88426],[12.3331,41.88357],[12.33297,41.88326],[12.33376,41.88318],[12.33383,41.88242],[12.33451,41.8823],[12.33469,41.88259],[12.33587,41.88242],[12.33662,41.88318],[12.33688,41.88422],[12.33926,41.88338],[12.34068,41.88317],[12.34065,41.88297],[12.34215,41.88268],[12.34475,41.8824],[12.34713,41.88199],[12.34896,41.88178],[12.35196,41.88194],[12.35242,41.88202],[12.3557,41.88219],[12.35688,41.88248],[12.35827,41.88294],[12.35983,41.88355],[12.36022,41.88348],[12.36122,41.88373],[12.36193,41.88497],[12.36196,41.88542],[12.36362,41.88647],[12.3661,41.88771],[12.36656,41.88808],[12.36744,41.88842],[12.36859,41.88855],[12.3697,41.88848],[12.37101,41.88809],[12.37159,41.8878],[12.37681,41.8841],[12.37752,41.88366],[12.37817,41.88347],[12.37957,41.88367],[12.38123,41.88443],[12.38169,41.88524],[12.3814,41.8866],[12.38103,41.88681],[12.38096,41.88787],[12.38026,41.88752],[12.38035,41.88813],[12.38009,41.88856],[12.37943,41.88884],[12.37969,41.89002],[12.37891,41.89065],[12.37873,41.89109],[12.37828,41.89142],[12.37819,41.89213],[12.37779,41.893],[12.37792,41.89316],[12.37716,41.89435],[12.3766,41.89466],[12.37665,41.89519],[12.37487,41.89486],[12.37411,41.89481],[12.37329,41.89434],[12.37333,41.89308],[12.37286,41.89209],[12.37216,41.8911],[12.37017,41.89179],[12.36951,41.89181],[12.36869,41.89205],[12.36587,41.89306],[12.36682,41.89375],[12.36658,41.89406],[12.36504,41.89445],[12.36413,41.89501],[12.36313,41.89584],[12.36107,41.89714],[12.3596,41.89781],[12.35918,41.89781],[12.35855,41.89835],[12.35901,41.89937],[12.35847,41.89962],[12.35684,41.9],[12.35616,41.90072],[12.35574,41.9009],[12.35422,41.90084],[12.35378,41.90029],[12.35143,41.90091],[12.35066,41.9009],[12.34934,41.90126],[12.34893,41.90169],[12.34865,41.90157],[12.34865,41.90156],[12.3486,41.90153],[12.3465,41.9023],[12.3449,41.90299],[12.34428,41.90313],[12.34334,41.90373],[12.34232,41.90379],[12.34128,41.9046],[12.34119,41.90508],[12.34034,41.90585],[12.33964,41.90614],[12.33861,41.90693],[12.33779,41.90743],[12.33646,41.90742],[12.3363,41.90788],[12.3366,41.90865],[12.3374,41.90894],[12.33754,41.9095],[12.33719,41.91002],[12.3366,41.91021],[12.33631,41.91084],[12.33587,41.9112],[12.33538,41.91123],[12.33481,41.91175],[12.33511,41.9127],[12.33432,41.91272],[12.33407,41.91386],[12.33424,41.91484],[12.33522,41.91446],[12.33554,41.91467],[12.3369,41.91509],[12.33715,41.91547],[12.33869,41.91575],[12.34028,41.91521],[12.34089,41.91539],[12.3415,41.9161],[12.34166,41.91694],[12.34158,41.91764],[12.34066,41.91877],[12.34045,41.91971],[12.33973,41.92068],[12.33837,41.92027],[12.33758,41.92068],[12.33634,41.92105],[12.33412,41.91993],[12.33305,41.92028],[12.33251,41.92073],[12.33235,41.92117],[12.3268,41.92304],[12.33375,41.93257],[12.33461,41.9338],[12.33354,41.93383],[12.33215,41.93367],[12.33099,41.93393],[12.32854,41.93411],[12.32732,41.93414],[12.32649,41.93428],[12.32381,41.93501],[12.32054,41.9356],[12.31965,41.93572],[12.31881,41.93559],[12.31689,41.93587],[12.31395,41.93638],[12.31299,41.93767],[12.31103,41.93756],[12.30983,41.93712],[12.30877,41.93701],[12.30699,41.93732],[12.30492,41.93727],[12.3039,41.9371],[12.30155,41.93633],[12.30058,41.93626],[12.29968,41.93672],[12.2991,41.93739],[12.29799,41.93776],[12.29718,41.9382],[12.29672,41.93802],[12.29429,41.93829],[12.29426,41.93921],[12.29406,41.94012],[12.29365,41.94136],[12.2934,41.94152],[12.29359,41.94212]]]},"properties":{"zona":"E72","linkzona":"RM00001151","fascia":"E","fascia_label":"Suburbana","descr":"CASTEL DI GUIDO-MALAGROTTA (VIA DI CASTEL DI GUIDO)","semestre":"2025-S2","loc_min":7.5,"loc_max":10.5,"loc_mid":9.0,"sale_min":1600.0,"sale_max":2350.0,"sup":"L","tipologia":"Abitazioni civili","stato":"NORMALE"}},{"type":"Feature","geometry":{"type":"Polygon","coordinates":[[[12.52926,41.94581],[12.52939,41.9455],[12.52881,41.94483],[12.52857,41.94402],[12.52946,41.94334],[12.52966,41.94263],[12.52931,41.94121],[12.52946,41.93985],[12.52961,41.93948],[12.53075,41.93826],[12.53209,41.93745],[12.53329,41.93569],[12.53363,41.93533],[12.5331,41.935],[12.53317,41.9343],[12.53239,41.93345],[12.53174,41.9329],[12.5303,41.93197],[12.52948,41.93113],[12.5292,41.93055],[12.529,41.92821],[12.52908,41.92767],[12.52947,41.92716],[12.5298,41.92717],[12.53067,41.92807],[12.53143,41.92855],[12.53302,41.92886],[12.53442,41.92879],[12.53545,41.92863],[12.53611,41.92831],[12.53709,41.92751],[12.53801,41.92701],[12.53964,41.92627],[12.54033,41.92627],[12.54118,41.92653],[12.54279,41.92738],[12.54313,41.92778],[12.54368,41.92886],[12.54357,41.92932],[12.54291,41.93042],[12.54245,41.93083],[12.54147,41.93134],[12.53995,41.93164],[12.53944,41.93216],[12.53922,41.93275],[12.53984,41.93354],[12.5401,41.93419],[12.54058,41.93446],[12.54096,41.93732],[12.54132,41.93778],[12.54261,41.93762],[12.54405,41.93743],[12.54445,41.93749],[12.5446,41.93757],[12.54467,41.93761],[12.54468,41.93762],[12.54467,41.93762],[12.54485,41.93772],[12.54495,41.93777],[12.54504,41.93782],[12.54611,41.93848],[12.54613,41.93878],[12.54732,41.94298],[12.54709,41.94358],[12.54264,41.94347],[12.54145,41.94344],[12.54118,41.94361],[12.54,41.94358],[12.53957,41.94369],[12.53771,41.94377],[12.53683,41.94399],[12.53647,41.94387],[12.53568,41.94447],[12.53326,41.94554],[12.532,41.94582],[12.52926,41.94598],[12.52926,41.94581]]]},"properties":{"zona":"D11","linkzona":"RM00000137","fascia":"D","fascia_label":"Periferica","descr":"MONTESACRO (VIALE ADRIATICO)","semestre":"2025-S2","loc_min":10.0,"loc_max":14.3,"loc_mid":12.15,"sale_min":3100.0,"sale_max":4400.0,"sup":"L","tipologia":"Abitazioni civili","stato":"NORMALE"}},{"type":"Feature","geometry":{"type":"Polygon","coordinates":[[[12.56815,41.92289],[12.56698,41.92329],[12.56565,41.92375],[12.56388,41.92498],[12.56288,41.92531],[12.56178,41.92544],[12.56103,41.92508],[12.56051,41.92432],[12.55993,41.92395],[12.5591,41.92407],[12.55862,41.92431],[12.55811,41.92488],[12.55695,41.92576],[12.55641,41.92595],[12.55555,41.92595],[12.55521,41.92631],[12.55544,41.92768],[12.5551,41.92816],[12.55422,41.9285],[12.55298,41.92833],[12.55212,41.92841],[12.55097,41.92898],[12.55023,41.92918],[12.5477,41.92932],[12.54692,41.92965],[12.54647,41.93107],[12.54641,41.93176],[12.54618,41.9324],[12.5457,41.93293],[12.54372,41.9337],[12.54256,41.93342],[12.54179,41.93294],[12.53975,41.93239],[12.53944,41.93216],[12.53995,41.93164],[12.54147,41.93134],[12.54245,41.93083],[12.54291,41.93042],[12.54357,41.92932],[12.54368,41.92886],[12.54313,41.92778],[12.54279,41.92738],[12.54118,41.92653],[12.54033,41.92627],[12.53964,41.92627],[12.53801,41.92701],[12.53709,41.92751],[12.53611,41.92831],[12.53545,41.92863],[12.53442,41.92879],[12.53302,41.92886],[12.53143,41.92855],[12.53067,41.92807],[12.5298,41.92717],[12.52947,41.92716],[12.52908,41.92767],[12.52863,41.92776],[12.52847,41.92696],[12.52808,41.92649],[12.52756,41.92501],[12.52701,41.92378],[12.52733,41.92277],[12.52725,41.92193],[12.52741,41.92074],[12.52747,41.92069],[12.52775,41.91998],[12.52782,41.91998],[12.52765,41.92082],[12.5283,41.92119],[12.53092,41.92054],[12.5329,41.92011],[12.53374,41.92009],[12.53516,41.91971],[12.53514,41.91999],[12.53714,41.91993],[12.53754,41.91888],[12.53829,41.91894],[12.53968,41.91851],[12.54123,41.91787],[12.54313,41.91726],[12.54323,41.91712],[12.54472,41.91651],[12.54531,41.91653],[12.54812,41.91551],[12.5513,41.91445],[12.5523,41.91372],[12.55356,41.91237],[12.55366,41.91216],[12.55366,41.91217],[12.55475,41.91254],[12.55572,41.91309],[12.55745,41.91379],[12.55902,41.91415],[12.55989,41.91448],[12.56127,41.91548],[12.56284,41.91681],[12.5635,41.9175],[12.56815,41.92289]]]},"properties":{"zona":"D48","linkzona":"RM00001089","fascia":"D","fascia_label":"Periferica","descr":"PIETRALATA (VIA DI PIETRALATA)","semestre":"2025-S2","loc_min":9.8,"loc_max":14.5,"loc_mid":12.15,"sale_min":2300.0,"sale_max":3400.0,"sup":"L","tipologia":"Abitazioni civili","stato":"NORMALE"}},{"type":"Feature","geometry":{"type":"Polygon","coordinates":[[[12.42494,41.78887],[12.42406,41.78938],[12.42269,41.78994],[12.42118,41.79184],[12.42036,41.79358],[12.42048,41.79363],[12.41963,41.79535],[12.41818,41.79708],[12.41787,41.79758],[12.41745,41.7991],[12.4175,41.79939],[12.41832,41.79995],[12.4183,41.80056],[12.41757,41.80093],[12.41722,41.80027],[12.41615,41.80065],[12.41495,41.79943],[12.41337,41.79864],[12.41189,41.79807],[12.41118,41.79789],[12.40928,41.79762],[12.40821,41.7976],[12.40677,41.7977],[12.40446,41.79808],[12.40195,41.79866],[12.40035,41.79912],[12.39868,41.79933],[12.39724,41.79942],[12.39612,41.79915],[12.39519,41.79907],[12.39326,41.79829],[12.39157,41.79712],[12.3907,41.79672],[12.38933,41.79589],[12.38878,41.79573],[12.38698,41.79562],[12.38717,41.79268],[12.38946,41.7931],[12.39851,41.79492],[12.3991,41.79304],[12.39899,41.79221],[12.39915,41.79179],[12.39968,41.78949],[12.40016,41.78918],[12.40049,41.78864],[12.40097,41.78866],[12.40245,41.78819],[12.40324,41.78765],[12.40547,41.78552],[12.40615,41.78509],[12.40735,41.78351],[12.40842,41.7843],[12.40953,41.78493],[12.41146,41.78566],[12.41331,41.78612],[12.41507,41.78623],[12.41714,41.78615],[12.418,41.7862],[12.42086,41.78661],[12.42191,41.78687],[12.42356,41.78751],[12.42517,41.78852],[12.42494,41.78887]]]},"properties":{"zona":"E81","linkzona":"RM00001112","fascia":"E","fascia_label":"Suburbana","descr":"VITINIA (VIA SARSINA)","semestre":"2025-S2","loc_min":8.8,"loc_max":12.5,"loc_mid":10.65,"sale_min":1750.0,"sale_max":2450.0,"sup":"L","tipologia":"Abitazioni civili","stato":"NORMALE"}},{"type":"Feature","geometry":{"type":"Polygon","coordinates":[[[12.45624,41.80686],[12.45624,41.80683],[12.45625,41.80681],[12.45623,41.80676],[12.45613,41.8068],[12.45446,41.80377],[12.45409,41.80284],[12.45423,41.80262],[12.4538,41.80084],[12.45465,41.8007],[12.45553,41.80103],[12.45606,41.80057],[12.4568,41.80052],[12.46131,41.79991],[12.46206,41.79988],[12.46364,41.79966],[12.46576,41.79946],[12.46585,41.7993],[12.46816,41.79902],[12.4689,41.79906],[12.47152,41.79864],[12.47278,41.79852],[12.4732,41.79872],[12.47503,41.79838],[12.47547,41.7984],[12.47696,41.79813],[12.47789,41.79812],[12.47845,41.79797],[12.48039,41.79776],[12.48076,41.79758],[12.48101,41.79969],[12.48105,41.80111],[12.48179,41.80236],[12.48253,41.80432],[12.48346,41.80573],[12.48406,41.80724],[12.48441,41.80853],[12.48572,41.8103],[12.48583,41.81082],[12.48627,41.81171],[12.48622,41.81259],[12.48492,41.81442],[12.48423,41.81603],[12.48317,41.81762],[12.48293,41.81779],[12.47676,41.81582],[12.47603,41.81518],[12.47197,41.8147],[12.47126,41.81391],[12.46974,41.81504],[12.46856,41.81491],[12.46623,41.81399],[12.46706,41.8134],[12.46633,41.81279],[12.46452,41.81375],[12.46201,41.81383],[12.46155,41.81423],[12.46095,41.81437],[12.45875,41.81091],[12.45649,41.80708],[12.45624,41.80686]]]},"properties":{"zona":"E13","linkzona":"RM00000083","fascia":"E","fascia_label":"Suburbana","descr":"FONTE OSTIENSE (VIALE IGNAZIO SILONE)","semestre":"2025-S2","loc_min":7.5,"loc_max":10.8,"loc_mid":9.15,"sale_min":1850.0,"sale_max":2650.0,"sup":"L","tipologia":"Abitazioni civili","stato":"NORMALE"}},{"type":"Feature","geometry":{"type":"Polygon","coordinates":[[[12.48076,41.79758],[12.48077,41.79752],[12.48648,41.79693],[12.48763,41.79675],[12.492,41.79625],[12.49281,41.79611],[12.49558,41.79583],[12.50153,41.79504],[12.50322,41.79486],[12.50761,41.79428],[12.50941,41.79415],[12.50992,41.79419],[12.51231,41.79412],[12.51518,41.79429],[12.51602,41.79446],[12.51974,41.79477],[12.52114,41.79481],[12.52355,41.79499],[12.52568,41.79522],[12.52697,41.79557],[12.53041,41.79629],[12.53114,41.79657],[12.53153,41.79626],[12.53205,41.79665],[12.53436,41.79711],[12.53479,41.79731],[12.53497,41.79808],[12.53616,41.79997],[12.53662,41.80171],[12.53631,41.80264],[12.53413,41.80554],[12.53394,41.80602],[12.53343,41.80653],[12.53229,41.80704],[12.53143,41.80778],[12.5302,41.8085],[12.52918,41.80969],[12.52834,41.81054],[12.52681,41.81148],[12.52608,41.81223],[12.52586,41.81279],[12.52534,41.81319],[12.52445,41.81365],[12.52347,41.8143],[12.52281,41.81487],[12.52251,41.81535],[12.5189,41.81706],[12.51814,41.81706],[12.51756,41.81766],[12.5172,41.81766],[12.51732,41.81685],[12.51709,41.8166],[12.51479,41.8177],[12.51415,41.8178],[12.5133,41.81841],[12.51144,41.81898],[12.51101,41.81891],[12.50976,41.81929],[12.50849,41.81879],[12.50747,41.81885],[12.50694,41.81905],[12.50632,41.81898],[12.50438,41.81985],[12.50387,41.81984],[12.50309,41.82011],[12.502,41.81974],[12.50183,41.81879],[12.50134,41.81845],[12.50101,41.81728],[12.50102,41.81656],[12.5008,41.81634],[12.49996,41.81702],[12.49921,41.8174],[12.49623,41.81854],[12.49587,41.81861],[12.49493,41.81814],[12.4944,41.81773],[12.49398,41.81785],[12.49344,41.81698],[12.49246,41.81497],[12.4914,41.81407],[12.49033,41.81478],[12.48334,41.81772],[12.48317,41.81762],[12.48423,41.81603],[12.48492,41.81442],[12.48622,41.81259],[12.48627,41.81171],[12.48583,41.81082],[12.48572,41.8103],[12.48441,41.80853],[12.48406,41.80724],[12.48346,41.80573],[12.48253,41.80432],[12.48179,41.80236],[12.48105,41.80111],[12.48101,41.79969],[12.48076,41.79758]]]},"properties":{"zona":"E75","linkzona":"RM00001154","fascia":"E","fascia_label":"Suburbana","descr":"CECCHIGNOLA-TOR PAGNOTTA (VIA DELLA CECCHIGNOLA)","semestre":"2025-S2","loc_min":9.5,"loc_max":14.0,"loc_mid":11.75,"sale_min":1900.0,"sale_max":2800.0,"sup":"L","tipologia":"Abitazioni civili","stato":"NORMALE","ott_min":14.0,"ott_max":18.3}},{"type":"Feature","geometry":{"type":"Polygon","coordinates":[[[12.37846,41.85231],[12.37857,41.85246],[12.3779,41.85389],[12.37587,41.8586],[12.37558,41.85909],[12.37423,41.86212],[12.37378,41.86334],[12.37346,41.86447],[12.37356,41.86563],[12.37359,41.86608],[12.37418,41.86797],[12.37577,41.87122],[12.3761,41.87152],[12.37694,41.8729],[12.37855,41.87593],[12.37888,41.87611],[12.37975,41.87754],[12.38042,41.8792],[12.38042,41.88015],[12.38064,41.88034],[12.38083,41.88158],[12.38143,41.88262],[12.38097,41.88312],[12.38122,41.88442],[12.38123,41.88443],[12.37957,41.88367],[12.37817,41.88347],[12.37752,41.88366],[12.37681,41.8841],[12.37159,41.8878],[12.37101,41.88809],[12.3697,41.88848],[12.36859,41.88855],[12.36744,41.88842],[12.36656,41.88808],[12.3661,41.88771],[12.36362,41.88647],[12.36196,41.88542],[12.36193,41.88497],[12.36122,41.88373],[12.36022,41.88348],[12.35983,41.88355],[12.35827,41.88294],[12.35688,41.88248],[12.3557,41.88219],[12.35242,41.88202],[12.35196,41.88194],[12.34896,41.88178],[12.34713,41.88199],[12.34716,41.88162],[12.34658,41.88114],[12.34615,41.88036],[12.34604,41.87917],[12.34544,41.87811],[12.34463,41.87752],[12.34416,41.877],[12.34384,41.8762],[12.34391,41.87434],[12.34371,41.87343],[12.34313,41.87275],[12.34147,41.87216],[12.34047,41.87111],[12.34013,41.87055],[12.34015,41.86944],[12.34092,41.86909],[12.34155,41.86898],[12.34264,41.86828],[12.34321,41.86764],[12.34453,41.86808],[12.34563,41.86816],[12.34698,41.86803],[12.34771,41.86864],[12.34853,41.86839],[12.34856,41.86803],[12.34789,41.86707],[12.34763,41.86627],[12.34785,41.86563],[12.34745,41.86505],[12.34753,41.86419],[12.34812,41.86345],[12.34841,41.86176],[12.34883,41.86028],[12.34914,41.8597],[12.34944,41.85874],[12.34927,41.85807],[12.34946,41.85687],[12.34894,41.85588],[12.34795,41.85545],[12.34693,41.85481],[12.34579,41.85326],[12.34572,41.85231],[12.34619,41.85225],[12.34857,41.85241],[12.35195,41.85295],[12.35235,41.85317],[12.35474,41.85404],[12.35775,41.85472],[12.35823,41.85455],[12.35916,41.85467],[12.36094,41.85446],[12.36196,41.85472],[12.36348,41.85428],[12.36441,41.85434],[12.36531,41.85426],[12.36613,41.8539],[12.36686,41.85339],[12.36691,41.85307],[12.36769,41.85316],[12.36861,41.8529],[12.37063,41.85332],[12.37101,41.85182],[12.37,41.85155],[12.37033,41.85096],[12.37334,41.85177],[12.374,41.85183],[12.37705,41.85181],[12.37781,41.85193],[12.37846,41.85231]]]},"properties":{"zona":"E73","linkzona":"RM00001152","fascia":"E","fascia_label":"Suburbana","descr":"MASSIMINA-CASAL LUMBROSO (VIA MASSIMILLA)","semestre":"2025-S2","loc_min":8.3,"loc_max":12.0,"loc_mid":10.15,"sale_min":1750.0,"sale_max":2600.0,"sup":"L","tipologia":"Abitazioni civili","stato":"NORMALE"}},{"type":"Feature","geometry":{"type":"Polygon","coordinates":[[[12.3632,42.01584],[12.3634,42.01584],[12.36332,42.01576],[12.36389,42.0153],[12.36628,42.01225],[12.36655,42.01175],[12.36703,42.01148],[12.36768,42.01072],[12.369,42.00973],[12.37062,42.00929],[12.37155,42.00918],[12.37341,42.00932],[12.37426,42.00929],[12.37477,42.00943],[12.37581,42.0094],[12.37718,42.00895],[12.37805,42.00828],[12.37854,42.00751],[12.37952,42.00779],[12.38082,42.00896],[12.3811,42.00892],[12.38194,42.00975],[12.38321,42.01067],[12.38371,42.01092],[12.38462,42.0111],[12.38445,42.0118],[12.38523,42.01243],[12.38518,42.01294],[12.3859,42.0126],[12.38653,42.01253],[12.38784,42.01178],[12.39015,42.01083],[12.39095,42.01201],[12.39139,42.01286],[12.39205,42.01337],[12.39262,42.01404],[12.39461,42.01273],[12.39589,42.01347],[12.39627,42.01438],[12.39744,42.01543],[12.39758,42.01606],[12.39838,42.01619],[12.39922,42.01692],[12.39951,42.01772],[12.39951,42.01816],[12.3978,42.0186],[12.39762,42.01896],[12.39803,42.01934],[12.39784,42.01975],[12.39695,42.02],[12.39601,42.02057],[12.3951,42.02044],[12.39409,42.02075],[12.39336,42.02113],[12.39272,42.02062],[12.39197,42.02044],[12.39166,42.0208],[12.39057,42.02031],[12.38998,42.02058],[12.38981,42.021],[12.38911,42.02153],[12.38826,42.02184],[12.38834,42.02215],[12.38897,42.02236],[12.38919,42.02285],[12.38866,42.02361],[12.38745,42.02365],[12.387,42.0235],[12.38657,42.02379],[12.38635,42.02482],[12.38573,42.02518],[12.38433,42.02539],[12.38434,42.0256],[12.38305,42.02613],[12.38231,42.02618],[12.37924,42.02713],[12.37798,42.02736],[12.37738,42.02729],[12.37673,42.02686],[12.37623,42.0261],[12.37619,42.02526],[12.37645,42.02502],[12.37614,42.02382],[12.3756,42.0233],[12.37537,42.02243],[12.37499,42.02227],[12.37383,42.0212],[12.37196,42.02005],[12.37057,42.01951],[12.37007,42.01909],[12.36993,42.01855],[12.3693,42.01813],[12.36909,42.01779],[12.36851,42.01747],[12.36757,42.0172],[12.36604,42.01638],[12.36392,42.01554],[12.36354,42.0159],[12.36308,42.01592],[12.3632,42.01584]]]},"properties":{"zona":"E78","linkzona":"RM00001109","fascia":"E","fascia_label":"Suburbana","descr":"ISOLA FARNESE (VIA CERQUETTA)","semestre":"2025-S2","loc_min":7.3,"loc_max":10.8,"loc_mid":9.05,"sale_min":1550.0,"sale_max":2250.0,"sup":"L","tipologia":"Abitazioni civili","stato":"NORMALE"}},{"type":"Feature","geometry":{"type":"Polygon","coordinates":[[[12.34148,41.776],[12.34157,41.77575],[12.34348,41.77168],[12.34523,41.76804],[12.34724,41.76401],[12.34918,41.76461],[12.35137,41.76096],[12.35049,41.76064],[12.35191,41.75824],[12.36121,41.76151],[12.35922,41.76471],[12.35769,41.76745],[12.3554,41.7712],[12.35197,41.77648],[12.35178,41.77655],[12.35019,41.77892],[12.34999,41.7792],[12.34556,41.7775],[12.34148,41.776]]]},"properties":{"zona":"E83","linkzona":"RM00001114","fascia":"E","fascia_label":"Suburbana","descr":"ACILIA NUOVA-MADONNETTA (VIA BEPI ROMAGNONI)","semestre":"2025-S2","loc_min":9.0,"loc_max":12.5,"loc_mid":10.75,"sale_min":1950.0,"sale_max":2750.0,"sup":"L","tipologia":"Abitazioni civili","stato":"NORMALE"}},{"type":"Feature","geometry":{"type":"Polygon","coordinates":[[[12.34599,42.04581],[12.34643,42.04509],[12.34802,42.04255],[12.34837,42.0416],[12.34851,42.04034],[12.34796,42.03712],[12.34833,42.03695],[12.3486,42.03709],[12.34959,42.03937],[12.34977,42.04027],[12.34978,42.041],[12.34945,42.04164],[12.34852,42.04444],[12.34979,42.0455],[12.35105,42.04615],[12.35037,42.04717],[12.35051,42.04841],[12.35106,42.04886],[12.35254,42.04857],[12.35295,42.04953],[12.35235,42.05035],[12.35092,42.05163],[12.35039,42.05309],[12.34916,42.05415],[12.34846,42.05495],[12.34834,42.05564],[12.3473,42.05638],[12.34708,42.05728],[12.35966,42.05986],[12.36014,42.06006],[12.36285,42.06062],[12.36412,42.05922],[12.36464,42.05819],[12.36515,42.05778],[12.36527,42.05732],[12.36621,42.05592],[12.36681,42.05559],[12.36558,42.05425],[12.36538,42.0538],[12.36658,42.05147],[12.36772,42.0508],[12.37,42.04989],[12.37065,42.04845],[12.3711,42.0482],[12.37165,42.04723],[12.37304,42.04755],[12.37066,42.05523],[12.37185,42.05479],[12.37207,42.05494],[12.37248,42.05534],[12.37271,42.05716],[12.37253,42.05827],[12.37199,42.05892],[12.37154,42.05899],[12.37176,42.05993],[12.37198,42.06165],[12.37215,42.06211],[12.37228,42.0637],[12.37253,42.06493],[12.37211,42.06605],[12.37211,42.06661],[12.37285,42.06669],[12.37302,42.06933],[12.37275,42.07315],[12.3727,42.07427],[12.37307,42.07732],[12.37359,42.08002],[12.37451,42.08024],[12.37565,42.08023],[12.37763,42.08053],[12.37927,42.08054],[12.38123,42.08087],[12.3814,42.08148],[12.38206,42.08151],[12.38249,42.0819],[12.38345,42.08207],[12.38453,42.08212],[12.38609,42.08295],[12.3857,42.08327],[12.38441,42.08322],[12.38367,42.08369],[12.38341,42.08412],[12.38438,42.08481],[12.38616,42.08517],[12.38685,42.08585],[12.3873,42.08604],[12.38998,42.08562],[12.39094,42.08613],[12.39114,42.08691],[12.39176,42.0875],[12.39171,42.08775],[12.39207,42.08918],[12.39208,42.08964],[12.39251,42.09027],[12.39271,42.09121],[12.39145,42.09269],[12.39107,42.09328],[12.39176,42.09459],[12.39161,42.09503],[12.39018,42.09544],[12.38933,42.09482],[12.38824,42.09519],[12.38763,42.09519],[12.38725,42.09565],[12.38631,42.09578],[12.38624,42.0961],[12.38562,42.09633],[12.38555,42.09701],[12.38506,42.09775],[12.38421,42.09809],[12.38376,42.09788],[12.38253,42.09861],[12.3815,42.09872],[12.3808,42.0984],[12.37966,42.09868],[12.37849,42.09929],[12.37806,42.09964],[12.37761,42.10046],[12.37711,42.1003],[12.37614,42.10075],[12.37528,42.10075],[12.37388,42.10043],[12.37222,42.10049],[12.37148,42.10065],[12.3702,42.10038],[12.37035,42.09979],[12.36958,42.0991],[12.36946,42.09845],[12.3692,42.09827],[12.36824,42.09855],[12.36825,42.09727],[12.36702,42.0976],[12.36581,42.09808],[12.36505,42.09859],[12.36434,42.09875],[12.36215,42.09944],[12.36069,42.09865],[12.35933,42.098],[12.35904,42.09796],[12.35841,42.09864],[12.35825,42.10003],[12.35779,42.1017],[12.35738,42.10135],[12.35629,42.10137],[12.35581,42.10161],[12.35247,42.10213],[12.3505,42.10222],[12.34981,42.10246],[12.34772,42.10264],[12.34594,42.10302],[12.34487,42.10365],[12.34381,42.10396],[12.34338,42.1032],[12.34216,42.10192],[12.34049,42.10103],[12.34127,42.09992],[12.3417,42.09856],[12.34179,42.09794],[12.34152,42.09719],[12.34068,42.09658],[12.34033,42.09553],[12.33831,42.0947],[12.33815,42.09433],[12.3384,42.09401],[12.33784,42.09361],[12.33627,42.09338],[12.33371,42.09267],[12.33307,42.09261],[12.3321,42.0923],[12.33209,42.09175],[12.33175,42.09147],[12.33105,42.09136],[12.33075,42.09077],[12.33104,42.09048],[12.33081,42.09016],[12.33003,42.08992],[12.33042,42.08958],[12.33006,42.08893],[12.32888,42.08887],[12.32839,42.08831],[12.3284,42.088],[12.3277,42.08754],[12.32197,42.09023],[12.32141,42.09042],[12.32124,42.08951],[12.32151,42.08856],[12.32133,42.08765],[12.31959,42.08711],[12.31795,42.08639],[12.31663,42.0859],[12.31762,42.08482],[12.31806,42.08354],[12.31818,42.08241],[12.31852,42.08211],[12.32014,42.0791],[12.32036,42.07844],[12.3198,42.07808],[12.31931,42.07752],[12.31964,42.07697],[12.32055,42.07632],[12.32209,42.07492],[12.32191,42.07457],[12.31931,42.07284],[12.31837,42.07199],[12.31744,42.07133],[12.31508,42.07016],[12.31487,42.06935],[12.31518,42.069],[12.31465,42.06772],[12.314,42.06713],[12.31366,42.06582],[12.3136,42.06516],[12.31315,42.06457],[12.31216,42.06397],[12.31129,42.06263],[12.31147,42.06193],[12.30893,42.05987],[12.30878,42.05994],[12.30781,42.05915],[12.30814,42.05894],[12.30843,42.05848],[12.30944,42.05772],[12.30968,42.057],[12.30923,42.05616],[12.30932,42.05519],[12.30971,42.05367],[12.30969,42.05326],[12.31005,42.05297],[12.31072,42.05193],[12.31156,42.05142],[12.31168,42.05088],[12.31231,42.04963],[12.31185,42.04861],[12.31192,42.04824],[12.31158,42.04785],[12.31197,42.04716],[12.31183,42.04689],[12.31218,42.04635],[12.31144,42.04618],[12.31062,42.04501],[12.31072,42.0447],[12.31028,42.04435],[12.31036,42.04386],[12.30983,42.04368],[12.30984,42.04294],[12.30936,42.04192],[12.30965,42.0414],[12.30963,42.04099],[12.31009,42.04022],[12.3107,42.03982],[12.31033,42.03945],[12.31086,42.03901],[12.3109,42.03845],[12.3125,42.03831],[12.31268,42.03791],[12.31228,42.03747],[12.3113,42.03687],[12.31133,42.0364],[12.31338,42.03626],[12.31751,42.03667],[12.32041,42.03719],[12.32141,42.03741],[12.32242,42.03756],[12.32467,42.03725],[12.32658,42.03675],[12.32795,42.03658],[12.32954,42.03716],[12.33027,42.03732],[12.33096,42.03723],[12.33243,42.03655],[12.33322,42.03586],[12.33409,42.03527],[12.33673,42.03541],[12.33767,42.03539],[12.3381,42.03509],[12.33921,42.03368],[12.33986,42.0332],[12.34085,42.03273],[12.34138,42.03207],[12.34186,42.03105],[12.34221,42.03079],[12.34702,42.03193],[12.34703,42.03249],[12.34758,42.0362],[12.34809,42.03882],[12.34831,42.04059],[12.34817,42.04181],[12.34782,42.04265],[12.34364,42.04929],[12.3435,42.0498],[12.34599,42.04581]]]},"properties":{"zona":"E77","linkzona":"RM00001041","fascia":"E","fascia_label":"Suburbana","descr":"CESANO (VIA DI BACCANELLO)","semestre":"2025-S2","loc_min":7.3,"loc_max":10.3,"loc_mid":8.8,"sale_min":1200.0,"sale_max":1750.0,"sup":"L","tipologia":"Abitazioni civili","stato":"NORMALE"}}]}