{"type":"FeatureCollection","features":[{"type":"Feature","geometry":{"type":"Polygon","coordinates":[[[13.38232,38.0957],[13.38224,38.09567],[13.3824,38.09528],[13.38242,38.09471],[13.38221,38.09322],[13.38226,38.09302],[13.38285,38.0922],[13.38329,38.09131],[13.38349,38.09069],[13.38358,38.09008],[13.38349,38.08959],[13.38344,38.08928],[13.38368,38.08941],[13.38437,38.08912],[13.38508,38.08928],[13.38545,38.08901],[13.3854,38.08871],[13.38613,38.08863],[13.38712,38.08843],[13.38754,38.08826],[13.39006,38.08774],[13.39066,38.08828],[13.39104,38.08817],[13.39158,38.0878],[13.39187,38.08805],[13.39333,38.08778],[13.3941,38.08733],[13.39444,38.08748],[13.39516,38.08706],[13.3957,38.08761],[13.39608,38.08732],[13.39659,38.08725],[13.39678,38.08742],[13.39737,38.08736],[13.39798,38.08695],[13.39865,38.08783],[13.39922,38.08758],[13.40049,38.08916],[13.40445,38.08798],[13.40496,38.08789],[13.40675,38.09032],[13.40689,38.0904],[13.40793,38.09194],[13.40782,38.09212],[13.40365,38.09343],[13.40349,38.09329],[13.40263,38.09356],[13.40177,38.09396],[13.4011,38.09402],[13.39908,38.09471],[13.3991,38.09512],[13.3994,38.09573],[13.39877,38.09601],[13.39642,38.09647],[13.39454,38.09695],[13.39435,38.09704],[13.39402,38.0965],[13.39281,38.09687],[13.39186,38.09707],[13.39089,38.0971],[13.38982,38.09772],[13.38878,38.09817],[13.38714,38.09618],[13.3867,38.09624],[13.38486,38.09734],[13.38427,38.09747],[13.3836,38.09683],[13.38398,38.09652],[13.38375,38.09628],[13.3833,38.09655],[13.38232,38.0957]]]},"properties":{"zona":"D8","linkzona":"PA00003743","fascia":"D","fascia_label":"Periferica","descr":"STAZIONE BRANCACCIO-TORRELUNGA-GIAFAR-CONTE FEDERICO-PECORAINO","semestre":"2025-S2","loc_min":2.6,"loc_max":3.7,"loc_mid":3.15,"sale_min":770.0,"sale_max":1150.0,"sup":"L","tipologia":"Abitazioni civili","stato":"NORMALE","trend":-0.0,"trend_from":"2023-S2"}},{"type":"Feature","geometry":{"type":"Polygon","coordinates":[[[13.3996,38.08722],[13.39934,38.08691],[13.39886,38.08715],[13.39851,38.08674],[13.39798,38.08695],[13.39737,38.08736],[13.39678,38.08742],[13.39659,38.08725],[13.39608,38.08732],[13.3957,38.08761],[13.39516,38.08706],[13.39444,38.08748],[13.3941,38.08733],[13.39333,38.08778],[13.39187,38.08805],[13.39158,38.0878],[13.39104,38.08817],[13.39066,38.08828],[13.39006,38.08774],[13.38754,38.08826],[13.38712,38.08843],[13.38613,38.08863],[13.3854,38.08871],[13.38545,38.08901],[13.38508,38.08928],[13.38437,38.08912],[13.38368,38.08941],[13.38344,38.08928],[13.38329,38.08881],[13.37948,38.08606],[13.37744,38.0849],[13.37657,38.08443],[13.37562,38.08317],[13.37361,38.08152],[13.37298,38.08105],[13.37202,38.08012],[13.37162,38.07962],[13.37104,38.07908],[13.37048,38.07885],[13.36774,38.07815],[13.36743,38.07784],[13.36621,38.07752],[13.36587,38.0773],[13.36503,38.07698],[13.36436,38.07653],[13.36358,38.07612],[13.36191,38.07558],[13.36014,38.07516],[13.35966,38.07524],[13.35934,38.07559],[13.35886,38.07563],[13.35832,38.07549],[13.35637,38.07521],[13.35545,38.07495],[13.35475,38.07489],[13.35319,38.075],[13.35164,38.0757],[13.35106,38.07583],[13.34998,38.07577],[13.34926,38.07558],[13.34894,38.07566],[13.34849,38.076],[13.34743,38.07663],[13.34653,38.07679],[13.34597,38.07675],[13.3457,38.07688],[13.34493,38.07694],[13.34362,38.0767],[13.34326,38.0765],[13.34181,38.07605],[13.34097,38.07565],[13.34021,38.07544],[13.33978,38.07546],[13.33881,38.07568],[13.33794,38.0761],[13.3365,38.07524],[13.33567,38.07605],[13.33488,38.0764],[13.33419,38.07603],[13.3343,38.07578],[13.33306,38.07518],[13.33229,38.07424],[13.33252,38.07376],[13.33166,38.07258],[13.33105,38.07228],[13.33043,38.07179],[13.32982,38.07149],[13.33163,38.06992],[13.33179,38.06954],[13.33054,38.06929],[13.32924,38.06885],[13.32871,38.06947],[13.3284,38.06949],[13.328,38.06901],[13.32732,38.06852],[13.32659,38.06903],[13.32604,38.0682],[13.3258,38.06755],[13.3246,38.06635],[13.32446,38.06598],[13.32439,38.06545],[13.32318,38.06379],[13.32237,38.06323],[13.32226,38.06267],[13.32196,38.06206],[13.32195,38.06123],[13.32067,38.0601],[13.32014,38.05918],[13.31987,38.05918],[13.31905,38.05834],[13.31831,38.05768],[13.3172,38.05708],[13.31697,38.05679],[13.31587,38.05618],[13.31491,38.05554],[13.31463,38.05509],[13.31407,38.05481],[13.31306,38.05373],[13.31432,38.05279],[13.31532,38.05214],[13.31667,38.05114],[13.31781,38.05075],[13.31857,38.05088],[13.31885,38.05076],[13.31968,38.05093],[13.32079,38.05097],[13.32226,38.05003],[13.32283,38.05011],[13.32352,38.05075],[13.32412,38.05178],[13.32454,38.05236],[13.32544,38.05292],[13.32703,38.05332],[13.32781,38.05378],[13.32784,38.05434],[13.32842,38.05509],[13.32848,38.05531],[13.32903,38.05607],[13.3302,38.0564],[13.33087,38.05701],[13.33143,38.05773],[13.33195,38.05782],[13.33252,38.0584],[13.33282,38.05828],[13.33355,38.05767],[13.33388,38.05753],[13.3355,38.0566],[13.33628,38.0567],[13.33749,38.05696],[13.33799,38.05718],[13.33874,38.05725],[13.33929,38.05697],[13.34068,38.05655],[13.34185,38.05675],[13.34238,38.0579],[13.34249,38.05842],[13.34219,38.05919],[13.34228,38.05963],[13.34252,38.05995],[13.34321,38.06017],[13.34531,38.06113],[13.34603,38.06159],[13.34636,38.06199],[13.34737,38.06209],[13.3486,38.06212],[13.35092,38.06138],[13.35146,38.06106],[13.3523,38.06101],[13.35296,38.06124],[13.35406,38.06186],[13.35425,38.0624],[13.35454,38.06255],[13.35505,38.06311],[13.35605,38.06383],[13.35689,38.06377],[13.35756,38.06441],[13.35778,38.06479],[13.35954,38.06436],[13.36012,38.06427],[13.36054,38.06442],[13.36106,38.06375],[13.362,38.06288],[13.36279,38.06291],[13.36335,38.06305],[13.36412,38.06337],[13.36494,38.06295],[13.3656,38.06284],[13.36616,38.06305],[13.36644,38.06342],[13.36725,38.06389],[13.3677,38.06428],[13.36846,38.06559],[13.36906,38.06696],[13.36862,38.06771],[13.3687,38.06875],[13.36854,38.06958],[13.36825,38.07],[13.36764,38.0702],[13.3672,38.0715],[13.36737,38.07187],[13.36792,38.07196],[13.36884,38.07196],[13.36982,38.07146],[13.3704,38.0713],[13.37073,38.0708],[13.3714,38.07036],[13.37168,38.0703],[13.37339,38.06873],[13.37442,38.06834],[13.37461,38.06815],[13.37531,38.06785],[13.37629,38.06761],[13.37731,38.06776],[13.37802,38.06809],[13.37913,38.06817],[13.38016,38.06794],[13.3817,38.06805],[13.38256,38.06821],[13.38294,38.06843],[13.38332,38.06885],[13.38492,38.06818],[13.38592,38.06755],[13.3865,38.06726],[13.38734,38.06731],[13.38819,38.06707],[13.38849,38.06706],[13.39023,38.06638],[13.3916,38.06625],[13.39198,38.06666],[13.3932,38.06667],[13.39397,38.06678],[13.39409,38.06656],[13.39542,38.06601],[13.39579,38.06549],[13.39713,38.06455],[13.39763,38.06382],[13.39832,38.06334],[13.39939,38.06302],[13.39989,38.06305],[13.401,38.06278],[13.40057,38.06178],[13.40133,38.06114],[13.40207,38.06091],[13.40173,38.06032],[13.40334,38.05972],[13.40426,38.05959],[13.40607,38.0597],[13.40627,38.05975],[13.4082,38.05955],[13.4087,38.05885],[13.40968,38.05901],[13.41079,38.05897],[13.41146,38.05903],[13.41249,38.05887],[13.41307,38.05886],[13.41432,38.05923],[13.41457,38.05953],[13.41451,38.06007],[13.41525,38.06007],[13.41632,38.05966],[13.41686,38.05962],[13.41745,38.06017],[13.41824,38.06032],[13.4186,38.06054],[13.4192,38.0602],[13.41959,38.05954],[13.42016,38.05924],[13.42117,38.05973],[13.42134,38.06045],[13.42091,38.06096],[13.4208,38.06156],[13.4213,38.06189],[13.4225,38.0615],[13.42309,38.06193],[13.4235,38.06254],[13.4238,38.0628],[13.42435,38.06197],[13.42466,38.06212],[13.42532,38.06266],[13.42572,38.06321],[13.42602,38.06335],[13.42654,38.06325],[13.42714,38.06329],[13.42816,38.06383],[13.42798,38.06473],[13.42985,38.06585],[13.43033,38.06585],[13.43053,38.06603],[13.43104,38.066],[13.4318,38.06635],[13.43239,38.06606],[13.43271,38.06656],[13.4327,38.06719],[13.43317,38.0671],[13.43355,38.06758],[13.43365,38.06827],[13.43351,38.06863],[13.43333,38.06978],[13.43319,38.07099],[13.43294,38.07138],[13.43275,38.07238],[13.43285,38.07412],[13.43283,38.07531],[13.43293,38.07639],[13.43282,38.07675],[13.43196,38.07701],[13.43156,38.07726],[13.42873,38.07799],[13.42871,38.07864],[13.4288,38.07928],[13.42978,38.08059],[13.43125,38.08124],[13.43263,38.08166],[13.43296,38.08202],[13.43027,38.08258],[13.4279,38.08337],[13.42655,38.0834],[13.42572,38.08353],[13.42552,38.08371],[13.42468,38.08395],[13.42375,38.08472],[13.4231,38.08555],[13.4218,38.0864],[13.41952,38.08638],[13.41854,38.0863],[13.41791,38.08562],[13.41741,38.08552],[13.41693,38.08579],[13.41678,38.08561],[13.4156,38.08559],[13.4152,38.08582],[13.4149,38.08625],[13.41446,38.08568],[13.41335,38.08622],[13.4129,38.08572],[13.41229,38.08598],[13.41202,38.08624],[13.41165,38.08577],[13.41044,38.08634],[13.41007,38.08633],[13.40943,38.08589],[13.40848,38.08643],[13.40801,38.08632],[13.40747,38.08653],[13.40586,38.08667],[13.40542,38.08626],[13.4047,38.08674],[13.40429,38.08679],[13.40367,38.08625],[13.40266,38.08682],[13.40234,38.08651],[13.40174,38.08672],[13.40095,38.08711],[13.40069,38.08714],[13.40026,38.08667],[13.39982,38.0869],[13.3996,38.08722]]]},"properties":{"zona":"R1","linkzona":"PA00005584","fascia":"R","fascia_label":"Extraurbana","descr":"ZONA SUD EST A DESTINAZIONE AGRICOLA","semestre":"2025-S2","loc_min":2.3,"loc_max":2.9,"loc_mid":2.6,"sup":"L","tipologia":"Abitazioni di tipo economico","stato":"NORMALE","trend":0.0,"trend_from":"2023-S2"}},{"type":"Feature","geometry":{"type":"Polygon","coordinates":[[[13.31723,38.10328],[13.3171,38.10337],[13.31494,38.103],[13.31569,38.10062],[13.31594,38.10055],[13.31677,38.10067],[13.31707,38.09937],[13.31742,38.09827],[13.31835,38.09861],[13.32096,38.0997],[13.32099,38.09967],[13.31724,38.09811],[13.31717,38.09786],[13.31898,38.09376],[13.32056,38.09411],[13.3214,38.09464],[13.32252,38.09511],[13.32335,38.09513],[13.32438,38.09541],[13.32545,38.0956],[13.32655,38.09559],[13.32732,38.09527],[13.32842,38.09586],[13.32914,38.09637],[13.33035,38.09697],[13.33068,38.0961],[13.3323,38.09679],[13.33267,38.09615],[13.3338,38.09667],[13.33452,38.09683],[13.33389,38.09741],[13.33217,38.09916],[13.3303,38.1011],[13.32989,38.1021],[13.32982,38.10305],[13.32961,38.10425],[13.32957,38.10486],[13.32967,38.10524],[13.32935,38.10986],[13.32897,38.1099],[13.32777,38.11002],[13.32585,38.10984],[13.32389,38.10976],[13.32345,38.10988],[13.32251,38.10968],[13.32227,38.10945],[13.32237,38.10945],[13.32255,38.10707],[13.32229,38.10703],[13.32228,38.1058],[13.3225,38.1058],[13.32263,38.10531],[13.32229,38.10523],[13.32174,38.10548],[13.32184,38.10415],[13.32176,38.10397],[13.32025,38.10372],[13.31733,38.10336],[13.31723,38.10328]]]},"properties":{"zona":"D13","linkzona":"PA00006164","fascia":"D","fascia_label":"Periferica","descr":"VIA NAVE- RISERVA REALE-PARUTA- DUE VANELLE-VIA PALMERINO- REGIONE SICI...","semestre":"2025-S2","loc_min":3.7,"loc_max":5.2,"loc_mid":4.45,"sale_min":1250.0,"sale_max":1550.0,"sup":"L","tipologia":"Abitazioni civili","stato":"NORMALE","trend":0.0,"trend_from":"2023-S2"}},{"type":"Feature","geometry":{"type":"Polygon","coordinates":[[[13.31806,38.15603],[13.32796,38.14573],[13.32806,38.14575],[13.33107,38.14749],[13.33114,38.14819],[13.33067,38.14962],[13.33012,38.1504],[13.33042,38.15081],[13.33143,38.15146],[13.33261,38.15235],[13.33255,38.15254],[13.33197,38.15322],[13.33332,38.15413],[13.33382,38.15434],[13.33527,38.15331],[13.33561,38.1536],[13.33721,38.15466],[13.33786,38.15482],[13.33673,38.15648],[13.33579,38.15753],[13.33599,38.15763],[13.33495,38.15889],[13.33434,38.15984],[13.33404,38.15982],[13.3333,38.16082],[13.33258,38.16188],[13.33209,38.16208],[13.33135,38.16208],[13.33073,38.16238],[13.33019,38.16306],[13.33015,38.16352],[13.33043,38.16407],[13.32592,38.16207],[13.32587,38.16215],[13.32404,38.16127],[13.3202,38.15953],[13.3197,38.15936],[13.31872,38.1585],[13.31928,38.15761],[13.31907,38.15702],[13.31848,38.15639],[13.31806,38.15603]]]},"properties":{"zona":"D1","linkzona":"PA00000200","fascia":"D","fascia_label":"Periferica","descr":"CIRCONVALLAZIONE-V.NUOVA-QUARTIERI-NISCEMI-S.LORENZO-VILLA SOFIA-V.SARDE...","semestre":"2025-S2","loc_min":5.0,"loc_max":7.0,"loc_mid":6.0,"sale_min":1450.0,"sale_max":1850.0,"sup":"L","tipologia":"Abitazioni civili","stato":"NORMALE","trend":21.2,"trend_from":"2023-S2"}},{"type":"Feature","geometry":{"type":"Polygon","coordinates":[[[13.3653,38.11787],[13.36565,38.11792],[13.36564,38.11823],[13.36538,38.11867],[13.36568,38.11883],[13.36659,38.11818],[13.36895,38.11915],[13.36945,38.11958],[13.37067,38.1201],[13.37125,38.11989],[13.37143,38.11962],[13.37272,38.11961],[13.37332,38.11961],[13.37237,38.12022],[13.37185,38.12028],[13.37134,38.12114],[13.3714,38.12128],[13.37256,38.12236],[13.37167,38.12558],[13.37147,38.12581],[13.37242,38.12239],[13.37134,38.12138],[13.37077,38.12137],[13.37061,38.12044],[13.37012,38.12048],[13.36926,38.12007],[13.36903,38.1197],[13.36849,38.11916],[13.36795,38.11893],[13.3671,38.1191],[13.36675,38.11968],[13.3669,38.12014],[13.3673,38.12065],[13.36666,38.1203],[13.36613,38.11999],[13.36599,38.11947],[13.3665,38.11898],[13.36562,38.11903],[13.36513,38.1195],[13.36527,38.12001],[13.36569,38.11995],[13.3657,38.12035],[13.36519,38.12127],[13.3656,38.12145],[13.36457,38.12272],[13.36441,38.12283],[13.36355,38.12273],[13.36328,38.12244],[13.36151,38.12225],[13.36057,38.12201],[13.36091,38.12066],[13.36167,38.11954],[13.36231,38.11875],[13.36197,38.11841],[13.36235,38.11764],[13.363,38.11695],[13.36348,38.11703],[13.3635,38.11742],[13.36397,38.11744],[13.36461,38.11763],[13.36483,38.11785],[13.3653,38.11787]]]},"properties":{"zona":"B18","linkzona":"PA00005643","fascia":"B","fascia_label":"Centrale","descr":"DELIMITAZIONE: CAVOUR-ROMA-VITTORIO EMANUELE-CRISPI","semestre":"2025-S2","loc_min":3.3,"loc_max":4.7,"loc_mid":4.0,"sale_min":1300.0,"sale_max":1700.0,"sup":"L","tipologia":"Abitazioni civili","stato":"NORMALE","trend":0.0,"trend_from":"2023-S2"}},{"type":"Feature","geometry":{"type":"Polygon","coordinates":[[[13.35502,38.11778],[13.35614,38.11774],[13.35754,38.11803],[13.35848,38.11828],[13.35823,38.11871],[13.35781,38.1186],[13.35763,38.11948],[13.35778,38.11972],[13.3571,38.12089],[13.35686,38.12104],[13.35651,38.12093],[13.35595,38.12164],[13.35556,38.12156],[13.3551,38.12131],[13.35478,38.12134],[13.35423,38.12112],[13.35312,38.12139],[13.3516,38.12081],[13.35146,38.12105],[13.35062,38.12189],[13.34973,38.12255],[13.34895,38.12303],[13.34881,38.12265],[13.34869,38.1218],[13.34871,38.12133],[13.34908,38.11907],[13.34919,38.11874],[13.34992,38.11877],[13.35001,38.11807],[13.35155,38.11819],[13.35196,38.1183],[13.35182,38.11885],[13.35475,38.11919],[13.35497,38.11851],[13.35502,38.11778]]]},"properties":{"zona":"B12","linkzona":"PA00005603","fascia":"B","fascia_label":"Centrale","descr":"MASSIMO-PIGNATELLI ARAGONA-GOETHE-V.E.ORLANDO-AMICO","semestre":"2025-S2","loc_min":4.1,"loc_max":5.8,"loc_mid":4.95,"sale_min":1350.0,"sale_max":2000.0,"sup":"L","tipologia":"Abitazioni civili","stato":"NORMALE","trend":0.0,"trend_from":"2023-S2"}},{"type":"Feature","geometry":{"type":"Polygon","coordinates":[[[13.36081,38.12302],[13.36133,38.12226],[13.36085,38.12211],[13.36057,38.12201],[13.36151,38.12225],[13.36328,38.12244],[13.36355,38.12273],[13.36441,38.12283],[13.36457,38.12272],[13.36539,38.12287],[13.36544,38.12268],[13.36648,38.12138],[13.36607,38.12122],[13.36666,38.1203],[13.3673,38.12065],[13.36751,38.12053],[13.36812,38.12094],[13.36819,38.12137],[13.3701,38.12277],[13.37029,38.12283],[13.36911,38.1253],[13.36484,38.1255],[13.36429,38.12655],[13.36794,38.12674],[13.36763,38.12734],[13.36398,38.12715],[13.36349,38.12806],[13.36715,38.1285],[13.36679,38.12921],[13.36311,38.12877],[13.36259,38.12976],[13.36559,38.13029],[13.36539,38.13071],[13.36325,38.13034],[13.36295,38.13188],[13.36221,38.13188],[13.36059,38.13194],[13.35991,38.13203],[13.35874,38.13403],[13.35886,38.13437],[13.358,38.13412],[13.35799,38.13476],[13.35755,38.13502],[13.35687,38.13466],[13.35635,38.13471],[13.35594,38.13441],[13.35489,38.13384],[13.35465,38.1334],[13.35499,38.1322],[13.35433,38.13188],[13.35585,38.12955],[13.35593,38.12958],[13.35675,38.12979],[13.35756,38.13011],[13.35825,38.13047],[13.35863,38.13003],[13.3591,38.12999],[13.35967,38.12936],[13.36001,38.12862],[13.35975,38.12841],[13.36031,38.12723],[13.35745,38.12607],[13.35725,38.12604],[13.35701,38.12527],[13.35739,38.12525],[13.35899,38.12588],[13.36083,38.12308],[13.36081,38.12302]]]},"properties":{"zona":"B2","linkzona":"PA00000315","fascia":"B","fascia_label":"Centrale","descr":"CRISPI-UCCIARDONE-PORTO","semestre":"2025-S2","loc_min":3.8,"loc_max":5.2,"loc_mid":4.5,"sale_min":1400.0,"sale_max":2100.0,"sup":"L","tipologia":"Abitazioni civili","stato":"NORMALE","trend":0.0,"trend_from":"2023-S2"}},{"type":"Feature","geometry":{"type":"Polygon","coordinates":[[[13.35834,38.08827],[13.35781,38.08806],[13.35801,38.08771],[13.35834,38.08732],[13.35823,38.08727],[13.35513,38.0868],[13.35396,38.0866],[13.3546,38.08545],[13.35731,38.07989],[13.3583,38.08018],[13.35846,38.07997],[13.35953,38.08035],[13.36017,38.08072],[13.36079,38.08082],[13.36094,38.08119],[13.362,38.08164],[13.3633,38.08212],[13.36374,38.0822],[13.36414,38.08289],[13.36487,38.08438],[13.36537,38.08515],[13.3652,38.08537],[13.36518,38.08623],[13.36544,38.08635],[13.36517,38.08818],[13.36465,38.08845],[13.36298,38.0882],[13.36218,38.08932],[13.36182,38.08997],[13.36005,38.08915],[13.35995,38.08905],[13.36038,38.08822],[13.35923,38.0876],[13.35889,38.08758],[13.35834,38.08827]]]},"properties":{"zona":"D12","linkzona":"PA00006145","fascia":"D","fascia_label":"Periferica","descr":"BONAGIA","semestre":"2025-S2","loc_min":3.1,"loc_max":4.4,"loc_mid":3.75,"sale_min":940.0,"sale_max":1350.0,"sup":"L","tipologia":"Abitazioni civili","stato":"NORMALE","trend":0.0,"trend_from":"2023-S2"}},{"type":"Feature","geometry":{"type":"Polygon","coordinates":[[[13.34896,38.12305],[13.34895,38.12303],[13.34973,38.12255],[13.35062,38.12189],[13.35146,38.12105],[13.3516,38.12081],[13.35312,38.12139],[13.35423,38.12112],[13.35478,38.12134],[13.3551,38.12131],[13.35556,38.12156],[13.35516,38.12219],[13.35553,38.1225],[13.35332,38.12296],[13.3533,38.12313],[13.35373,38.1236],[13.35174,38.12659],[13.35048,38.12856],[13.34983,38.12965],[13.34681,38.12842],[13.34614,38.12818],[13.34518,38.12799],[13.34492,38.12807],[13.34647,38.1256],[13.34706,38.12445],[13.347,38.12431],[13.34807,38.12361],[13.34801,38.12346],[13.34896,38.12305]]]},"properties":{"zona":"B21","linkzona":"PA00006528","fascia":"B","fascia_label":"Centrale","descr":"DELIMIT: XX SETT-LA FARINA-CUSMANO-LATINI-S.F.DA PAOLA-P.UNGHERIA","semestre":"2025-S2","loc_min":5.0,"loc_max":7.0,"loc_mid":6.0,"sale_min":1500.0,"sale_max":2250.0,"sup":"L","tipologia":"Abitazioni civili","stato":"NORMALE","trend":0.0,"trend_from":"2023-S2"}},{"type":"Feature","geometry":{"type":"Polygon","coordinates":[[[13.365,38.15387],[13.36484,38.1528],[13.36466,38.15216],[13.36545,38.15104],[13.36498,38.15088],[13.36462,38.15117],[13.36368,38.15134],[13.3635,38.1511],[13.36304,38.14985],[13.35969,38.14905],[13.35967,38.1493],[13.35725,38.14864],[13.35687,38.1481],[13.35642,38.14804],[13.35589,38.14721],[13.35627,38.14462],[13.35641,38.14461],[13.35696,38.14459],[13.35709,38.14425],[13.35854,38.14431],[13.35922,38.14401],[13.36037,38.14384],[13.36472,38.1444],[13.36506,38.14459],[13.36477,38.14532],[13.3663,38.14606],[13.36704,38.14547],[13.36773,38.14515],[13.36813,38.14527],[13.3687,38.14503],[13.36904,38.14546],[13.3699,38.14805],[13.37043,38.14865],[13.37048,38.14918],[13.37029,38.15052],[13.37036,38.15147],[13.37124,38.15144],[13.37117,38.15059],[13.37131,38.14912],[13.37126,38.1486],[13.37074,38.148],[13.37023,38.14648],[13.37029,38.14625],[13.37072,38.14617],[13.37143,38.14602],[13.3714,38.14626],[13.37165,38.14694],[13.37159,38.14718],[13.37177,38.14799],[13.3726,38.14927],[13.37263,38.14992],[13.37295,38.15047],[13.37318,38.15011],[13.37374,38.15028],[13.37363,38.15068],[13.37431,38.15082],[13.37461,38.15068],[13.37529,38.15161],[13.37517,38.15205],[13.37538,38.15242],[13.37621,38.15213],[13.37603,38.14956],[13.37559,38.14882],[13.37579,38.14873],[13.37623,38.1495],[13.37644,38.15225],[13.37524,38.15328],[13.37446,38.15418],[13.37417,38.15513],[13.37432,38.15532],[13.37405,38.15564],[13.37352,38.15655],[13.37327,38.15678],[13.37307,38.15677],[13.3723,38.15736],[13.37212,38.15731],[13.37164,38.15771],[13.3715,38.15809],[13.37107,38.15806],[13.37111,38.15757],[13.37103,38.1567],[13.37101,38.15471],[13.37025,38.15467],[13.37011,38.15482],[13.37013,38.15685],[13.36968,38.15687],[13.36832,38.1569],[13.36825,38.15656],[13.36672,38.15651],[13.36656,38.15625],[13.36745,38.1562],[13.36744,38.15588],[13.36639,38.15603],[13.3656,38.15488],[13.36594,38.15482],[13.36585,38.15427],[13.36524,38.15432],[13.365,38.15387]]]},"properties":{"zona":"D9","linkzona":"PA00003744","fascia":"D","fascia_label":"Periferica","descr":"THAON DE REVEL-CARD. RAMPOLLA-PAPA SERGIO I-ARENELLA","semestre":"2025-S2","loc_min":3.5,"loc_max":5.0,"loc_mid":4.25,"sale_min":1300.0,"sale_max":1800.0,"sup":"L","tipologia":"Abitazioni civili","stato":"NORMALE","trend":0.0,"trend_from":"2023-S2"}},{"type":"Feature","geometry":{"type":"Polygon","coordinates":[[[13.33933,38.19537],[13.33971,38.19569],[13.33934,38.19588],[13.33916,38.19629],[13.33778,38.19696],[13.33752,38.19718],[13.33697,38.19734],[13.33603,38.19743],[13.33571,38.19679],[13.3349,38.19659],[13.33379,38.19668],[13.33252,38.19717],[13.33145,38.19776],[13.3305,38.19841],[13.32928,38.19952],[13.32846,38.20015],[13.32791,38.20066],[13.32722,38.2015],[13.32713,38.20199],[13.32745,38.20215],[13.3269,38.20302],[13.32633,38.20289],[13.32579,38.20405],[13.3255,38.2055],[13.32577,38.2065],[13.32707,38.20731],[13.32769,38.20742],[13.328,38.20701],[13.32834,38.20741],[13.3288,38.20837],[13.32912,38.20945],[13.32935,38.20957],[13.32979,38.21047],[13.33049,38.21131],[13.3306,38.21185],[13.33037,38.21224],[13.32982,38.21247],[13.32916,38.21243],[13.32834,38.21162],[13.32781,38.2115],[13.32738,38.21164],[13.32687,38.21115],[13.32627,38.21067],[13.32624,38.21046],[13.32666,38.21015],[13.32635,38.20988],[13.32545,38.21049],[13.32542,38.21029],[13.32547,38.20997],[13.32512,38.20963],[13.32445,38.2095],[13.32406,38.20953],[13.32303,38.20963],[13.32231,38.20936],[13.32194,38.20911],[13.32133,38.20905],[13.32041,38.20852],[13.31964,38.20846],[13.32017,38.20728],[13.31789,38.20697],[13.31598,38.20665],[13.3147,38.20629],[13.31361,38.20569],[13.31298,38.20542],[13.31215,38.20533],[13.31191,38.20515],[13.31136,38.20511],[13.31108,38.20569],[13.31047,38.20604],[13.31016,38.20603],[13.30804,38.20492],[13.30749,38.20471],[13.30656,38.20462],[13.30547,38.20467],[13.30503,38.20478],[13.30464,38.20448],[13.30451,38.204],[13.30435,38.2025],[13.30468,38.20254],[13.30775,38.20192],[13.30925,38.19966],[13.31262,38.20119],[13.31303,38.20071],[13.31275,38.19904],[13.31279,38.19872],[13.31493,38.19956],[13.31505,38.19939],[13.31668,38.19996],[13.31692,38.19958],[13.31752,38.19834],[13.31781,38.19821],[13.31841,38.19764],[13.31935,38.19642],[13.3196,38.19643],[13.32054,38.19498],[13.32131,38.19358],[13.32187,38.19246],[13.32154,38.19126],[13.32109,38.19069],[13.32087,38.19012],[13.32096,38.18986],[13.32273,38.18701],[13.32284,38.18655],[13.32279,38.18547],[13.32321,38.18498],[13.32329,38.18458],[13.32412,38.18324],[13.32425,38.18277],[13.32393,38.18222],[13.32446,38.18019],[13.32428,38.17935],[13.32435,38.17871],[13.3248,38.17725],[13.32569,38.17743],[13.32795,38.17823],[13.3275,38.17956],[13.32861,38.17976],[13.32874,38.17925],[13.33009,38.17972],[13.33053,38.17875],[13.33216,38.17945],[13.3326,38.17774],[13.33282,38.17709],[13.33294,38.17623],[13.33292,38.17578],[13.33318,38.17387],[13.33358,38.17202],[13.33366,38.17145],[13.33367,38.17137],[13.33363,38.17119],[13.3338,38.17134],[13.33518,38.17135],[13.33515,38.17161],[13.3362,38.17211],[13.33818,38.17266],[13.33873,38.17202],[13.33895,38.17201],[13.33938,38.1725],[13.33933,38.17288],[13.33889,38.17294],[13.33838,38.17322],[13.33797,38.17324],[13.33753,38.1739],[13.33733,38.17466],[13.33705,38.17497],[13.33712,38.17553],[13.33645,38.1764],[13.33611,38.17724],[13.3361,38.17762],[13.33578,38.17823],[13.33605,38.17857],[13.33556,38.17913],[13.33532,38.17986],[13.33553,38.18027],[13.33533,38.18087],[13.33511,38.18214],[13.33493,38.1826],[13.335,38.18399],[13.3348,38.18442],[13.33501,38.18457],[13.33505,38.18506],[13.33478,38.18598],[13.33446,38.18612],[13.33404,38.18744],[13.3338,38.18793],[13.33381,38.18859],[13.33339,38.18905],[13.33509,38.18935],[13.33582,38.18963],[13.3367,38.18975],[13.33683,38.18961],[13.33812,38.18969],[13.33796,38.19118],[13.3374,38.19373],[13.33749,38.19467],[13.33775,38.1948],[13.33833,38.1951],[13.33765,38.1953],[13.33771,38.19565],[13.33845,38.19547],[13.33844,38.19529],[13.33907,38.19508],[13.33933,38.19537]]]},"properties":{"zona":"E3","linkzona":"PA00000323","fascia":"E","fascia_label":"Suburbana","descr":"R.MARGHERITA-MONDELLO VALDESI-TOLOMEA-M.ALLIATA-MONDELLO PAESE","semestre":"2025-S2","loc_min":4.1,"loc_max":5.6,"loc_mid":4.85,"sale_min":1650.0,"sale_max":2250.0,"sup":"L","tipologia":"Abitazioni civili","stato":"NORMALE","trend":0.0,"trend_from":"2023-S2"}},{"type":"Feature","geometry":{"type":"Polygon","coordinates":[[[13.35556,38.12156],[13.35595,38.12164],[13.35651,38.12093],[13.35686,38.12104],[13.35756,38.1212],[13.35968,38.12177],[13.35983,38.12182],[13.35987,38.12184],[13.35972,38.12193],[13.35739,38.12525],[13.35701,38.12527],[13.3565,38.12495],[13.35614,38.12563],[13.35588,38.12567],[13.35524,38.12541],[13.35498,38.12579],[13.35212,38.13019],[13.35185,38.13064],[13.35168,38.13082],[13.35163,38.13081],[13.3516,38.13081],[13.35155,38.13089],[13.3508,38.13078],[13.35069,38.13093],[13.3496,38.1305],[13.34945,38.13007],[13.34983,38.12965],[13.35048,38.12856],[13.35174,38.12659],[13.35373,38.1236],[13.3533,38.12313],[13.35332,38.12296],[13.35553,38.1225],[13.35516,38.12219],[13.35556,38.12156]]]},"properties":{"zona":"B20","linkzona":"PA00006529","fascia":"B","fascia_label":"Centrale","descr":"DELIM:XX SETT-CORLEO-POLITEAMA-VILLAREALE-R.SETTIMO-CAVOUR-ROMA","semestre":"2025-S2","loc_min":5.5,"loc_max":8.0,"loc_mid":6.75,"sale_min":1950.0,"sale_max":2850.0,"sup":"L","tipologia":"Abitazioni civili","stato":"NORMALE","trend":0.0,"trend_from":"2023-S2"}},{"type":"Feature","geometry":{"type":"Polygon","coordinates":[[[13.33967,38.12146],[13.33993,38.12134],[13.3436,38.12223],[13.34359,38.1223],[13.34799,38.12341],[13.34801,38.12346],[13.34807,38.12361],[13.347,38.12431],[13.34623,38.1247],[13.34438,38.12594],[13.34327,38.12679],[13.34169,38.12733],[13.34111,38.12763],[13.34085,38.12763],[13.33832,38.12681],[13.33854,38.12631],[13.33727,38.12577],[13.33692,38.12702],[13.33655,38.12722],[13.33594,38.12716],[13.33603,38.12684],[13.33455,38.12672],[13.33474,38.12626],[13.33343,38.12602],[13.33325,38.12634],[13.33285,38.12635],[13.33102,38.12585],[13.32951,38.12495],[13.32884,38.12542],[13.32876,38.12486],[13.32984,38.12416],[13.33083,38.1232],[13.33107,38.12328],[13.33245,38.12182],[13.33373,38.12141],[13.3351,38.1209],[13.33646,38.12057],[13.33768,38.12018],[13.33843,38.12011],[13.33973,38.12013],[13.33989,38.12023],[13.33951,38.12144],[13.33967,38.12146]]]},"properties":{"zona":"C12","linkzona":"PA00006527","fascia":"C","fascia_label":"Semicentrale","descr":"LANCIA DI BROLO-C.PARISIO-NOCE-STAZIONE LOLLI","semestre":"2025-S2","loc_min":3.6,"loc_max":5.0,"loc_mid":4.3,"sale_min":1100.0,"sale_max":1400.0,"sup":"L","tipologia":"Abitazioni civili","stato":"NORMALE","trend":0.0,"trend_from":"2023-S2"}},{"type":"Feature","geometry":{"type":"Polygon","coordinates":[[[13.34638,38.11439],[13.34693,38.11377],[13.34756,38.11318],[13.34908,38.11249],[13.34964,38.11208],[13.35066,38.11173],[13.35165,38.11216],[13.35135,38.11268],[13.35112,38.1127],[13.35136,38.11348],[13.35123,38.11409],[13.35093,38.11464],[13.35031,38.11555],[13.34589,38.11467],[13.34638,38.11439]]]},"properties":{"zona":"B4","linkzona":"PA00000086","fascia":"B","fascia_label":"Centrale","descr":"DOSSUNA-COLONNA ROTTA-ALBERTO AMEDEO","semestre":"2025-S2","loc_min":3.1,"loc_max":4.1,"loc_mid":3.6,"sale_min":880.0,"sale_max":1250.0,"sup":"L","tipologia":"Abitazioni civili","stato":"NORMALE","trend":0.0,"trend_from":"2023-S2"}},{"type":"Feature","geometry":{"type":"Polygon","coordinates":[[[13.3441,38.11637],[13.34441,38.11549],[13.34502,38.11539],[13.34536,38.11469],[13.34589,38.11467],[13.35031,38.11555],[13.35034,38.11566],[13.34974,38.11655],[13.34997,38.11772],[13.35001,38.11803],[13.35001,38.11807],[13.34992,38.11877],[13.34919,38.11874],[13.34908,38.11907],[13.34871,38.12133],[13.34869,38.1218],[13.34881,38.12265],[13.34895,38.12303],[13.34896,38.12305],[13.34801,38.12346],[13.34799,38.12341],[13.34359,38.1223],[13.3436,38.12223],[13.33993,38.12134],[13.33967,38.12146],[13.33951,38.12144],[13.33989,38.12023],[13.33973,38.12013],[13.33961,38.11995],[13.34048,38.11958],[13.34058,38.11918],[13.34202,38.11818],[13.34198,38.11808],[13.34372,38.11678],[13.3436,38.1164],[13.3441,38.11637]]]},"properties":{"zona":"B3","linkzona":"PA00000316","fascia":"B","fascia_label":"Centrale","descr":"REGINA MARGHERITA-RE FEDERICO-FINOCCHIARO APRILE-MARCO POLO","semestre":"2025-S2","loc_min":3.5,"loc_max":4.9,"loc_mid":4.2,"sale_min":1000.0,"sale_max":1450.0,"sup":"L","tipologia":"Abitazioni civili","stato":"NORMALE","trend":0.0,"trend_from":"2023-S2"}},{"type":"Feature","geometry":{"type":"Polygon","coordinates":[[[13.35502,38.11778],[13.35497,38.11851],[13.35475,38.11919],[13.35182,38.11885],[13.35196,38.1183],[13.35155,38.11819],[13.35001,38.11807],[13.35001,38.11803],[13.34997,38.11772],[13.34974,38.11655],[13.35034,38.11566],[13.35031,38.11555],[13.35093,38.11464],[13.35132,38.11462],[13.3527,38.11503],[13.35333,38.11496],[13.35354,38.11518],[13.35442,38.1142],[13.35549,38.11472],[13.3558,38.1144],[13.35629,38.11463],[13.35568,38.11537],[13.3561,38.1156],[13.35631,38.11539],[13.35665,38.11553],[13.35736,38.11457],[13.35871,38.11516],[13.35845,38.1156],[13.35869,38.11571],[13.35908,38.11528],[13.36019,38.11569],[13.35976,38.11583],[13.35921,38.11648],[13.35949,38.11674],[13.35947,38.11712],[13.35894,38.1173],[13.35885,38.11763],[13.35842,38.11755],[13.35827,38.11778],[13.35848,38.11828],[13.35754,38.11803],[13.35614,38.11774],[13.35502,38.11778]]]},"properties":{"zona":"B13","linkzona":"PA00005604","fascia":"B","fascia_label":"Centrale","descr":"DELIMITAZIONE:MAQUEDA-V.EMANUELE-BONELLO-AMEDEO-SAN VITO","semestre":"2025-S2","loc_min":3.4,"loc_max":4.7,"loc_mid":4.05,"sale_min":1100.0,"sale_max":1500.0,"sup":"L","tipologia":"Abitazioni civili","stato":"NORMALE","trend":0.0,"trend_from":"2023-S2"}},{"type":"Feature","geometry":{"type":"MultiPolygon","coordinates":[[[[13.3198,38.19067],[13.32087,38.19012],[13.32109,38.19069],[13.32154,38.19126],[13.32187,38.19246],[13.32131,38.19358],[13.32054,38.19498],[13.3196,38.19643],[13.31935,38.19642],[13.31841,38.19764],[13.31781,38.19821],[13.31752,38.19834],[13.31692,38.19958],[13.31668,38.19996],[13.31505,38.19939],[13.31493,38.19956],[13.31279,38.19872],[13.31275,38.19904],[13.31303,38.20071],[13.31262,38.20119],[13.30925,38.19966],[13.30775,38.20192],[13.30468,38.20254],[13.30435,38.2025],[13.30451,38.204],[13.30464,38.20448],[13.30503,38.20478],[13.30547,38.20467],[13.30656,38.20462],[13.30749,38.20471],[13.30804,38.20492],[13.31016,38.20603],[13.31047,38.20604],[13.31108,38.20569],[13.31136,38.20511],[13.31191,38.20515],[13.31215,38.20533],[13.31298,38.20542],[13.31361,38.20569],[13.3147,38.20629],[13.31598,38.20665],[13.31789,38.20697],[13.32017,38.20728],[13.31964,38.20846],[13.32041,38.20852],[13.32133,38.20905],[13.32194,38.20911],[13.32231,38.20936],[13.32303,38.20963],[13.32406,38.20953],[13.32494,38.20971],[13.32533,38.21012],[13.32526,38.21041],[13.3253,38.21054],[13.3255,38.21049],[13.32586,38.21057],[13.32592,38.21045],[13.3262,38.21066],[13.32611,38.21081],[13.32543,38.21061],[13.32537,38.21082],[13.3261,38.21144],[13.32672,38.21137],[13.32717,38.21144],[13.32725,38.21177],[13.32683,38.2118],[13.32584,38.21207],[13.325,38.2125],[13.32444,38.21296],[13.32418,38.21287],[13.32371,38.21326],[13.32304,38.21356],[13.32264,38.21394],[13.32255,38.21435],[13.32272,38.21459],[13.32267,38.21499],[13.32286,38.21544],[13.32272,38.21596],[13.32289,38.21656],[13.32244,38.21687],[13.32225,38.21716],[13.32233,38.21747],[13.32216,38.21831],[13.32224,38.21907],[13.32194,38.2194],[13.32144,38.21933],[13.32135,38.21969],[13.32101,38.22004],[13.32093,38.2207],[13.32055,38.22082],[13.32076,38.22112],[13.3199,38.2215],[13.31962,38.22179],[13.31924,38.22249],[13.31916,38.22299],[13.31893,38.22312],[13.31838,38.2238],[13.31836,38.2241],[13.31769,38.22434],[13.31705,38.22425],[13.31646,38.22455],[13.31569,38.2244],[13.31453,38.22443],[13.31329,38.22341],[13.31288,38.22281],[13.31285,38.22254],[13.31252,38.2221],[13.3119,38.22197],[13.31004,38.22133],[13.30971,38.22137],[13.30873,38.22093],[13.30784,38.22114],[13.30749,38.22104],[13.30699,38.22145],[13.30641,38.22104],[13.30597,38.22089],[13.30495,38.22083],[13.30421,38.22071],[13.3035,38.22087],[13.3031,38.22069],[13.30292,38.22031],[13.30186,38.2201],[13.30094,38.21945],[13.30054,38.21958],[13.30002,38.21914],[13.29956,38.21914],[13.29911,38.21885],[13.29884,38.21844],[13.29838,38.2184],[13.2975,38.21792],[13.29666,38.21771],[13.29583,38.21727],[13.29531,38.21729],[13.29495,38.21692],[13.29497,38.21665],[13.29438,38.21668],[13.29386,38.21629],[13.29358,38.21546],[13.29317,38.21503],[13.29322,38.21486],[13.29297,38.21417],[13.29214,38.21366],[13.29172,38.21366],[13.29131,38.21332],[13.29125,38.21306],[13.29007,38.21219],[13.28993,38.21185],[13.29082,38.21103],[13.29225,38.20971],[13.29161,38.2095],[13.29136,38.20958],[13.2902,38.21062],[13.28999,38.21081],[13.28906,38.21022],[13.28933,38.20989],[13.28897,38.20968],[13.28874,38.20933],[13.28769,38.20915],[13.28756,38.20891],[13.28729,38.20884],[13.28716,38.20875],[13.28678,38.20857],[13.28668,38.20847],[13.28592,38.20872],[13.28578,38.20838],[13.28598,38.20813],[13.28354,38.20858],[13.28352,38.20851],[13.28606,38.20804],[13.28584,38.20728],[13.28518,38.20741],[13.28455,38.20739],[13.28424,38.20714],[13.28413,38.20682],[13.28491,38.2067],[13.28483,38.20645],[13.28398,38.20656],[13.28399,38.20625],[13.28344,38.20627],[13.28345,38.20604],[13.28436,38.20597],[13.28435,38.20563],[13.28378,38.20557],[13.28347,38.2054],[13.28344,38.20472],[13.28386,38.2047],[13.28377,38.20404],[13.28416,38.203],[13.28437,38.20283],[13.28512,38.20101],[13.28558,38.19925],[13.28514,38.19842],[13.2847,38.19796],[13.28399,38.1974],[13.28371,38.19708],[13.28533,38.19658],[13.28404,38.19635],[13.28358,38.19617],[13.28304,38.19644],[13.28239,38.19662],[13.28209,38.19627],[13.28076,38.19512],[13.28187,38.19487],[13.28285,38.19451],[13.28439,38.19376],[13.28301,38.19222],[13.28304,38.19182],[13.28215,38.1913],[13.28292,38.19102],[13.28318,38.19117],[13.28369,38.19059],[13.28337,38.19026],[13.28388,38.18983],[13.28247,38.18899],[13.28289,38.18829],[13.28327,38.18827],[13.28497,38.18697],[13.28551,38.18727],[13.28662,38.18641],[13.28747,38.18683],[13.28806,38.18622],[13.2877,38.18604],[13.28841,38.18557],[13.28928,38.18603],[13.28899,38.18667],[13.28947,38.18699],[13.28954,38.18702],[13.28893,38.18845],[13.28902,38.189],[13.28961,38.18947],[13.28998,38.18958],[13.29082,38.1893],[13.29329,38.18903],[13.29424,38.18887],[13.29482,38.18891],[13.29556,38.1891],[13.29678,38.18926],[13.29794,38.18954],[13.29884,38.19],[13.30056,38.19208],[13.30115,38.19268],[13.30179,38.19322],[13.30324,38.19409],[13.30518,38.19506],[13.3062,38.19386],[13.30831,38.19499],[13.3085,38.19477],[13.30892,38.19498],[13.30972,38.19435],[13.31017,38.19459],[13.31128,38.19492],[13.31229,38.19376],[13.31279,38.19424],[13.31363,38.19464],[13.31469,38.19485],[13.31498,38.19476],[13.31578,38.19411],[13.31642,38.19344],[13.31681,38.1929],[13.3168,38.19256],[13.3171,38.19216],[13.31855,38.19148],[13.3198,38.19067]]],[[[13.28092,38.19696],[13.28008,38.19626],[13.28025,38.19612],[13.2816,38.19717],[13.2814,38.19732],[13.28092,38.19696]]]]},"properties":{"zona":"E4","linkzona":"PA00000204","fascia":"E","fascia_label":"Suburbana","descr":"PARTANNA MONDELLO-TOMMASO NATALE","semestre":"2025-S2","loc_min":3.5,"loc_max":4.5,"loc_mid":4.0,"sale_min":1050.0,"sale_max":1400.0,"sup":"L","tipologia":"Abitazioni civili","stato":"NORMALE","trend":5.3,"trend_from":"2023-S2"}},{"type":"Feature","geometry":{"type":"Polygon","coordinates":[[[13.32347,38.13827],[13.3235,38.13837],[13.32487,38.13867],[13.32546,38.13851],[13.3261,38.13875],[13.32702,38.13897],[13.32723,38.13921],[13.32673,38.13966],[13.32727,38.13979],[13.32707,38.14015],[13.32725,38.14087],[13.32798,38.14206],[13.32789,38.14225],[13.32815,38.1428],[13.32839,38.14296],[13.32819,38.1435],[13.32736,38.14475],[13.32699,38.14511],[13.32807,38.14573],[13.32905,38.14473],[13.3296,38.1441],[13.32905,38.14473],[13.32806,38.14575],[13.32796,38.14573],[13.31806,38.15603],[13.31848,38.15639],[13.31696,38.15531],[13.31556,38.15643],[13.31515,38.15685],[13.31484,38.1574],[13.31485,38.15762],[13.31441,38.15779],[13.31333,38.1585],[13.31255,38.15854],[13.31156,38.15951],[13.31156,38.15952],[13.3113,38.15967],[13.30319,38.15617],[13.30309,38.15646],[13.3026,38.1568],[13.302,38.15748],[13.30133,38.15849],[13.30044,38.15928],[13.29949,38.15963],[13.29896,38.15993],[13.29866,38.15982],[13.2978,38.16028],[13.29741,38.16037],[13.29501,38.16052],[13.29498,38.16019],[13.29518,38.15988],[13.29526,38.15903],[13.29559,38.15831],[13.29592,38.15781],[13.29603,38.15734],[13.29561,38.15698],[13.29599,38.15679],[13.29637,38.15634],[13.29645,38.156],[13.29543,38.15449],[13.2946,38.15388],[13.29449,38.15345],[13.29415,38.15324],[13.294,38.15284],[13.29323,38.1521],[13.29331,38.15173],[13.29551,38.15214],[13.29589,38.15129],[13.29596,38.15038],[13.29346,38.14922],[13.29364,38.14884],[13.29433,38.14782],[13.29404,38.14715],[13.29404,38.14668],[13.29371,38.14638],[13.29307,38.14644],[13.29308,38.14558],[13.29234,38.14395],[13.29203,38.14345],[13.29213,38.14313],[13.2915,38.14265],[13.2912,38.14225],[13.29053,38.14188],[13.29018,38.14212],[13.28977,38.14204],[13.28875,38.14203],[13.28813,38.14144],[13.2878,38.14097],[13.28732,38.14066],[13.28731,38.14042],[13.28821,38.13984],[13.28645,38.13832],[13.28576,38.13752],[13.28511,38.13691],[13.28425,38.13624],[13.28507,38.13541],[13.28403,38.1347],[13.28323,38.13393],[13.28381,38.13359],[13.28364,38.13256],[13.28267,38.13177],[13.28212,38.13213],[13.27975,38.13397],[13.27941,38.13406],[13.27848,38.13357],[13.27741,38.13253],[13.27712,38.13207],[13.27704,38.13131],[13.27717,38.1306],[13.27711,38.12979],[13.27623,38.12935],[13.27633,38.1289],[13.27782,38.12734],[13.27907,38.12685],[13.2797,38.12689],[13.2828,38.12676],[13.28282,38.12666],[13.28416,38.12661],[13.28682,38.12619],[13.28792,38.12611],[13.29282,38.12556],[13.29429,38.12559],[13.29587,38.12568],[13.2959,38.12576],[13.30066,38.12591],[13.30123,38.12615],[13.30153,38.12659],[13.30211,38.12983],[13.30265,38.13037],[13.3044,38.13119],[13.30714,38.13239],[13.3071,38.13268],[13.30829,38.13302],[13.31026,38.13371],[13.31077,38.13383],[13.3117,38.13427],[13.31305,38.13481],[13.31307,38.13522],[13.31516,38.13608],[13.31572,38.13622],[13.3159,38.13606],[13.31656,38.13644],[13.31765,38.13666],[13.31782,38.13654],[13.31755,38.13696],[13.3208,38.13773],[13.32262,38.13793],[13.32346,38.13806],[13.32347,38.13827]]]},"properties":{"zona":"E19","linkzona":"PA00006083","fascia":"E","fascia_label":"Suburbana","descr":"CRUILLAS-BRUNELLESCHI-TRABUCCO-CEP-BORGO NUOVO-MANGO","semestre":"2025-S2","loc_min":4.7,"loc_max":6.5,"loc_mid":5.6,"sale_min":1100.0,"sale_max":1400.0,"sup":"L","tipologia":"Abitazioni civili","stato":"NORMALE","trend":14.3,"trend_from":"2023-S2"}},{"type":"Feature","geometry":{"type":"Polygon","coordinates":[[[13.28352,38.20851],[13.28316,38.20859],[13.28331,38.20902],[13.28362,38.20895],[13.28354,38.20858],[13.28598,38.20813],[13.28578,38.20838],[13.28592,38.20872],[13.28668,38.20847],[13.28678,38.20857],[13.28716,38.20875],[13.28729,38.20884],[13.28636,38.20976],[13.28651,38.20991],[13.28756,38.20891],[13.28769,38.20915],[13.28874,38.20933],[13.28897,38.20968],[13.28933,38.20989],[13.28906,38.21022],[13.28999,38.21081],[13.2902,38.21062],[13.29082,38.21103],[13.28993,38.21185],[13.28886,38.21139],[13.28837,38.21142],[13.2878,38.21096],[13.28712,38.21079],[13.28653,38.21051],[13.28502,38.2093],[13.28461,38.20933],[13.28373,38.20913],[13.28293,38.20949],[13.2825,38.20989],[13.28287,38.2101],[13.28281,38.21045],[13.28232,38.2105],[13.28171,38.21122],[13.28134,38.21129],[13.28095,38.21095],[13.28117,38.21054],[13.28172,38.2099],[13.2822,38.20951],[13.28226,38.20911],[13.28181,38.20913],[13.28147,38.20874],[13.28149,38.20844],[13.28185,38.20838],[13.28166,38.20797],[13.28192,38.20718],[13.28185,38.20654],[13.28194,38.20622],[13.28177,38.2058],[13.28138,38.20582],[13.28044,38.20497],[13.28002,38.20482],[13.27929,38.20426],[13.27848,38.20376],[13.27823,38.204],[13.27765,38.20381],[13.27733,38.20319],[13.27737,38.20282],[13.27637,38.20231],[13.27609,38.20199],[13.27587,38.20131],[13.276,38.20096],[13.27416,38.20092],[13.27408,38.20067],[13.27587,38.20074],[13.27578,38.20024],[13.27622,38.19995],[13.27554,38.19978],[13.27529,38.19926],[13.27542,38.19912],[13.27473,38.19853],[13.27418,38.19819],[13.27366,38.19808],[13.27356,38.19826],[13.27258,38.19867],[13.27194,38.19864],[13.27101,38.19956],[13.27089,38.1998],[13.27022,38.20008],[13.26953,38.20057],[13.26948,38.20116],[13.26991,38.20195],[13.26985,38.20264],[13.26944,38.20319],[13.26861,38.20361],[13.26821,38.20365],[13.26747,38.20348],[13.2672,38.20321],[13.26656,38.2029],[13.26679,38.20229],[13.26651,38.20129],[13.26623,38.2008],[13.26583,38.20041],[13.26578,38.20016],[13.26489,38.19985],[13.26442,38.19988],[13.26385,38.19969],[13.26315,38.1998],[13.26199,38.19985],[13.26085,38.19983],[13.26028,38.19989],[13.2594,38.2005],[13.25925,38.20081],[13.2586,38.20119],[13.25817,38.201],[13.25814,38.20019],[13.25851,38.20015],[13.25938,38.19973],[13.261,38.19928],[13.26021,38.19913],[13.25878,38.19955],[13.25778,38.20001],[13.25764,38.1999],[13.25787,38.19939],[13.25901,38.19938],[13.26013,38.19905],[13.26132,38.19857],[13.26189,38.19852],[13.2635,38.19874],[13.26408,38.19891],[13.26409,38.19914],[13.26462,38.19915],[13.26495,38.19902],[13.26581,38.19929],[13.26807,38.19921],[13.26841,38.19892],[13.2694,38.19839],[13.27016,38.19739],[13.27113,38.19632],[13.2717,38.19591],[13.27138,38.1958],[13.27173,38.19434],[13.2718,38.19377],[13.2721,38.19306],[13.27248,38.19269],[13.27257,38.19238],[13.27315,38.19172],[13.27278,38.19139],[13.27238,38.19084],[13.27137,38.19019],[13.2714,38.18976],[13.272,38.18954],[13.27247,38.18898],[13.27266,38.18903],[13.2731,38.18834],[13.27272,38.18761],[13.27312,38.18725],[13.2739,38.18673],[13.27444,38.18667],[13.27519,38.18599],[13.27529,38.18636],[13.27566,38.18662],[13.27594,38.18701],[13.27647,38.18741],[13.27639,38.18772],[13.27664,38.18835],[13.27745,38.18806],[13.27944,38.18769],[13.28041,38.18741],[13.28036,38.18795],[13.28161,38.18767],[13.28289,38.18829],[13.28247,38.18899],[13.28388,38.18983],[13.28337,38.19026],[13.28369,38.19059],[13.28318,38.19117],[13.28292,38.19102],[13.28215,38.1913],[13.28304,38.19182],[13.28301,38.19222],[13.28439,38.19376],[13.28285,38.19451],[13.28187,38.19487],[13.28076,38.19512],[13.28209,38.19627],[13.28239,38.19662],[13.28304,38.19644],[13.28358,38.19617],[13.28404,38.19635],[13.28533,38.19658],[13.28371,38.19708],[13.28399,38.1974],[13.2847,38.19796],[13.28514,38.19842],[13.28558,38.19925],[13.28512,38.20101],[13.28437,38.20283],[13.28416,38.203],[13.28377,38.20404],[13.28386,38.2047],[13.28344,38.20472],[13.28347,38.2054],[13.28378,38.20557],[13.28435,38.20563],[13.28436,38.20597],[13.28345,38.20604],[13.28344,38.20627],[13.28399,38.20625],[13.28398,38.20656],[13.28483,38.20645],[13.28491,38.2067],[13.28413,38.20682],[13.28424,38.20714],[13.28455,38.20739],[13.28518,38.20741],[13.28584,38.20728],[13.28606,38.20804],[13.28352,38.20851]],[[13.28092,38.19696],[13.2814,38.19732],[13.2816,38.19717],[13.28025,38.19612],[13.28008,38.19626],[13.28092,38.19696]]]},"properties":{"zona":"E11","linkzona":"PA00003745","fascia":"E","fascia_label":"Suburbana","descr":"SFERRACAVALLO PAESE-BAIA DEL CORALLO","semestre":"2025-S2","loc_min":3.5,"loc_max":4.6,"loc_mid":4.05,"sale_min":1000.0,"sale_max":1450.0,"sup":"L","tipologia":"Abitazioni civili","stato":"NORMALE","trend":0.0,"trend_from":"2023-S2"}},{"type":"Feature","geometry":{"type":"Polygon","coordinates":[[[13.32685,38.16541],[13.32523,38.16448],[13.32587,38.16215],[13.32592,38.16207],[13.33043,38.16407],[13.3304,38.16421],[13.32715,38.16868],[13.3303,38.17013],[13.33142,38.1706],[13.33366,38.17145],[13.33358,38.17202],[13.33318,38.17387],[13.33292,38.17578],[13.33294,38.17623],[13.33282,38.17709],[13.3326,38.17774],[13.33216,38.17945],[13.33053,38.17875],[13.33009,38.17972],[13.32874,38.17925],[13.32861,38.17976],[13.3275,38.17956],[13.32795,38.17823],[13.32569,38.17743],[13.3248,38.17725],[13.32435,38.17871],[13.32428,38.17935],[13.32446,38.18019],[13.32393,38.18222],[13.32425,38.18277],[13.32412,38.18324],[13.32329,38.18458],[13.32321,38.18498],[13.32279,38.18547],[13.32284,38.18655],[13.3191,38.18573],[13.3192,38.18545],[13.31779,38.18495],[13.31542,38.18469],[13.315,38.18458],[13.31447,38.18544],[13.31406,38.18552],[13.31342,38.1854],[13.31344,38.18516],[13.31259,38.18474],[13.31265,38.18461],[13.31174,38.18416],[13.31278,38.18288],[13.31269,38.18281],[13.31337,38.18187],[13.31402,38.18082],[13.31328,38.18039],[13.31327,38.18028],[13.31238,38.18],[13.31233,38.17953],[13.31282,38.17883],[13.31295,38.1783],[13.31127,38.17753],[13.31078,38.17826],[13.30975,38.17778],[13.30831,38.17931],[13.30685,38.17851],[13.30769,38.17733],[13.30563,38.17587],[13.30506,38.1755],[13.30417,38.1748],[13.30291,38.17594],[13.30035,38.17445],[13.29998,38.17461],[13.29886,38.17558],[13.29691,38.17452],[13.29757,38.17389],[13.29833,38.17294],[13.29853,38.17257],[13.299,38.17209],[13.29964,38.17162],[13.30071,38.17056],[13.30057,38.17044],[13.30136,38.16987],[13.30343,38.16776],[13.30378,38.16733],[13.30487,38.16573],[13.30537,38.16521],[13.30634,38.16578],[13.30548,38.16671],[13.30712,38.16771],[13.30813,38.16721],[13.30836,38.16725],[13.30698,38.16847],[13.30664,38.16899],[13.30795,38.16911],[13.30901,38.16913],[13.31055,38.16897],[13.31122,38.16882],[13.31187,38.16849],[13.3135,38.16734],[13.31422,38.16695],[13.31544,38.16652],[13.31626,38.1661],[13.31659,38.1663],[13.31647,38.16687],[13.31765,38.16816],[13.31825,38.1692],[13.31893,38.17023],[13.322,38.17015],[13.32247,38.17017],[13.32314,38.17051],[13.32298,38.17084],[13.32354,38.17105],[13.32466,38.16803],[13.32495,38.16808],[13.32649,38.16773],[13.32627,38.16757],[13.32752,38.1658],[13.32685,38.16541]]]},"properties":{"zona":"E14","linkzona":"PA00003748","fascia":"E","fascia_label":"Suburbana","descr":"PALLAVICINO-S.FILIPPO NERI-F.DO PATTI-TRAPANI PESCIA","semestre":"2025-S2","loc_min":3.3,"loc_max":4.9,"loc_mid":4.1,"sale_min":1300.0,"sale_max":1700.0,"sup":"L","tipologia":"Abitazioni civili","stato":"NORMALE","trend":0.0,"trend_from":"2023-S2"}},{"type":"Feature","geometry":{"type":"Polygon","coordinates":[[[13.32587,38.16215],[13.32523,38.16448],[13.32685,38.16541],[13.32752,38.1658],[13.32627,38.16757],[13.32649,38.16773],[13.32495,38.16808],[13.32466,38.16803],[13.32354,38.17105],[13.32298,38.17084],[13.32314,38.17051],[13.32247,38.17017],[13.322,38.17015],[13.31893,38.17023],[13.31825,38.1692],[13.31765,38.16816],[13.31647,38.16687],[13.31659,38.1663],[13.31626,38.1661],[13.31544,38.16652],[13.31422,38.16695],[13.3135,38.16734],[13.31187,38.16849],[13.31122,38.16882],[13.31055,38.16897],[13.30901,38.16913],[13.30795,38.16911],[13.30664,38.16899],[13.30698,38.16847],[13.30836,38.16725],[13.30813,38.16721],[13.30712,38.16771],[13.30548,38.16671],[13.30634,38.16578],[13.30537,38.16521],[13.30636,38.16445],[13.30748,38.16393],[13.30915,38.16282],[13.31006,38.16195],[13.31045,38.16132],[13.31058,38.16079],[13.3113,38.15967],[13.31156,38.15952],[13.31156,38.15951],[13.31255,38.15854],[13.31333,38.1585],[13.31441,38.15779],[13.31485,38.15762],[13.31484,38.1574],[13.31515,38.15685],[13.31556,38.15643],[13.31696,38.15531],[13.31848,38.15639],[13.31907,38.15702],[13.31928,38.15761],[13.31872,38.1585],[13.3197,38.15936],[13.3202,38.15953],[13.32404,38.16127],[13.32587,38.16215]]]},"properties":{"zona":"E15","linkzona":"PA00003749","fascia":"E","fascia_label":"Suburbana","descr":"SAN LORENZO","semestre":"2025-S2","loc_min":4.0,"loc_max":5.5,"loc_mid":4.75,"sale_min":1150.0,"sale_max":1650.0,"sup":"L","tipologia":"Abitazioni civili","stato":"NORMALE","trend":0.0,"trend_from":"2023-S2"}},{"type":"Feature","geometry":{"type":"Polygon","coordinates":[[[13.36887,38.11825],[13.36875,38.11812],[13.36873,38.11749],[13.36798,38.1169],[13.36757,38.11713],[13.36706,38.11771],[13.36635,38.11765],[13.36612,38.11728],[13.36561,38.11743],[13.36527,38.117],[13.36465,38.11687],[13.36374,38.11632],[13.36396,38.1159],[13.36365,38.11545],[13.36381,38.11518],[13.36432,38.11488],[13.36417,38.11458],[13.36471,38.11427],[13.36459,38.11404],[13.365,38.11354],[13.36537,38.1126],[13.36594,38.1124],[13.36626,38.11191],[13.36586,38.1117],[13.3664,38.11095],[13.36799,38.11171],[13.37272,38.11389],[13.37509,38.115],[13.37539,38.11467],[13.37604,38.11494],[13.37725,38.11334],[13.37881,38.11411],[13.37768,38.1156],[13.37713,38.11591],[13.37674,38.1164],[13.37392,38.11923],[13.37332,38.11961],[13.37272,38.11961],[13.37143,38.11962],[13.37106,38.11935],[13.37216,38.11788],[13.3719,38.11753],[13.37111,38.11856],[13.37054,38.11813],[13.37011,38.11855],[13.36898,38.11812],[13.36887,38.11825]]]},"properties":{"zona":"B19","linkzona":"PA00005644","fascia":"B","fascia_label":"Centrale","descr":"DELIMITAZIONE: VITTORIO EMANUELE-FORO ITALICO-LINCOLN-ROMA","semestre":"2025-S2","loc_min":3.7,"loc_max":5.0,"loc_mid":4.35,"sale_min":1250.0,"sale_max":1700.0,"sup":"L","tipologia":"Abitazioni civili","stato":"NORMALE","trend":0.0,"trend_from":"2023-S2"}},{"type":"Feature","geometry":{"type":"Polygon","coordinates":[[[13.35375,38.1108],[13.35315,38.11031],[13.35305,38.11009],[13.35231,38.10977],[13.35346,38.10869],[13.3534,38.1086],[13.35418,38.10759],[13.35554,38.10803],[13.35721,38.10851],[13.35849,38.10875],[13.36008,38.1087],[13.36089,38.10916],[13.36259,38.10973],[13.36371,38.10993],[13.36343,38.10993],[13.36288,38.11095],[13.3625,38.11105],[13.36251,38.11139],[13.36195,38.11222],[13.36178,38.11272],[13.36104,38.11365],[13.36105,38.11424],[13.36072,38.11439],[13.36001,38.11432],[13.35975,38.1146],[13.35915,38.11415],[13.35874,38.11471],[13.35804,38.114],[13.35759,38.11432],[13.35719,38.11417],[13.35712,38.11393],[13.35674,38.11384],[13.35658,38.11335],[13.35553,38.11319],[13.35506,38.11298],[13.35508,38.11279],[13.35556,38.11207],[13.35541,38.11179],[13.35449,38.11162],[13.35412,38.11145],[13.35423,38.11122],[13.35375,38.1108]]]},"properties":{"zona":"B15","linkzona":"PA00005606","fascia":"B","fascia_label":"Centrale","descr":"DELIMITAZIONE:VITTORIO EMANUELE-MAQUEDA-TUKORY-RE RUGGERO","semestre":"2025-S2","loc_min":3.2,"loc_max":4.4,"loc_mid":3.8,"sale_min":1050.0,"sale_max":1400.0,"sup":"L","tipologia":"Abitazioni civili","stato":"NORMALE","trend":-0.0,"trend_from":"2023-S2"}},{"type":"Feature","geometry":{"type":"Polygon","coordinates":[[[13.32935,38.10986],[13.33023,38.10992],[13.33018,38.11029],[13.33529,38.11027],[13.33672,38.11047],[13.33899,38.11059],[13.33878,38.11145],[13.33945,38.1116],[13.34025,38.11258],[13.34055,38.11276],[13.34034,38.11331],[13.33937,38.11463],[13.33904,38.11519],[13.33891,38.11575],[13.34015,38.1158],[13.34029,38.11642],[13.34035,38.1191],[13.33968,38.11956],[13.33874,38.1197],[13.3384,38.11966],[13.33843,38.12011],[13.33768,38.12018],[13.33646,38.12057],[13.3351,38.1209],[13.33373,38.12141],[13.33245,38.12182],[13.33107,38.12328],[13.33083,38.1232],[13.32984,38.12416],[13.32876,38.12486],[13.32865,38.12492],[13.32859,38.12485],[13.32833,38.12237],[13.32818,38.12239],[13.32811,38.12231],[13.32783,38.11981],[13.32792,38.1182],[13.32855,38.11356],[13.32848,38.11344],[13.32892,38.10992],[13.32897,38.1099],[13.32935,38.10986]]]},"properties":{"zona":"C5","linkzona":"PA00000319","fascia":"C","fascia_label":"Semicentrale","descr":"PERPIGNANO-SICCHERIA-CAPPUCCINI","semestre":"2025-S2","loc_min":5.0,"loc_max":6.5,"loc_mid":5.75,"sale_min":1050.0,"sale_max":1400.0,"sup":"L","tipologia":"Abitazioni civili","stato":"NORMALE","trend":32.2,"trend_from":"2023-S2"}},{"type":"Feature","geometry":{"type":"Polygon","coordinates":[[[13.35799,38.13476],[13.358,38.13412],[13.35886,38.13437],[13.35874,38.13403],[13.35991,38.13203],[13.36059,38.13194],[13.36221,38.13188],[13.36295,38.13189],[13.36257,38.13389],[13.36622,38.13508],[13.36614,38.13529],[13.36675,38.1355],[13.36806,38.13507],[13.36869,38.13282],[13.36785,38.13265],[13.36788,38.13252],[13.36872,38.13265],[13.36917,38.13104],[13.36933,38.13107],[13.36897,38.13235],[13.36903,38.13271],[13.36956,38.13279],[13.37018,38.13055],[13.37103,38.13062],[13.37043,38.13251],[13.37247,38.1329],[13.37476,38.12666],[13.37498,38.12629],[13.37537,38.12634],[13.38001,38.1225],[13.38014,38.1226],[13.37517,38.12671],[13.37279,38.13316],[13.37271,38.13345],[13.37065,38.13301],[13.36959,38.13587],[13.37023,38.1364],[13.36971,38.13687],[13.37013,38.13716],[13.37116,38.13633],[13.37125,38.13639],[13.37018,38.13736],[13.37031,38.1375],[13.37002,38.1381],[13.36982,38.13884],[13.36957,38.13913],[13.36946,38.14003],[13.3706,38.13709],[13.37068,38.13719],[13.3696,38.13996],[13.37017,38.14009],[13.37125,38.13732],[13.3715,38.13751],[13.37027,38.14069],[13.37101,38.14086],[13.37224,38.13769],[13.37246,38.13762],[13.37119,38.1409],[13.3719,38.14099],[13.37271,38.14036],[13.37363,38.14057],[13.37498,38.13712],[13.37557,38.13602],[13.37533,38.13592],[13.37587,38.1349],[13.37628,38.13471],[13.37738,38.13265],[13.37741,38.13299],[13.37515,38.13717],[13.37376,38.14074],[13.37325,38.1409],[13.37336,38.14129],[13.37213,38.14367],[13.37129,38.1418],[13.36869,38.14263],[13.36915,38.14353],[13.36876,38.14363],[13.36867,38.14397],[13.36902,38.14417],[13.36978,38.14415],[13.37108,38.14508],[13.37098,38.14522],[13.37143,38.14602],[13.37072,38.14617],[13.37018,38.14626],[13.36987,38.14533],[13.36933,38.1448],[13.3687,38.14503],[13.36813,38.14527],[13.36773,38.14515],[13.36704,38.14547],[13.3663,38.14606],[13.36477,38.14532],[13.36506,38.14459],[13.36472,38.1444],[13.36037,38.14384],[13.35922,38.14401],[13.35854,38.14431],[13.35709,38.14425],[13.35696,38.14459],[13.35641,38.14461],[13.35646,38.14378],[13.35631,38.14376],[13.35572,38.14694],[13.35619,38.14793],[13.35566,38.14802],[13.35394,38.14773],[13.35197,38.14714],[13.35102,38.14875],[13.35041,38.1493],[13.34878,38.15041],[13.34329,38.14669],[13.34567,38.14459],[13.34891,38.14185],[13.35105,38.13956],[13.35233,38.13815],[13.35406,38.13653],[13.35465,38.13617],[13.35526,38.13557],[13.35634,38.13514],[13.35723,38.135],[13.35689,38.13558],[13.35668,38.13571],[13.35784,38.136],[13.35799,38.13476]]]},"properties":{"zona":"C3","linkzona":"PA00000090","fascia":"C","fascia_label":"Semicentrale","descr":"IMP.RE FEDERICO-AUTONOMIA SICILIANA-CANTIERI-ACQUASANTA","semestre":"2025-S2","loc_min":6.0,"loc_max":7.0,"loc_mid":6.5,"sale_min":1250.0,"sale_max":1600.0,"sup":"L","tipologia":"Abitazioni civili","stato":"NORMALE","trend":26.2,"trend_from":"2023-S2"}},{"type":"Feature","geometry":{"type":"Polygon","coordinates":[[[13.33843,38.12011],[13.3384,38.11966],[13.33874,38.1197],[13.33968,38.11956],[13.34035,38.1191],[13.34029,38.11642],[13.34015,38.1158],[13.33891,38.11575],[13.33904,38.11519],[13.33937,38.11463],[13.34034,38.11331],[13.34055,38.11276],[13.34075,38.1129],[13.34199,38.11338],[13.34321,38.11366],[13.34396,38.11398],[13.34536,38.11469],[13.34502,38.11539],[13.34441,38.11549],[13.3441,38.11637],[13.3436,38.1164],[13.34372,38.11678],[13.34198,38.11808],[13.34202,38.11818],[13.34058,38.11918],[13.34048,38.11958],[13.33961,38.11995],[13.33973,38.12013],[13.33843,38.12011]]]},"properties":{"zona":"C7","linkzona":"PA00003739","fascia":"C","fascia_label":"Semicentrale","descr":"ZISA-GUERRAZZI-CARDINALE TOMASI","semestre":"2025-S2","loc_min":3.1,"loc_max":4.3,"loc_mid":3.7,"sale_min":900.0,"sale_max":1250.0,"sup":"L","tipologia":"Abitazioni civili","stato":"NORMALE","trend":0.0,"trend_from":"2023-S2"}},{"type":"Feature","geometry":{"type":"Polygon","coordinates":[[[13.35756,38.1212],[13.35817,38.12085],[13.35861,38.11965],[13.35861,38.11933],[13.35905,38.11905],[13.35894,38.11881],[13.35956,38.11847],[13.35971,38.11798],[13.36019,38.11794],[13.36028,38.1177],[13.35924,38.11748],[13.35947,38.11712],[13.36005,38.11728],[13.36081,38.11597],[13.36125,38.11615],[13.36108,38.11647],[13.36162,38.11661],[13.36215,38.11659],[13.36166,38.11721],[13.36137,38.1178],[13.36105,38.1182],[13.36122,38.11865],[13.3607,38.11891],[13.36093,38.11916],[13.36015,38.11968],[13.3598,38.12045],[13.35933,38.12044],[13.35924,38.12087],[13.35998,38.12109],[13.35985,38.12149],[13.36003,38.12185],[13.35987,38.12184],[13.35983,38.12182],[13.35983,38.12181],[13.35984,38.1218],[13.35968,38.12177],[13.35756,38.1212]]]},"properties":{"zona":"B16","linkzona":"PA00005607","fascia":"B","fascia_label":"Centrale","descr":"DELIMITAZIONE:MAQUEDA-VITTORIO EMANUELE-ROMA-CAVOUR","semestre":"2025-S2","loc_min":3.9,"loc_max":5.5,"loc_mid":4.7,"sale_min":1300.0,"sale_max":1850.0,"sup":"L","tipologia":"Abitazioni civili","stato":"NORMALE","trend":0.0,"trend_from":"2023-S2"}},{"type":"Feature","geometry":{"type":"Polygon","coordinates":[[[13.35593,38.12958],[13.35522,38.12918],[13.35577,38.12797],[13.35611,38.12774],[13.35656,38.12698],[13.35715,38.12682],[13.35725,38.12604],[13.35745,38.12607],[13.36031,38.12723],[13.35975,38.12841],[13.36001,38.12862],[13.35967,38.12936],[13.3591,38.12999],[13.35863,38.13003],[13.35825,38.13047],[13.35756,38.13011],[13.35675,38.12979],[13.35593,38.12958]]]},"properties":{"zona":"B7","linkzona":"PA00005284","fascia":"B","fascia_label":"Centrale","descr":"BORGO VECCHIO","semestre":"2025-S2","loc_min":2.8,"loc_max":4.1,"loc_mid":3.45,"sale_min":900.0,"sale_max":1250.0,"sup":"L","tipologia":"Abitazioni civili","stato":"NORMALE","trend":0.0,"trend_from":"2023-S2"}},{"type":"Feature","geometry":{"type":"Polygon","coordinates":[[[13.35433,38.13188],[13.35356,38.13158],[13.35186,38.13101],[13.35185,38.13064],[13.35212,38.13019],[13.35498,38.12579],[13.35524,38.12541],[13.35588,38.12567],[13.35614,38.12563],[13.3565,38.12495],[13.35701,38.12527],[13.35725,38.12604],[13.35715,38.12682],[13.35656,38.12698],[13.35611,38.12774],[13.35577,38.12797],[13.35522,38.12918],[13.35593,38.12958],[13.35585,38.12955],[13.35433,38.13188]]]},"properties":{"zona":"B23","linkzona":"PA00006531","fascia":"B","fascia_label":"Centrale","descr":"DELIM: VIA DELLE CROCI-CORLEO-P.STURZO-U.BASSI ALBANESE-ORSINI","semestre":"2025-S2","loc_min":4.7,"loc_max":6.2,"loc_mid":5.45,"sale_min":1550.0,"sale_max":2150.0,"sup":"L","tipologia":"Abitazioni civili","stato":"NORMALE","trend":0.0,"trend_from":"2023-S2"}},{"type":"Feature","geometry":{"type":"Polygon","coordinates":[[[13.40667,38.09429],[13.4064,38.09432],[13.40601,38.09369],[13.4072,38.0934],[13.40707,38.09284],[13.40829,38.09248],[13.40793,38.09194],[13.40689,38.0904],[13.40675,38.09032],[13.40496,38.08789],[13.40445,38.08798],[13.40049,38.08916],[13.39922,38.08758],[13.39865,38.08783],[13.39798,38.08695],[13.39851,38.08674],[13.39886,38.08715],[13.39934,38.08691],[13.3996,38.08722],[13.39982,38.0869],[13.40026,38.08667],[13.40069,38.08714],[13.40095,38.08711],[13.40174,38.08672],[13.40234,38.08651],[13.40266,38.08682],[13.40367,38.08625],[13.40429,38.08679],[13.4047,38.08674],[13.40542,38.08626],[13.40586,38.08667],[13.40747,38.08653],[13.40801,38.08632],[13.40848,38.08643],[13.40943,38.08589],[13.41007,38.08633],[13.41044,38.08634],[13.41165,38.08577],[13.41202,38.08624],[13.41229,38.08598],[13.4129,38.08572],[13.41335,38.08622],[13.41446,38.08568],[13.4149,38.08625],[13.4152,38.08582],[13.4156,38.08559],[13.41678,38.08561],[13.41693,38.08579],[13.41741,38.08552],[13.41791,38.08562],[13.41854,38.0863],[13.41952,38.08638],[13.4218,38.0864],[13.4231,38.08555],[13.42375,38.08472],[13.42468,38.08395],[13.42552,38.08371],[13.42572,38.08353],[13.42655,38.0834],[13.4279,38.08337],[13.43027,38.08258],[13.43296,38.08202],[13.43296,38.0827],[13.43261,38.0839],[13.4319,38.08715],[13.43285,38.08654],[13.43321,38.08643],[13.43458,38.08641],[13.43564,38.08574],[13.43699,38.08586],[13.43862,38.08614],[13.43945,38.0861],[13.44038,38.08593],[13.44041,38.08654],[13.44068,38.08733],[13.44149,38.08798],[13.44024,38.08902],[13.43868,38.09009],[13.43888,38.09098],[13.43978,38.09125],[13.44178,38.09158],[13.44273,38.09191],[13.44322,38.09249],[13.44276,38.09269],[13.44305,38.09361],[13.44396,38.09368],[13.44414,38.09332],[13.4437,38.09206],[13.44438,38.09171],[13.44551,38.0908],[13.44595,38.09014],[13.44649,38.08977],[13.44727,38.08939],[13.45011,38.08875],[13.45036,38.08944],[13.45082,38.09098],[13.45113,38.09219],[13.45091,38.09252],[13.45046,38.09272],[13.44964,38.09323],[13.4487,38.09363],[13.44885,38.09402],[13.44923,38.09418],[13.44923,38.09458],[13.44961,38.09468],[13.44984,38.09447],[13.45029,38.09513],[13.45126,38.09522],[13.45135,38.09539],[13.45014,38.09529],[13.44914,38.09515],[13.44734,38.09506],[13.44679,38.09495],[13.44568,38.09504],[13.44493,38.09492],[13.44369,38.09485],[13.44278,38.09474],[13.44145,38.09478],[13.44122,38.09491],[13.4401,38.09482],[13.43934,38.09491],[13.43887,38.09514],[13.43537,38.09521],[13.43485,38.09527],[13.4341,38.09559],[13.43324,38.09606],[13.43235,38.09636],[13.43136,38.09702],[13.43083,38.09757],[13.42981,38.09844],[13.42926,38.0988],[13.4283,38.09915],[13.42782,38.09915],[13.4271,38.09897],[13.42575,38.09884],[13.42541,38.09865],[13.4247,38.09848],[13.42385,38.09817],[13.42273,38.09807],[13.42183,38.09809],[13.4178,38.0985],[13.41743,38.09825],[13.41677,38.09804],[13.41618,38.09823],[13.41576,38.09814],[13.41491,38.09815],[13.41382,38.09835],[13.41175,38.09845],[13.41072,38.09866],[13.41061,38.09811],[13.41176,38.09799],[13.41156,38.09767],[13.41098,38.09776],[13.41086,38.09715],[13.41019,38.09736],[13.40968,38.09656],[13.40957,38.09639],[13.40949,38.09625],[13.40845,38.0965],[13.40787,38.09548],[13.4085,38.09522],[13.40779,38.0942],[13.40667,38.09429]]]},"properties":{"zona":"E9","linkzona":"PA00000205","fascia":"E","fascia_label":"Suburbana","descr":"ACQUA DEI CORSARI -GALLETTI-FIGURELLA","semestre":"2025-S2","loc_min":3.0,"loc_max":4.0,"loc_mid":3.5,"sale_min":880.0,"sale_max":1250.0,"sup":"L","tipologia":"Abitazioni civili","stato":"NORMALE","trend":0.0,"trend_from":"2023-S2"}},{"type":"Feature","geometry":{"type":"Polygon","coordinates":[[[13.34638,38.11439],[13.34589,38.11467],[13.34536,38.11469],[13.34396,38.11398],[13.34321,38.11366],[13.34199,38.11338],[13.34075,38.1129],[13.34055,38.11276],[13.34025,38.11258],[13.33945,38.1116],[13.33878,38.11145],[13.33899,38.11059],[13.3437,38.11069],[13.34383,38.11066],[13.34572,38.11087],[13.34755,38.11119],[13.34814,38.11124],[13.3489,38.11115],[13.3492,38.11116],[13.35066,38.11173],[13.34964,38.11208],[13.34908,38.11249],[13.34756,38.11318],[13.34693,38.11377],[13.34638,38.11439]]]},"properties":{"zona":"C10","linkzona":"PA00005264","fascia":"C","fascia_label":"Semicentrale","descr":"RIONE DANISINNI","semestre":"2025-S2","loc_min":2.6,"loc_max":3.4,"loc_mid":3.0,"sale_min":750.0,"sale_max":1050.0,"sup":"L","tipologia":"Abitazioni civili","stato":"NORMALE","trend":0.0,"trend_from":"2023-S2"}},{"type":"Feature","geometry":{"type":"Polygon","coordinates":[[[13.33452,38.09683],[13.33558,38.09698],[13.33608,38.09768],[13.33762,38.0995],[13.33791,38.09992],[13.3386,38.1016],[13.33921,38.10227],[13.34048,38.10346],[13.34175,38.10486],[13.34301,38.10586],[13.34456,38.10665],[13.34545,38.1069],[13.34631,38.10704],[13.34724,38.10739],[13.34802,38.10804],[13.34868,38.10876],[13.34926,38.10928],[13.34984,38.10965],[13.34952,38.1097],[13.34875,38.11072],[13.3489,38.11115],[13.34814,38.11124],[13.34755,38.11119],[13.34572,38.11087],[13.34383,38.11066],[13.3437,38.11069],[13.33899,38.11059],[13.33672,38.11047],[13.33529,38.11027],[13.33018,38.11029],[13.33023,38.10992],[13.32935,38.10986],[13.32967,38.10524],[13.32957,38.10486],[13.32961,38.10425],[13.32982,38.10305],[13.32989,38.1021],[13.3303,38.1011],[13.33217,38.09916],[13.33389,38.09741],[13.33452,38.09683]]]},"properties":{"zona":"C11","linkzona":"PA00006143","fascia":"C","fascia_label":"Semicentrale","descr":"DELIMITAZIONE:PITRE-CAPPUCCINI-PISANI-ALTOFONTE-REGIONE SICILIANA","semestre":"2025-S2","loc_min":3.7,"loc_max":5.0,"loc_mid":4.35,"sale_min":1150.0,"sale_max":1450.0,"sup":"L","tipologia":"Abitazioni civili","stato":"NORMALE","trend":0.0,"trend_from":"2023-S2"}},{"type":"Feature","geometry":{"type":"Polygon","coordinates":[[[13.34175,38.10486],[13.34206,38.10446],[13.34313,38.10371],[13.34375,38.10382],[13.34404,38.10325],[13.34395,38.10281],[13.34357,38.10245],[13.34365,38.1017],[13.34406,38.10159],[13.34452,38.10098],[13.34507,38.1011],[13.34548,38.10135],[13.3457,38.10116],[13.34524,38.10078],[13.3456,38.10049],[13.34621,38.10074],[13.34511,38.09971],[13.34596,38.09903],[13.34519,38.0978],[13.34481,38.09728],[13.34622,38.09602],[13.34653,38.09568],[13.34718,38.09584],[13.34737,38.09608],[13.34872,38.09719],[13.3489,38.09715],[13.34883,38.09565],[13.34899,38.09539],[13.34986,38.09585],[13.35029,38.09535],[13.351,38.09572],[13.35156,38.09544],[13.35161,38.09522],[13.35239,38.09483],[13.35268,38.09568],[13.35321,38.09618],[13.35438,38.09678],[13.35427,38.09709],[13.35447,38.0973],[13.35497,38.09723],[13.35512,38.09694],[13.35546,38.09572],[13.35601,38.09524],[13.35684,38.09549],[13.35719,38.09642],[13.35749,38.09658],[13.35827,38.09668],[13.35916,38.09724],[13.35966,38.09771],[13.35912,38.09829],[13.36011,38.10021],[13.35982,38.1008],[13.3604,38.101],[13.36062,38.10178],[13.36156,38.10359],[13.36178,38.10421],[13.36178,38.10504],[13.36209,38.10496],[13.36314,38.10444],[13.36367,38.10429],[13.36369,38.10401],[13.36504,38.10294],[13.3657,38.10217],[13.36579,38.10194],[13.36651,38.10152],[13.36653,38.10183],[13.36726,38.10205],[13.36871,38.10282],[13.36806,38.10381],[13.37037,38.10492],[13.3707,38.10512],[13.37238,38.10478],[13.37218,38.10521],[13.37172,38.10551],[13.37221,38.10603],[13.372,38.10635],[13.37255,38.1071],[13.37285,38.10698],[13.3732,38.10783],[13.3757,38.11119],[13.37607,38.1121],[13.3764,38.11237],[13.37639,38.11251],[13.3772,38.11289],[13.37747,38.11302],[13.37725,38.11334],[13.37604,38.11494],[13.37539,38.11467],[13.37355,38.11381],[13.37479,38.11217],[13.37416,38.11199],[13.37272,38.11389],[13.36799,38.11171],[13.3664,38.11095],[13.36519,38.11037],[13.36496,38.11005],[13.36414,38.10968],[13.36371,38.10993],[13.36259,38.10973],[13.36089,38.10916],[13.36008,38.1087],[13.35849,38.10875],[13.35721,38.10851],[13.35554,38.10803],[13.35418,38.10759],[13.3534,38.1086],[13.35346,38.10869],[13.35231,38.10977],[13.35213,38.1099],[13.3501,38.10979],[13.34984,38.10965],[13.34926,38.10928],[13.34868,38.10876],[13.34802,38.10804],[13.34724,38.10739],[13.34631,38.10704],[13.34545,38.1069],[13.34456,38.10665],[13.34301,38.10586],[13.34175,38.10486]]]},"properties":{"zona":"C4","linkzona":"PA00000318","fascia":"C","fascia_label":"Semicentrale","descr":"E.BASILE-MONTEGRAPPA-CLINICHE-STAZIONE C.LE-ORTO BOTANICO","semestre":"2025-S2","loc_min":6.0,"loc_max":8.0,"loc_mid":7.0,"sale_min":1000.0,"sale_max":1350.0,"sup":"L","tipologia":"Abitazioni civili","stato":"NORMALE","trend":30.8,"trend_from":"2023-S2"}},{"type":"Feature","geometry":{"type":"Polygon","coordinates":[[[13.33844,38.19529],[13.33873,38.19489],[13.33914,38.19364],[13.33931,38.19336],[13.33914,38.19308],[13.33882,38.19305],[13.3386,38.1935],[13.33808,38.19491],[13.33775,38.1948],[13.33749,38.19467],[13.3374,38.19373],[13.33796,38.19118],[13.33812,38.18969],[13.33683,38.18961],[13.3367,38.18975],[13.33582,38.18963],[13.33509,38.18935],[13.33339,38.18905],[13.33381,38.18859],[13.3338,38.18793],[13.33404,38.18744],[13.33446,38.18612],[13.33478,38.18598],[13.33505,38.18506],[13.33501,38.18457],[13.3348,38.18442],[13.335,38.18399],[13.33493,38.1826],[13.33511,38.18214],[13.33533,38.18087],[13.33553,38.18027],[13.33532,38.17986],[13.33556,38.17913],[13.33605,38.17857],[13.33578,38.17823],[13.3361,38.17762],[13.33611,38.17724],[13.33645,38.1764],[13.33712,38.17553],[13.36021,38.17564],[13.36026,38.17573],[13.36187,38.17571],[13.36192,38.17551],[13.36188,38.17625],[13.3615,38.17699],[13.36161,38.17726],[13.36462,38.17745],[13.36463,38.17733],[13.36252,38.17719],[13.36243,38.17692],[13.36281,38.17621],[13.36273,38.17601],[13.36291,38.17544],[13.36495,38.17556],[13.3659,38.17561],[13.36664,38.17548],[13.3674,38.1755],[13.36732,38.17569],[13.36642,38.17632],[13.3664,38.17747],[13.36667,38.17791],[13.36655,38.17822],[13.3665,38.17913],[13.36603,38.18007],[13.36607,38.18035],[13.36584,38.18119],[13.36594,38.18139],[13.3657,38.18219],[13.36517,38.18278],[13.36493,38.18319],[13.36428,38.1836],[13.36391,38.18395],[13.36405,38.18421],[13.36299,38.18523],[13.36247,38.18543],[13.36214,38.18572],[13.36216,38.18611],[13.36124,38.1868],[13.36099,38.18734],[13.36015,38.1885],[13.35958,38.18976],[13.3593,38.18995],[13.35926,38.19036],[13.35877,38.19167],[13.3573,38.19192],[13.35645,38.19166],[13.35588,38.1912],[13.35479,38.19101],[13.3543,38.19109],[13.35324,38.19105],[13.35271,38.19096],[13.35222,38.19108],[13.35171,38.19106],[13.35154,38.19086],[13.35076,38.1909],[13.35055,38.19133],[13.3497,38.19151],[13.3506,38.19235],[13.35048,38.19251],[13.34915,38.19107],[13.34707,38.19106],[13.34647,38.19099],[13.34644,38.19121],[13.34525,38.19205],[13.34493,38.19206],[13.34426,38.19236],[13.34413,38.19266],[13.34316,38.19296],[13.34237,38.19377],[13.34204,38.19379],[13.34183,38.19406],[13.3415,38.19395],[13.3407,38.19431],[13.34064,38.19487],[13.3398,38.19552],[13.33933,38.19537],[13.33907,38.19508],[13.33844,38.19529]]]},"properties":{"zona":"E2","linkzona":"PA00000203","fascia":"E","fascia_label":"Suburbana","descr":"ADDAURA","semestre":"2025-S2","loc_min":3.9,"loc_max":4.9,"loc_mid":4.4,"sale_min":1200.0,"sale_max":1650.0,"sup":"L","tipologia":"Abitazioni civili","stato":"NORMALE","trend":0.0,"trend_from":"2023-S2"}},{"type":"Feature","geometry":{"type":"Polygon","coordinates":[[[13.36085,38.12211],[13.36133,38.12226],[13.36081,38.12302],[13.36083,38.12308],[13.35899,38.12588],[13.35739,38.12525],[13.35972,38.12193],[13.35987,38.12184],[13.36003,38.12185],[13.36057,38.12201],[13.36085,38.12211]]]},"properties":{"zona":"B22","linkzona":"PA00006530","fascia":"B","fascia_label":"Centrale","descr":"DELIM:VIA ROMA-CAVOUR- P.PE DI SCORDIA- E. AMARI","semestre":"2025-S2","loc_min":4.5,"loc_max":5.9,"loc_mid":5.2,"sale_min":1400.0,"sale_max":2050.0,"sup":"L","tipologia":"Abitazioni civili","stato":"NORMALE","trend":3.0,"trend_from":"2023-S2"}},{"type":"Feature","geometry":{"type":"MultiPolygon","coordinates":[[[[13.36564,38.11823],[13.36565,38.11792],[13.3653,38.11787],[13.36483,38.11785],[13.36461,38.11763],[13.36397,38.11744],[13.3635,38.11742],[13.36348,38.11703],[13.363,38.11695],[13.36235,38.11764],[13.36197,38.11841],[13.36231,38.11875],[13.36167,38.11954],[13.36091,38.12066],[13.36057,38.12201],[13.36003,38.12185],[13.35985,38.12149],[13.35998,38.12109],[13.35924,38.12087],[13.35933,38.12044],[13.3598,38.12045],[13.36015,38.11968],[13.36093,38.11916],[13.3607,38.11891],[13.36122,38.11865],[13.36105,38.1182],[13.36137,38.1178],[13.36166,38.11721],[13.36215,38.11659],[13.36162,38.11661],[13.36108,38.11647],[13.36125,38.11615],[13.36081,38.11597],[13.36005,38.11728],[13.35947,38.11712],[13.35949,38.11674],[13.35921,38.11648],[13.35976,38.11583],[13.36019,38.11569],[13.35908,38.11528],[13.35869,38.11571],[13.35845,38.1156],[13.35871,38.11516],[13.35736,38.11457],[13.35665,38.11553],[13.35631,38.11539],[13.3561,38.1156],[13.35568,38.11537],[13.35629,38.11463],[13.3558,38.1144],[13.35549,38.11472],[13.35442,38.1142],[13.35354,38.11518],[13.35333,38.11496],[13.3527,38.11503],[13.35132,38.11462],[13.35093,38.11464],[13.35123,38.11409],[13.35136,38.11348],[13.35112,38.1127],[13.35135,38.11268],[13.35165,38.11216],[13.35066,38.11173],[13.3492,38.11116],[13.3489,38.11115],[13.34875,38.11072],[13.34952,38.1097],[13.34984,38.10965],[13.3501,38.10979],[13.35213,38.1099],[13.35231,38.10977],[13.35305,38.11009],[13.35315,38.11031],[13.35375,38.1108],[13.35423,38.11122],[13.35412,38.11145],[13.35449,38.11162],[13.35541,38.11179],[13.35556,38.11207],[13.35508,38.11279],[13.35506,38.11298],[13.35553,38.11319],[13.35658,38.11335],[13.35674,38.11384],[13.35712,38.11393],[13.35719,38.11417],[13.35759,38.11432],[13.35804,38.114],[13.35874,38.11471],[13.35915,38.11415],[13.35975,38.1146],[13.36001,38.11432],[13.36072,38.11439],[13.36105,38.11424],[13.36104,38.11365],[13.36178,38.11272],[13.36195,38.11222],[13.36251,38.11139],[13.3625,38.11105],[13.36288,38.11095],[13.36343,38.10993],[13.36371,38.10993],[13.36414,38.10968],[13.36496,38.11005],[13.36519,38.11037],[13.3664,38.11095],[13.36586,38.1117],[13.36626,38.11191],[13.36594,38.1124],[13.36537,38.1126],[13.365,38.11354],[13.36459,38.11404],[13.36471,38.11427],[13.36417,38.11458],[13.36432,38.11488],[13.36381,38.11518],[13.36365,38.11545],[13.36396,38.1159],[13.36374,38.11632],[13.36465,38.11687],[13.36527,38.117],[13.36561,38.11743],[13.36612,38.11728],[13.36635,38.11765],[13.36706,38.11771],[13.36757,38.11713],[13.36798,38.1169],[13.36873,38.11749],[13.36875,38.11812],[13.36887,38.11825],[13.36898,38.11812],[13.37011,38.11855],[13.37054,38.11813],[13.37111,38.11856],[13.3719,38.11753],[13.37216,38.11788],[13.37106,38.11935],[13.37143,38.11962],[13.37125,38.11989],[13.37067,38.1201],[13.36945,38.11958],[13.36895,38.11915],[13.36659,38.11818],[13.3661,38.11799],[13.36564,38.11823]],[[13.36235,38.11532],[13.36268,38.11496],[13.36301,38.11405],[13.36333,38.11357],[13.36359,38.11284],[13.36387,38.11288],[13.36423,38.11239],[13.3641,38.11224],[13.36457,38.11155],[13.36461,38.11123],[13.36506,38.11059],[13.36471,38.11032],[13.36432,38.11022],[13.36402,38.11064],[13.364,38.11117],[13.36318,38.11154],[13.36346,38.11167],[13.36253,38.11314],[13.36252,38.11394],[13.36219,38.114],[13.3621,38.11461],[13.36163,38.11461],[13.36162,38.115],[13.36124,38.11559],[13.3617,38.11564],[13.36189,38.11521],[13.36235,38.11532]]],[[[13.35756,38.1212],[13.35686,38.12104],[13.3571,38.12089],[13.35778,38.11972],[13.35763,38.11948],[13.35781,38.1186],[13.35823,38.11871],[13.35848,38.11828],[13.35827,38.11778],[13.35842,38.11755],[13.35885,38.11763],[13.35894,38.1173],[13.35947,38.11712],[13.35924,38.11748],[13.36028,38.1177],[13.36019,38.11794],[13.35971,38.11798],[13.35956,38.11847],[13.35894,38.11881],[13.35905,38.11905],[13.35861,38.11933],[13.35861,38.11965],[13.35817,38.12085],[13.35756,38.1212]]],[[[13.35968,38.12177],[13.35984,38.1218],[13.35983,38.12181],[13.35983,38.12182],[13.35968,38.12177]]]]},"properties":{"zona":"B14","linkzona":"PA00005605","fascia":"B","fascia_label":"Centrale","descr":"VITTORIO EMANUELE-MAQUEDA-ROMA","semestre":"2025-S2","loc_min":6.5,"loc_max":8.5,"loc_mid":7.5,"sale_min":1400.0,"sale_max":2000.0,"sup":"L","tipologia":"Abitazioni civili","stato":"NORMALE","trend":28.2,"trend_from":"2023-S2"}},{"type":"Feature","geometry":{"type":"Polygon","coordinates":[[[13.34983,38.12965],[13.34945,38.13007],[13.3496,38.1305],[13.35069,38.13093],[13.3508,38.13078],[13.35155,38.13089],[13.3516,38.13081],[13.35163,38.13081],[13.35168,38.13082],[13.35185,38.13064],[13.35186,38.13101],[13.35356,38.13158],[13.35433,38.13188],[13.35499,38.1322],[13.35465,38.1334],[13.35489,38.13384],[13.35594,38.13441],[13.35635,38.13471],[13.35552,38.13518],[13.35344,38.13696],[13.35126,38.13904],[13.3498,38.14065],[13.3493,38.14124],[13.34835,38.14218],[13.3443,38.14054],[13.34419,38.14071],[13.34826,38.14236],[13.34533,38.14482],[13.34277,38.14668],[13.34294,38.14685],[13.34285,38.14705],[13.34266,38.1473],[13.34072,38.15091],[13.33895,38.1536],[13.33867,38.15376],[13.33786,38.15482],[13.33721,38.15466],[13.33561,38.1536],[13.33527,38.15331],[13.33382,38.15434],[13.33332,38.15413],[13.33197,38.15322],[13.33255,38.15254],[13.33261,38.15235],[13.33143,38.15146],[13.33042,38.15081],[13.33012,38.1504],[13.33067,38.14962],[13.33114,38.14819],[13.33107,38.14749],[13.32806,38.14575],[13.32905,38.14473],[13.3296,38.1441],[13.33019,38.14319],[13.33047,38.14256],[13.3306,38.14185],[13.33041,38.14009],[13.33057,38.13988],[13.33034,38.13954],[13.33024,38.1388],[13.33038,38.13873],[13.33016,38.13693],[13.33003,38.13621],[13.3301,38.13564],[13.3297,38.13548],[13.32961,38.1344],[13.3314,38.13482],[13.33146,38.13474],[13.32955,38.13429],[13.32909,38.13096],[13.32929,38.13094],[13.32907,38.12928],[13.32936,38.12847],[13.32913,38.12833],[13.32907,38.12771],[13.32867,38.12745],[13.32843,38.12506],[13.32865,38.12492],[13.32876,38.12486],[13.32884,38.12542],[13.32951,38.12495],[13.33102,38.12585],[13.33285,38.12635],[13.33325,38.12634],[13.33343,38.12602],[13.33474,38.12626],[13.33455,38.12672],[13.33603,38.12684],[13.33594,38.12716],[13.33655,38.12722],[13.33692,38.12702],[13.33727,38.12577],[13.33854,38.12631],[13.33832,38.12681],[13.34085,38.12763],[13.34111,38.12763],[13.34169,38.12733],[13.34327,38.12679],[13.34438,38.12594],[13.34623,38.1247],[13.347,38.12431],[13.34706,38.12445],[13.34647,38.1256],[13.34492,38.12807],[13.34518,38.12799],[13.34614,38.12818],[13.34681,38.12842],[13.34983,38.12965]]]},"properties":{"zona":"C1","linkzona":"PA00000088","fascia":"C","fascia_label":"Semicentrale","descr":"SCIUTI-NOTARBARTOLO-VILLABIANCA-DE GASPERI-GIOTTO-NEBRODI-GALILEI","semestre":"2025-S2","loc_min":6.0,"loc_max":8.0,"loc_mid":7.0,"sale_min":1550.0,"sale_max":1950.0,"sup":"L","tipologia":"Abitazioni civili","stato":"NORMALE","trend":33.3,"trend_from":"2023-S2"}},{"type":"Feature","geometry":{"type":"Polygon","coordinates":[[[13.36235,38.11532],[13.36189,38.11521],[13.3617,38.11564],[13.36124,38.11559],[13.36162,38.115],[13.36163,38.11461],[13.3621,38.11461],[13.36219,38.114],[13.36252,38.11394],[13.36253,38.11314],[13.36346,38.11167],[13.36318,38.11154],[13.364,38.11117],[13.36402,38.11064],[13.36432,38.11022],[13.36471,38.11032],[13.36506,38.11059],[13.36461,38.11123],[13.36457,38.11155],[13.3641,38.11224],[13.36423,38.11239],[13.36387,38.11288],[13.36359,38.11284],[13.36333,38.11357],[13.36301,38.11405],[13.36268,38.11496],[13.36235,38.11532]]]},"properties":{"zona":"B17","linkzona":"PA00005623","fascia":"B","fascia_label":"Centrale","descr":"DELIMITAZIONE: MAQUEDA-VITTORIO EMANUELE-ROMA-GIULIO CESARE","semestre":"2025-S2","loc_min":3.4,"loc_max":4.7,"loc_mid":4.05,"sale_min":1000.0,"sale_max":1450.0,"sup":"L","tipologia":"Abitazioni civili","stato":"NORMALE","trend":0.0,"trend_from":"2023-S2"}},{"type":"Feature","geometry":{"type":"MultiPolygon","coordinates":[[[[13.32897,38.1099],[13.32892,38.10992],[13.32848,38.11344],[13.32855,38.11356],[13.32792,38.1182],[13.32783,38.11981],[13.32811,38.12231],[13.32818,38.12239],[13.32694,38.12259],[13.32563,38.12271],[13.32415,38.12279],[13.32147,38.12302],[13.31962,38.12325],[13.31773,38.12375],[13.31725,38.12385],[13.31744,38.12377],[13.31722,38.12133],[13.31703,38.12129],[13.31667,38.11898],[13.31638,38.11889],[13.31727,38.11674],[13.31737,38.11673],[13.31821,38.1147],[13.31939,38.11436],[13.31856,38.11389],[13.3187,38.11357],[13.31925,38.11365],[13.31944,38.11328],[13.31971,38.11332],[13.31989,38.11269],[13.31904,38.1125],[13.31908,38.11235],[13.31994,38.11254],[13.31977,38.11218],[13.31995,38.11173],[13.32,38.11043],[13.3203,38.11024],[13.3188,38.11011],[13.31894,38.10998],[13.31902,38.10926],[13.32027,38.10952],[13.32086,38.10948],[13.32215,38.1096],[13.32227,38.10945],[13.32251,38.10968],[13.32345,38.10988],[13.32389,38.10976],[13.32585,38.10984],[13.32777,38.11002],[13.32897,38.1099]]],[[[13.31665,38.10976],[13.31373,38.10951],[13.31377,38.10937],[13.31594,38.1095],[13.31653,38.10948],[13.3166,38.10948],[13.31665,38.10976]]]]},"properties":{"zona":"D14","linkzona":"PA00006323","fascia":"D","fascia_label":"Periferica","descr":"DELIMITAZIONE:DI BLASI- R. SICILIANA-PITRE- AEREOPORTO BOCCADIFALCO","semestre":"2025-S2","loc_min":3.4,"loc_max":4.5,"loc_mid":3.95,"sale_min":1000.0,"sale_max":1450.0,"sup":"L","tipologia":"Abitazioni civili","stato":"NORMALE","trend":0.0,"trend_from":"2023-S2"}},{"type":"Feature","geometry":{"type":"Polygon","coordinates":[[[13.38224,38.09567],[13.38142,38.09693],[13.38104,38.09769],[13.38055,38.09904],[13.38016,38.09957],[13.37889,38.1008],[13.37847,38.1011],[13.37617,38.10254],[13.37539,38.10311],[13.37538,38.10335],[13.37454,38.10389],[13.37372,38.10424],[13.37332,38.10395],[13.37224,38.10468],[13.37238,38.10478],[13.3707,38.10512],[13.37037,38.10492],[13.36806,38.10381],[13.36871,38.10282],[13.36726,38.10205],[13.36653,38.10183],[13.36651,38.10152],[13.36579,38.10194],[13.3657,38.10217],[13.36504,38.10294],[13.36369,38.10401],[13.36367,38.10429],[13.36314,38.10444],[13.36209,38.10496],[13.36178,38.10504],[13.36178,38.10421],[13.36156,38.10359],[13.36062,38.10178],[13.3604,38.101],[13.35982,38.1008],[13.36011,38.10021],[13.35912,38.09829],[13.35966,38.09771],[13.35916,38.09724],[13.35827,38.09668],[13.35749,38.09658],[13.35719,38.09642],[13.35684,38.09549],[13.35601,38.09524],[13.35546,38.09572],[13.35512,38.09694],[13.35497,38.09723],[13.35447,38.0973],[13.35427,38.09709],[13.35438,38.09678],[13.35321,38.09618],[13.35268,38.09568],[13.35239,38.09483],[13.35241,38.0946],[13.35281,38.09385],[13.35321,38.09366],[13.3531,38.09342],[13.35271,38.09327],[13.35176,38.09327],[13.35156,38.0929],[13.35171,38.09244],[13.35291,38.09036],[13.35152,38.08949],[13.35105,38.08912],[13.34998,38.08756],[13.34916,38.08686],[13.34971,38.08665],[13.35035,38.08655],[13.35122,38.08651],[13.35225,38.0866],[13.35367,38.08686],[13.35417,38.08681],[13.35754,38.08735],[13.35806,38.08754],[13.35808,38.08755],[13.35809,38.08757],[13.35803,38.08765],[13.35801,38.08771],[13.35781,38.08806],[13.35834,38.08827],[13.35889,38.08758],[13.35923,38.0876],[13.36038,38.08822],[13.35995,38.08905],[13.36005,38.08915],[13.36182,38.08997],[13.36218,38.08932],[13.36298,38.0882],[13.36465,38.08845],[13.36482,38.08875],[13.36853,38.09047],[13.36882,38.08998],[13.36896,38.0892],[13.36933,38.08926],[13.37344,38.09017],[13.37372,38.08995],[13.37715,38.09071],[13.37799,38.09083],[13.37943,38.09082],[13.38021,38.0907],[13.38138,38.09037],[13.38349,38.08959],[13.38358,38.09008],[13.38349,38.09069],[13.38329,38.09131],[13.38285,38.0922],[13.38226,38.09302],[13.38221,38.09322],[13.38242,38.09471],[13.3824,38.09528],[13.38224,38.09567]]]},"properties":{"zona":"D3","linkzona":"PA00000321","fascia":"D","fascia_label":"Periferica","descr":"FALSOMIELE-ORETO-GUADAGNA-BRANCACCIO-FONDO BAGNASCO","semestre":"2025-S2","loc_min":4.0,"loc_max":5.0,"loc_mid":4.5,"sale_min":1000.0,"sale_max":1300.0,"sup":"L","tipologia":"Abitazioni civili","stato":"NORMALE","trend":18.4,"trend_from":"2023-S2"}},{"type":"Feature","geometry":{"type":"Polygon","coordinates":[[[13.29587,38.12568],[13.30105,38.12582],[13.304,38.12572],[13.30529,38.12561],[13.30767,38.12549],[13.31342,38.12578],[13.3135,38.1259],[13.31441,38.12525],[13.31583,38.12463],[13.31725,38.12385],[13.31773,38.12375],[13.31757,38.12404],[13.31756,38.12547],[13.31745,38.12569],[13.31742,38.12677],[13.32042,38.12685],[13.32159,38.12685],[13.32208,38.12673],[13.32232,38.12716],[13.32167,38.12895],[13.32147,38.12901],[13.32082,38.12976],[13.32239,38.13082],[13.32256,38.13099],[13.32224,38.13132],[13.32264,38.13154],[13.322,38.13229],[13.3215,38.13204],[13.32104,38.13254],[13.32112,38.13271],[13.32038,38.13363],[13.32025,38.1336],[13.31908,38.13499],[13.31821,38.13616],[13.31782,38.13654],[13.31765,38.13666],[13.31656,38.13644],[13.3159,38.13606],[13.31572,38.13622],[13.31516,38.13608],[13.31307,38.13522],[13.31305,38.13481],[13.3117,38.13427],[13.31077,38.13383],[13.31026,38.13371],[13.30829,38.13302],[13.3071,38.13268],[13.30714,38.13239],[13.3044,38.13119],[13.30265,38.13037],[13.30211,38.12983],[13.30153,38.12659],[13.30123,38.12615],[13.30066,38.12591],[13.2959,38.12576],[13.29587,38.12568]]]},"properties":{"zona":"E20","linkzona":"PA00006123","fascia":"E","fascia_label":"Suburbana","descr":"BADIA-ANGELICO-DA VINCI-RUGGIERI-CASTELLANA-MICHELANGELO","semestre":"2025-S2","loc_min":4.0,"loc_max":5.5,"loc_mid":4.75,"sale_min":1100.0,"sale_max":1500.0,"sup":"L","tipologia":"Abitazioni civili","stato":"NORMALE","trend":-3.1,"trend_from":"2023-S2"}},{"type":"Feature","geometry":{"type":"Polygon","coordinates":[[[13.28282,38.12666],[13.28277,38.12578],[13.28231,38.12478],[13.28232,38.12453],[13.28166,38.12282],[13.28079,38.12221],[13.28057,38.12171],[13.2807,38.12147],[13.28061,38.12089],[13.28087,38.1203],[13.28127,38.11975],[13.28158,38.11896],[13.28244,38.11899],[13.28286,38.11747],[13.2835,38.11675],[13.28427,38.11632],[13.2863,38.11538],[13.28797,38.11471],[13.28758,38.11417],[13.28756,38.11388],[13.28676,38.11325],[13.28636,38.11252],[13.28495,38.11198],[13.285,38.11146],[13.28453,38.11052],[13.2832,38.11059],[13.28366,38.10968],[13.28154,38.10806],[13.28222,38.10815],[13.28297,38.10726],[13.28331,38.10763],[13.28362,38.10781],[13.28575,38.10823],[13.28766,38.1078],[13.28861,38.10801],[13.29014,38.10847],[13.29112,38.10832],[13.29076,38.10455],[13.29067,38.10418],[13.29226,38.10279],[13.29267,38.10283],[13.29319,38.10213],[13.29414,38.1007],[13.29508,38.1006],[13.29557,38.1007],[13.29614,38.10064],[13.29665,38.10045],[13.29769,38.10041],[13.29772,38.10002],[13.30024,38.09876],[13.30044,38.09876],[13.30153,38.09915],[13.3016,38.0993],[13.3023,38.09969],[13.30247,38.09993],[13.30304,38.10055],[13.30348,38.1007],[13.3036,38.10021],[13.30393,38.1001],[13.30368,38.09961],[13.30449,38.0996],[13.30452,38.09934],[13.30383,38.09909],[13.3042,38.09863],[13.30478,38.0984],[13.30512,38.09869],[13.30527,38.09911],[13.30724,38.0992],[13.3091,38.09921],[13.30931,38.10053],[13.30965,38.10177],[13.3095,38.10301],[13.30915,38.10467],[13.30916,38.1054],[13.30901,38.10616],[13.30879,38.1067],[13.30796,38.10819],[13.30764,38.10916],[13.31364,38.10963],[13.31373,38.1094],[13.31267,38.10918],[13.31124,38.10921],[13.31116,38.10905],[13.31243,38.1087],[13.31512,38.10761],[13.31615,38.1074],[13.31653,38.10948],[13.31594,38.1095],[13.31377,38.10937],[13.31373,38.10951],[13.31665,38.10976],[13.3166,38.10948],[13.3177,38.10947],[13.31849,38.10928],[13.31902,38.10926],[13.31894,38.10998],[13.3188,38.11011],[13.3203,38.11024],[13.32,38.11043],[13.31995,38.11173],[13.31977,38.11218],[13.31994,38.11254],[13.31908,38.11235],[13.31904,38.1125],[13.31989,38.11269],[13.31971,38.11332],[13.31944,38.11328],[13.31925,38.11365],[13.3187,38.11357],[13.31856,38.11389],[13.31939,38.11436],[13.31821,38.1147],[13.31737,38.11673],[13.31727,38.11674],[13.31638,38.11889],[13.31667,38.11898],[13.31703,38.12129],[13.31722,38.12133],[13.31744,38.12377],[13.31725,38.12385],[13.31583,38.12463],[13.31441,38.12525],[13.3135,38.1259],[13.31342,38.12578],[13.30767,38.12549],[13.30529,38.12561],[13.304,38.12572],[13.30105,38.12582],[13.29587,38.12568],[13.29429,38.12559],[13.29282,38.12556],[13.28792,38.12611],[13.28682,38.12619],[13.28416,38.12661],[13.28282,38.12666]]]},"properties":{"zona":"E21","linkzona":"PA00006124","fascia":"E","fascia_label":"Suburbana","descr":"BAIDA-P.RIDENTE-BOCCADIFALCO","semestre":"2025-S2","loc_min":3.5,"loc_max":5.0,"loc_mid":4.25,"sale_min":1000.0,"sale_max":1500.0,"sup":"L","tipologia":"Abitazioni civili","stato":"NORMALE","trend":10.4,"trend_from":"2023-S2"}},{"type":"Feature","geometry":{"type":"Polygon","coordinates":[[[13.38344,38.08928],[13.38349,38.08959],[13.38138,38.09037],[13.38021,38.0907],[13.37943,38.09082],[13.37799,38.09083],[13.37715,38.09071],[13.37372,38.08995],[13.37344,38.09017],[13.36933,38.08926],[13.36896,38.0892],[13.36882,38.08998],[13.36853,38.09047],[13.36482,38.08875],[13.36465,38.08845],[13.36517,38.08818],[13.36544,38.08635],[13.36518,38.08623],[13.3652,38.08537],[13.36537,38.08515],[13.36487,38.08438],[13.36414,38.08289],[13.36374,38.0822],[13.3633,38.08212],[13.362,38.08164],[13.36094,38.08119],[13.36079,38.08082],[13.36017,38.08072],[13.35953,38.08035],[13.35846,38.07997],[13.3583,38.08018],[13.35731,38.07989],[13.3546,38.08545],[13.35396,38.0866],[13.35513,38.0868],[13.35823,38.08727],[13.35834,38.08732],[13.35801,38.08771],[13.35803,38.08765],[13.35809,38.08757],[13.35808,38.08755],[13.35806,38.08754],[13.35754,38.08735],[13.35417,38.08681],[13.35367,38.08686],[13.35225,38.0866],[13.35122,38.08651],[13.35035,38.08655],[13.34971,38.08665],[13.34916,38.08686],[13.34865,38.08675],[13.34733,38.08737],[13.34601,38.08816],[13.34587,38.08856],[13.34542,38.08829],[13.34528,38.08863],[13.34423,38.08941],[13.34454,38.08989],[13.3442,38.09024],[13.34352,38.09009],[13.34303,38.08962],[13.34235,38.08862],[13.34223,38.08807],[13.34196,38.08799],[13.34122,38.08807],[13.33966,38.08845],[13.33933,38.08845],[13.33823,38.08806],[13.33735,38.08746],[13.33692,38.08742],[13.33677,38.0872],[13.3363,38.08708],[13.33634,38.08607],[13.33609,38.08577],[13.33502,38.0857],[13.33389,38.08541],[13.33308,38.08511],[13.33258,38.08463],[13.33161,38.08406],[13.3308,38.08332],[13.3292,38.0825],[13.32902,38.08228],[13.3283,38.08202],[13.32793,38.08178],[13.32741,38.08179],[13.32714,38.08206],[13.3259,38.08168],[13.3257,38.08221],[13.32467,38.08225],[13.32428,38.08191],[13.3236,38.08152],[13.32359,38.08134],[13.32285,38.08086],[13.32271,38.08068],[13.32228,38.0795],[13.32279,38.07871],[13.32312,38.07841],[13.32262,38.0781],[13.32282,38.07749],[13.32301,38.07731],[13.32091,38.07109],[13.32014,38.07141],[13.31987,38.06997],[13.31995,38.06981],[13.32095,38.0696],[13.32141,38.06935],[13.3224,38.06824],[13.32276,38.06762],[13.32348,38.06679],[13.32364,38.06686],[13.32417,38.06618],[13.32446,38.06598],[13.3246,38.06635],[13.3258,38.06755],[13.32604,38.0682],[13.32659,38.06903],[13.32732,38.06852],[13.328,38.06901],[13.3284,38.06949],[13.32871,38.06947],[13.32924,38.06885],[13.33054,38.06929],[13.33179,38.06954],[13.33163,38.06992],[13.32982,38.07149],[13.33043,38.07179],[13.33105,38.07228],[13.33166,38.07258],[13.33252,38.07376],[13.33229,38.07424],[13.33306,38.07518],[13.3343,38.07578],[13.33419,38.07603],[13.33488,38.0764],[13.33567,38.07605],[13.3365,38.07524],[13.33794,38.0761],[13.33881,38.07568],[13.33978,38.07546],[13.34021,38.07544],[13.34097,38.07565],[13.34181,38.07605],[13.34326,38.0765],[13.34362,38.0767],[13.34493,38.07694],[13.3457,38.07688],[13.34597,38.07675],[13.34653,38.07679],[13.34743,38.07663],[13.34849,38.076],[13.34894,38.07566],[13.34926,38.07558],[13.34998,38.07577],[13.35106,38.07583],[13.35164,38.0757],[13.35319,38.075],[13.35475,38.07489],[13.35545,38.07495],[13.35637,38.07521],[13.35832,38.07549],[13.35886,38.07563],[13.35934,38.07559],[13.35966,38.07524],[13.36014,38.07516],[13.36191,38.07558],[13.36358,38.07612],[13.36436,38.07653],[13.36503,38.07698],[13.36587,38.0773],[13.36621,38.07752],[13.36743,38.07784],[13.36774,38.07815],[13.37048,38.07885],[13.37104,38.07908],[13.37162,38.07962],[13.37202,38.08012],[13.37298,38.08105],[13.37361,38.08152],[13.37562,38.08317],[13.37657,38.08443],[13.37744,38.0849],[13.37948,38.08606],[13.38329,38.08881],[13.38344,38.08928]]]},"properties":{"zona":"E22","linkzona":"PA00006163","fascia":"E","fascia_label":"Suburbana","descr":"VILLAGRAZIA-ALOI-CHIAVELLI-FALSOMIELE-BRASCA","semestre":"2025-S2","loc_min":3.1,"loc_max":4.3,"loc_mid":3.7,"sale_min":1000.0,"sale_max":1350.0,"sup":"L","tipologia":"Abitazioni civili","stato":"NORMALE","trend":0.0,"trend_from":"2023-S2"}},{"type":"Feature","geometry":{"type":"Polygon","coordinates":[[[13.31723,38.10328],[13.31733,38.10336],[13.32025,38.10372],[13.32176,38.10397],[13.32184,38.10415],[13.32174,38.10548],[13.32229,38.10523],[13.32263,38.10531],[13.3225,38.1058],[13.32228,38.1058],[13.32229,38.10703],[13.32255,38.10707],[13.32237,38.10945],[13.32227,38.10945],[13.32215,38.1096],[13.32086,38.10948],[13.32027,38.10952],[13.31902,38.10926],[13.31849,38.10928],[13.3177,38.10947],[13.3166,38.10948],[13.31653,38.10948],[13.31615,38.1074],[13.31512,38.10761],[13.31243,38.1087],[13.31116,38.10905],[13.31124,38.10921],[13.31267,38.10918],[13.31373,38.1094],[13.31364,38.10963],[13.30764,38.10916],[13.30796,38.10819],[13.30879,38.1067],[13.30901,38.10616],[13.30916,38.1054],[13.30915,38.10467],[13.3095,38.10301],[13.30965,38.10177],[13.30931,38.10053],[13.3091,38.09921],[13.30724,38.0992],[13.30527,38.09911],[13.30512,38.09869],[13.30478,38.0984],[13.3042,38.09863],[13.30383,38.09909],[13.30452,38.09934],[13.30449,38.0996],[13.30368,38.09961],[13.30393,38.1001],[13.3036,38.10021],[13.30348,38.1007],[13.30304,38.10055],[13.30247,38.09993],[13.30257,38.09955],[13.30302,38.09884],[13.30359,38.09877],[13.30395,38.09789],[13.3045,38.09693],[13.30448,38.09656],[13.30389,38.09581],[13.3036,38.09573],[13.30348,38.09527],[13.30365,38.09494],[13.30333,38.09461],[13.3034,38.09426],[13.30287,38.0936],[13.30297,38.09338],[13.30269,38.09292],[13.30291,38.09268],[13.30385,38.09321],[13.30395,38.09284],[13.30176,38.09105],[13.30228,38.09105],[13.30337,38.09051],[13.30202,38.08967],[13.30157,38.08914],[13.30161,38.08874],[13.3022,38.08808],[13.3024,38.08811],[13.30235,38.08742],[13.30218,38.08691],[13.30216,38.08629],[13.30243,38.08593],[13.30195,38.0855],[13.30129,38.08544],[13.30121,38.08497],[13.30196,38.08457],[13.30211,38.08411],[13.30249,38.0842],[13.3027,38.0836],[13.30269,38.08319],[13.30322,38.08211],[13.30299,38.08199],[13.3031,38.08162],[13.30351,38.08165],[13.3041,38.08089],[13.30363,38.08073],[13.30434,38.07996],[13.30394,38.0796],[13.30317,38.07933],[13.30322,38.07882],[13.30274,38.07813],[13.30162,38.07761],[13.30205,38.07668],[13.30284,38.0757],[13.30319,38.07536],[13.30248,38.07478],[13.30275,38.07461],[13.30326,38.07458],[13.30381,38.07473],[13.30601,38.07472],[13.30751,38.07455],[13.30854,38.07517],[13.30914,38.07523],[13.30952,38.07548],[13.30962,38.07589],[13.30991,38.07619],[13.3109,38.07693],[13.31145,38.07711],[13.31185,38.07792],[13.31249,38.07856],[13.31382,38.07756],[13.31423,38.07696],[13.31427,38.0767],[13.31396,38.07624],[13.31354,38.07491],[13.31315,38.07451],[13.31394,38.07407],[13.31457,38.07234],[13.31462,38.07172],[13.31504,38.07121],[13.31523,38.07067],[13.31467,38.07046],[13.31438,38.07022],[13.31596,38.06996],[13.31658,38.07014],[13.31706,38.0705],[13.31735,38.07121],[13.31811,38.07112],[13.3183,38.07119],[13.31881,38.07088],[13.31878,38.07031],[13.31933,38.07001],[13.31987,38.06997],[13.32014,38.07141],[13.32091,38.07109],[13.32301,38.07731],[13.32282,38.07749],[13.32262,38.0781],[13.32312,38.07841],[13.32279,38.07871],[13.32228,38.0795],[13.32271,38.08068],[13.32285,38.08086],[13.32359,38.08134],[13.3236,38.08152],[13.32428,38.08191],[13.32467,38.08225],[13.3257,38.08221],[13.3259,38.08168],[13.32714,38.08206],[13.32741,38.08179],[13.32793,38.08178],[13.3283,38.08202],[13.32902,38.08228],[13.3292,38.0825],[13.3308,38.08332],[13.33161,38.08406],[13.33258,38.08463],[13.33308,38.08511],[13.33389,38.08541],[13.33502,38.0857],[13.33609,38.08577],[13.33634,38.08607],[13.3363,38.08708],[13.33677,38.0872],[13.33692,38.08742],[13.33735,38.08746],[13.33823,38.08806],[13.33933,38.08845],[13.33966,38.08845],[13.34122,38.08807],[13.34196,38.08799],[13.34223,38.08807],[13.34235,38.08862],[13.34303,38.08962],[13.34346,38.09015],[13.34292,38.09054],[13.34257,38.09053],[13.34021,38.0923],[13.33679,38.09481],[13.33663,38.09485],[13.33617,38.09489],[13.33547,38.0954],[13.33549,38.09576],[13.33558,38.09698],[13.33452,38.09683],[13.3338,38.09667],[13.33267,38.09615],[13.3323,38.09679],[13.33068,38.0961],[13.33035,38.09697],[13.32914,38.09637],[13.32842,38.09586],[13.32732,38.09527],[13.32655,38.09559],[13.32545,38.0956],[13.32438,38.09541],[13.32335,38.09513],[13.32252,38.09511],[13.3214,38.09464],[13.32056,38.09411],[13.31898,38.09376],[13.31717,38.09786],[13.31724,38.09811],[13.32099,38.09967],[13.32096,38.0997],[13.31835,38.09861],[13.31742,38.09827],[13.31707,38.09937],[13.31677,38.10067],[13.31594,38.10055],[13.31569,38.10062],[13.31494,38.103],[13.3171,38.10337],[13.31723,38.10328]]]},"properties":{"zona":"E23","linkzona":"PA00006526","fascia":"E","fascia_label":"Suburbana","descr":"OSPEDALE INGRASSIA - MOLARA-PAGLIARELLI-RISERVA REALE-VILLA NAVE","semestre":"2025-S2","loc_min":3.5,"loc_max":5.0,"loc_mid":4.25,"sale_min":950.0,"sale_max":1400.0,"sup":"L","tipologia":"Abitazioni civili","stato":"NORMALE","trend":0.0,"trend_from":"2023-S2"}},{"type":"Feature","geometry":{"type":"Polygon","coordinates":[[[13.37238,38.10478],[13.37224,38.10468],[13.37332,38.10395],[13.37372,38.10424],[13.37454,38.10389],[13.37538,38.10335],[13.37539,38.10311],[13.37617,38.10254],[13.37847,38.1011],[13.37889,38.1008],[13.38016,38.09957],[13.38055,38.09904],[13.38104,38.09769],[13.38142,38.09693],[13.38224,38.09567],[13.38232,38.0957],[13.3833,38.09655],[13.38375,38.09628],[13.38398,38.09652],[13.3836,38.09683],[13.38427,38.09747],[13.38486,38.09734],[13.3867,38.09624],[13.38714,38.09618],[13.38878,38.09817],[13.38982,38.09772],[13.39089,38.0971],[13.39186,38.09707],[13.39281,38.09687],[13.39402,38.0965],[13.39435,38.09704],[13.39454,38.09695],[13.39642,38.09647],[13.39877,38.09601],[13.3994,38.09573],[13.3991,38.09512],[13.39908,38.09471],[13.4011,38.09402],[13.40177,38.09396],[13.40263,38.09356],[13.40349,38.09329],[13.40365,38.09343],[13.40782,38.09212],[13.40793,38.09194],[13.40829,38.09248],[13.40707,38.09284],[13.4072,38.0934],[13.40601,38.09369],[13.4064,38.09432],[13.40667,38.09429],[13.40779,38.0942],[13.4085,38.09522],[13.40787,38.09548],[13.40845,38.0965],[13.40949,38.09625],[13.40957,38.09639],[13.40876,38.09669],[13.40931,38.09768],[13.40881,38.09816],[13.4097,38.09805],[13.40972,38.09785],[13.41016,38.09759],[13.40957,38.0966],[13.40968,38.09656],[13.41019,38.09736],[13.41086,38.09715],[13.41098,38.09776],[13.41156,38.09767],[13.41176,38.09799],[13.41061,38.09811],[13.41072,38.09866],[13.41027,38.0988],[13.40849,38.09902],[13.40611,38.0996],[13.40463,38.09992],[13.40397,38.10011],[13.40359,38.10037],[13.40324,38.10088],[13.4029,38.10116],[13.40207,38.1016],[13.40098,38.10256],[13.40063,38.10278],[13.399,38.10324],[13.39836,38.10352],[13.39718,38.1038],[13.39648,38.10384],[13.39576,38.10377],[13.39422,38.10404],[13.39288,38.10453],[13.39241,38.10478],[13.39244,38.10509],[13.39101,38.10555],[13.39083,38.10573],[13.38984,38.10607],[13.38828,38.10674],[13.38766,38.10694],[13.38556,38.10779],[13.38368,38.10875],[13.3833,38.10906],[13.38284,38.10963],[13.38213,38.11012],[13.38134,38.11047],[13.381,38.11071],[13.38071,38.11113],[13.38016,38.1117],[13.37953,38.11217],[13.37924,38.11253],[13.3784,38.11255],[13.37821,38.11305],[13.37901,38.11322],[13.37868,38.11382],[13.37881,38.11411],[13.37725,38.11334],[13.37747,38.11302],[13.3772,38.11289],[13.37684,38.11272],[13.37718,38.11225],[13.37754,38.11235],[13.37804,38.1118],[13.37823,38.1114],[13.37827,38.11062],[13.37892,38.10973],[13.37871,38.10952],[13.37897,38.10929],[13.3793,38.1095],[13.38056,38.10846],[13.38042,38.1082],[13.37973,38.10752],[13.38014,38.10728],[13.3793,38.10641],[13.37891,38.10661],[13.37895,38.10698],[13.37928,38.10734],[13.37886,38.10756],[13.37969,38.1085],[13.37844,38.10957],[13.37805,38.10976],[13.37738,38.11067],[13.37734,38.11146],[13.377,38.11181],[13.37688,38.11229],[13.3764,38.11237],[13.37607,38.1121],[13.3757,38.11119],[13.3732,38.10783],[13.37285,38.10698],[13.37255,38.1071],[13.372,38.10635],[13.37221,38.10603],[13.37172,38.10551],[13.37218,38.10521],[13.37238,38.10478]]]},"properties":{"zona":"D4","linkzona":"PA00000097","fascia":"D","fascia_label":"Periferica","descr":"S.ERASMO-ROMAGNOLO-SPERONE-SETTECANNOLI","semestre":"2025-S2","loc_min":4.5,"loc_max":5.5,"loc_mid":5.0,"sale_min":950.0,"sale_max":1300.0,"sup":"L","tipologia":"Abitazioni civili","stato":"NORMALE","trend":20.5,"trend_from":"2023-S2"}},{"type":"Feature","geometry":{"type":"Polygon","coordinates":[[[13.28289,38.18829],[13.28161,38.18767],[13.28187,38.18753],[13.28201,38.18703],[13.28299,38.18619],[13.28208,38.18592],[13.28157,38.18584],[13.28125,38.18521],[13.28387,38.17881],[13.2837,38.17782],[13.28398,38.17656],[13.28442,38.17599],[13.28435,38.17459],[13.2829,38.17455],[13.28277,38.17411],[13.2819,38.17336],[13.28185,38.1731],[13.28227,38.17222],[13.28282,38.17173],[13.28381,38.17144],[13.28404,38.17069],[13.28394,38.17035],[13.28402,38.16991],[13.28441,38.16934],[13.28481,38.16892],[13.28447,38.16869],[13.2839,38.16879],[13.28335,38.16849],[13.28286,38.1677],[13.28255,38.16748],[13.28261,38.16683],[13.28275,38.16654],[13.28162,38.16606],[13.28241,38.1649],[13.28312,38.1651],[13.2838,38.16548],[13.28435,38.16594],[13.28466,38.16666],[13.2853,38.16672],[13.28552,38.16689],[13.28544,38.16735],[13.28631,38.1677],[13.28658,38.16714],[13.28764,38.16674],[13.28912,38.16609],[13.29012,38.16559],[13.29108,38.16435],[13.2914,38.16325],[13.29197,38.16227],[13.29221,38.162],[13.29425,38.16116],[13.2944,38.16072],[13.29501,38.16052],[13.29741,38.16037],[13.2978,38.16028],[13.29866,38.15982],[13.29896,38.15993],[13.29949,38.15963],[13.30044,38.15928],[13.30133,38.15849],[13.302,38.15748],[13.3026,38.1568],[13.30309,38.15646],[13.30319,38.15617],[13.3113,38.15967],[13.31058,38.16079],[13.31045,38.16132],[13.31006,38.16195],[13.30915,38.16282],[13.30748,38.16393],[13.30636,38.16445],[13.30537,38.16521],[13.30487,38.16573],[13.30378,38.16733],[13.30343,38.16776],[13.30136,38.16987],[13.30057,38.17044],[13.30071,38.17056],[13.29964,38.17162],[13.299,38.17209],[13.29853,38.17257],[13.29833,38.17294],[13.29757,38.17389],[13.29691,38.17452],[13.29886,38.17558],[13.2977,38.17664],[13.29755,38.17671],[13.29578,38.17818],[13.29538,38.17857],[13.29353,38.18083],[13.29252,38.18219],[13.29195,38.1832],[13.29075,38.18409],[13.28947,38.18699],[13.28899,38.18667],[13.28928,38.18603],[13.28841,38.18557],[13.2877,38.18604],[13.28806,38.18622],[13.28747,38.18683],[13.28662,38.18641],[13.28551,38.18727],[13.28497,38.18697],[13.28327,38.18827],[13.28289,38.18829]]]},"properties":{"zona":"E6","linkzona":"PA00000324","fascia":"E","fascia_label":"Suburbana","descr":"PARCO DEI PRINCIPI-UGO LA MALFA-V.GIOE","semestre":"2025-S2","loc_min":3.1,"loc_max":4.5,"loc_mid":3.8,"sale_min":1000.0,"sale_max":1450.0,"sup":"L","tipologia":"Abitazioni civili","stato":"NORMALE","trend":0.0,"trend_from":"2023-S2"}},{"type":"Feature","geometry":{"type":"Polygon","coordinates":[[[13.28282,38.12666],[13.2828,38.12676],[13.2797,38.12689],[13.27907,38.12685],[13.27782,38.12734],[13.27633,38.1289],[13.27623,38.12935],[13.27711,38.12979],[13.27717,38.1306],[13.27704,38.13131],[13.27712,38.13207],[13.27741,38.13253],[13.27848,38.13357],[13.27941,38.13406],[13.27975,38.13397],[13.28212,38.13213],[13.28267,38.13177],[13.28364,38.13256],[13.28381,38.13359],[13.28323,38.13393],[13.28403,38.1347],[13.28507,38.13541],[13.28425,38.13624],[13.28511,38.13691],[13.28576,38.13752],[13.28645,38.13832],[13.28821,38.13984],[13.28731,38.14042],[13.28732,38.14066],[13.2878,38.14097],[13.28813,38.14144],[13.28875,38.14203],[13.28977,38.14204],[13.29018,38.14212],[13.29053,38.14188],[13.2912,38.14225],[13.2915,38.14265],[13.29213,38.14313],[13.29203,38.14345],[13.29234,38.14395],[13.29308,38.14558],[13.29307,38.14644],[13.29371,38.14638],[13.29404,38.14668],[13.29404,38.14715],[13.29433,38.14782],[13.29364,38.14884],[13.29346,38.14922],[13.29596,38.15038],[13.29589,38.15129],[13.29551,38.15214],[13.29331,38.15173],[13.29323,38.1521],[13.294,38.15284],[13.29415,38.15324],[13.29449,38.15345],[13.2946,38.15388],[13.29543,38.15449],[13.29645,38.156],[13.29637,38.15634],[13.29599,38.15679],[13.29561,38.15698],[13.29603,38.15734],[13.29592,38.15781],[13.29559,38.15831],[13.29526,38.15903],[13.29518,38.15988],[13.29498,38.16019],[13.29501,38.16052],[13.2944,38.16072],[13.29425,38.16116],[13.29221,38.162],[13.29197,38.16227],[13.2914,38.16325],[13.29108,38.16435],[13.29012,38.16559],[13.28912,38.16609],[13.28764,38.16674],[13.28658,38.16714],[13.28631,38.1677],[13.28544,38.16735],[13.28552,38.16689],[13.2853,38.16672],[13.28466,38.16666],[13.28435,38.16594],[13.2838,38.16548],[13.28312,38.1651],[13.28241,38.1649],[13.28162,38.16606],[13.28275,38.16654],[13.28261,38.16683],[13.28255,38.16748],[13.28286,38.1677],[13.28335,38.16849],[13.2839,38.16879],[13.28447,38.16869],[13.28481,38.16892],[13.28441,38.16934],[13.28402,38.16991],[13.28394,38.17035],[13.28404,38.17069],[13.28381,38.17144],[13.28282,38.17173],[13.28227,38.17222],[13.28185,38.1731],[13.2819,38.17336],[13.28277,38.17411],[13.2829,38.17455],[13.28435,38.17459],[13.28442,38.17599],[13.28398,38.17656],[13.2837,38.17782],[13.28387,38.17881],[13.28125,38.18521],[13.28157,38.18584],[13.28208,38.18592],[13.28299,38.18619],[13.28201,38.18703],[13.28187,38.18753],[13.28161,38.18767],[13.28036,38.18795],[13.28041,38.18741],[13.27944,38.18769],[13.27745,38.18806],[13.27664,38.18835],[13.27639,38.18772],[13.27647,38.18741],[13.27594,38.18701],[13.27566,38.18662],[13.27529,38.18636],[13.27523,38.18593],[13.27496,38.18558],[13.27142,38.18375],[13.26883,38.18365],[13.26833,38.18349],[13.26872,38.18189],[13.27042,38.17718],[13.27059,38.1769],[13.27035,38.17657],[13.26823,38.17441],[13.26793,38.17392],[13.267,38.17345],[13.26413,38.17121],[13.26319,38.16967],[13.26267,38.16945],[13.26104,38.16925],[13.26019,38.16924],[13.25833,38.16911],[13.25634,38.16903],[13.25544,38.16895],[13.25502,38.16802],[13.25538,38.16702],[13.25565,38.16677],[13.2557,38.16616],[13.25696,38.1647],[13.25705,38.16359],[13.25752,38.16247],[13.25861,38.16151],[13.25959,38.16099],[13.26119,38.15993],[13.26163,38.15938],[13.26161,38.1581],[13.2622,38.1557],[13.26256,38.15468],[13.26277,38.15356],[13.26318,38.15187],[13.26348,38.15206],[13.26413,38.15166],[13.26386,38.15086],[13.26414,38.15023],[13.26381,38.14983],[13.26304,38.14968],[13.26263,38.14947],[13.26216,38.14905],[13.26184,38.14762],[13.26089,38.14684],[13.2602,38.14619],[13.25957,38.14513],[13.2591,38.14462],[13.25837,38.14397],[13.25746,38.14353],[13.25599,38.14256],[13.25547,38.14099],[13.25508,38.14014],[13.25424,38.1394],[13.25364,38.13917],[13.25274,38.1387],[13.25158,38.1377],[13.25071,38.13687],[13.25034,38.1359],[13.24867,38.13599],[13.24846,38.13585],[13.24809,38.13486],[13.24789,38.13393],[13.24783,38.13307],[13.24796,38.12998],[13.24925,38.12736],[13.25074,38.12419],[13.25185,38.1225],[13.25064,38.11911],[13.24989,38.11818],[13.2487,38.1162],[13.24694,38.11503],[13.24683,38.11435],[13.24703,38.11315],[13.24696,38.11089],[13.24676,38.1103],[13.24693,38.10981],[13.24669,38.1089],[13.2457,38.10744],[13.24608,38.10609],[13.24549,38.10596],[13.24456,38.1051],[13.24406,38.10451],[13.24314,38.10355],[13.24251,38.10229],[13.24191,38.10039],[13.24301,38.1004],[13.24338,38.10065],[13.24552,38.10074],[13.24586,38.10099],[13.24569,38.10133],[13.24595,38.1019],[13.24659,38.10182],[13.24696,38.10198],[13.2476,38.1018],[13.24839,38.10188],[13.24918,38.10212],[13.25001,38.10268],[13.25187,38.10273],[13.25276,38.1029],[13.25513,38.10392],[13.25617,38.10411],[13.2568,38.10434],[13.25813,38.10444],[13.25868,38.1046],[13.25911,38.10455],[13.26018,38.10464],[13.26066,38.10497],[13.2607,38.10557],[13.26139,38.10541],[13.26191,38.10489],[13.26257,38.1046],[13.26278,38.10432],[13.26326,38.10431],[13.26424,38.10405],[13.26482,38.10424],[13.26574,38.10402],[13.26613,38.10409],[13.26687,38.10393],[13.26766,38.10398],[13.26827,38.10414],[13.27039,38.10433],[13.27179,38.10481],[13.27292,38.10534],[13.27411,38.10545],[13.27533,38.1058],[13.2761,38.10584],[13.27772,38.10577],[13.27842,38.10558],[13.27975,38.10562],[13.28056,38.10575],[13.28105,38.10613],[13.28175,38.10632],[13.28311,38.10719],[13.28331,38.10763],[13.28297,38.10726],[13.28222,38.10815],[13.28154,38.10806],[13.28366,38.10968],[13.2832,38.11059],[13.28453,38.11052],[13.285,38.11146],[13.28495,38.11198],[13.28636,38.11252],[13.28676,38.11325],[13.28756,38.11388],[13.28758,38.11417],[13.28797,38.11471],[13.2863,38.11538],[13.28427,38.11632],[13.2835,38.11675],[13.28286,38.11747],[13.28244,38.11899],[13.28158,38.11896],[13.28127,38.11975],[13.28087,38.1203],[13.28061,38.12089],[13.2807,38.12147],[13.28057,38.12171],[13.28079,38.12221],[13.28166,38.12282],[13.28232,38.12453],[13.28231,38.12478],[13.28277,38.12578],[13.28282,38.12666]]]},"properties":{"zona":"R2","linkzona":"PA00005585","fascia":"R","fascia_label":"Extraurbana","descr":"ZONA  RURALE NORD OVEST","semestre":"2025-S2","loc_min":null,"loc_max":null,"loc_mid":null}},{"type":"Feature","geometry":{"type":"Polygon","coordinates":[[[13.33363,38.17119],[13.33367,38.17137],[13.33366,38.17145],[13.33142,38.1706],[13.3303,38.17013],[13.32715,38.16868],[13.3304,38.16421],[13.33043,38.16407],[13.33015,38.16352],[13.33019,38.16306],[13.33073,38.16238],[13.33135,38.16208],[13.33209,38.16208],[13.33258,38.16188],[13.3333,38.16082],[13.33404,38.15982],[13.33434,38.15984],[13.33495,38.15889],[13.33599,38.15763],[13.33579,38.15753],[13.33673,38.15648],[13.33786,38.15482],[13.33867,38.15376],[13.33895,38.1536],[13.33911,38.15338],[13.33969,38.15347],[13.34029,38.1527],[13.34058,38.1521],[13.3413,38.15113],[13.34088,38.15077],[13.34255,38.14771],[13.34285,38.14705],[13.34294,38.14685],[13.34329,38.14669],[13.34878,38.15041],[13.35041,38.1493],[13.35102,38.14875],[13.35197,38.14714],[13.35394,38.14773],[13.35566,38.14802],[13.35619,38.14793],[13.35572,38.14694],[13.35631,38.14376],[13.35646,38.14378],[13.35641,38.14461],[13.35627,38.14462],[13.35589,38.14721],[13.35642,38.14804],[13.35687,38.1481],[13.35725,38.14864],[13.35967,38.1493],[13.35969,38.14905],[13.36304,38.14985],[13.3635,38.1511],[13.36368,38.15134],[13.36462,38.15117],[13.36498,38.15088],[13.36545,38.15104],[13.36466,38.15216],[13.36484,38.1528],[13.365,38.15387],[13.36524,38.15432],[13.36585,38.15427],[13.36594,38.15482],[13.3656,38.15488],[13.36639,38.15603],[13.36744,38.15588],[13.36745,38.1562],[13.36656,38.15625],[13.36672,38.15651],[13.36825,38.15656],[13.36831,38.1569],[13.36822,38.15753],[13.36894,38.15767],[13.36906,38.1569],[13.36968,38.15687],[13.37013,38.15685],[13.3708,38.15681],[13.37111,38.15757],[13.37107,38.15806],[13.3715,38.15809],[13.37164,38.15771],[13.37212,38.15731],[13.3723,38.15736],[13.37307,38.15677],[13.37327,38.15678],[13.37353,38.15683],[13.37307,38.15756],[13.37297,38.15805],[13.37308,38.15842],[13.37292,38.15861],[13.37253,38.15985],[13.37234,38.16018],[13.37212,38.161],[13.3718,38.16135],[13.37166,38.16249],[13.37129,38.1632],[13.37007,38.16463],[13.36999,38.16503],[13.36941,38.16538],[13.36933,38.16573],[13.36892,38.16604],[13.36913,38.16629],[13.36839,38.16676],[13.36751,38.1675],[13.36673,38.16826],[13.36693,38.16881],[13.3668,38.16944],[13.36712,38.17042],[13.36704,38.17106],[13.36655,38.17233],[13.3667,38.17274],[13.36759,38.17401],[13.36774,38.17472],[13.3674,38.1755],[13.36664,38.17548],[13.3659,38.17561],[13.36495,38.17556],[13.36291,38.17544],[13.36349,38.17395],[13.36262,38.17392],[13.36234,38.17455],[13.36225,38.17509],[13.36192,38.17551],[13.36187,38.17571],[13.36026,38.17573],[13.36021,38.17564],[13.33712,38.17553],[13.33705,38.17497],[13.33733,38.17466],[13.33753,38.1739],[13.33797,38.17324],[13.33838,38.17322],[13.33889,38.17294],[13.33933,38.17288],[13.33938,38.1725],[13.33895,38.17201],[13.33873,38.17202],[13.33818,38.17266],[13.3362,38.17211],[13.33515,38.17161],[13.33518,38.17135],[13.3338,38.17134],[13.33363,38.17119]]]},"properties":{"zona":"E1","linkzona":"PA00000322","fascia":"E","fascia_label":"Suburbana","descr":"FAVORITA-MONTE PELLEGRINO-VERGINE MARIA","semestre":"2025-S2","loc_min":3.1,"loc_max":4.4,"loc_mid":3.75,"sale_min":950.0,"sale_max":1350.0,"sup":"L","tipologia":"Abitazioni civili","stato":"NORMALE","trend":0.0,"trend_from":"2023-S2"}},{"type":"Feature","geometry":{"type":"Polygon","coordinates":[[[13.32087,38.19012],[13.3198,38.19067],[13.31855,38.19148],[13.3171,38.19216],[13.3168,38.19256],[13.31681,38.1929],[13.31642,38.19344],[13.31578,38.19411],[13.31498,38.19476],[13.31469,38.19485],[13.31363,38.19464],[13.31279,38.19424],[13.31229,38.19376],[13.31128,38.19492],[13.31017,38.19459],[13.30972,38.19435],[13.30892,38.19498],[13.3085,38.19477],[13.30831,38.19499],[13.3062,38.19386],[13.30518,38.19506],[13.30324,38.19409],[13.30179,38.19322],[13.30115,38.19268],[13.30056,38.19208],[13.29884,38.19],[13.29794,38.18954],[13.29678,38.18926],[13.29556,38.1891],[13.29482,38.18891],[13.29424,38.18887],[13.29329,38.18903],[13.29082,38.1893],[13.28998,38.18958],[13.28961,38.18947],[13.28902,38.189],[13.28893,38.18845],[13.28954,38.18702],[13.28947,38.18699],[13.29075,38.18409],[13.29195,38.1832],[13.29252,38.18219],[13.29353,38.18083],[13.29538,38.17857],[13.29578,38.17818],[13.29755,38.17671],[13.2977,38.17664],[13.29886,38.17558],[13.29998,38.17461],[13.30035,38.17445],[13.30291,38.17594],[13.30417,38.1748],[13.30506,38.1755],[13.30563,38.17587],[13.30769,38.17733],[13.30685,38.17851],[13.30831,38.17931],[13.30975,38.17778],[13.31078,38.17826],[13.31127,38.17753],[13.31295,38.1783],[13.31282,38.17883],[13.31233,38.17953],[13.31238,38.18],[13.31327,38.18028],[13.31328,38.18039],[13.31402,38.18082],[13.31337,38.18187],[13.31269,38.18281],[13.31278,38.18288],[13.31174,38.18416],[13.31265,38.18461],[13.31259,38.18474],[13.31344,38.18516],[13.31342,38.1854],[13.31406,38.18552],[13.31447,38.18544],[13.315,38.18458],[13.31542,38.18469],[13.31779,38.18495],[13.3192,38.18545],[13.3191,38.18573],[13.32284,38.18655],[13.32273,38.18701],[13.32096,38.18986],[13.32087,38.19012]]]},"properties":{"zona":"E5","linkzona":"PA00000105","fascia":"E","fascia_label":"Suburbana","descr":"CARDILLO-LANZA DI SCALEA-OLIMPO","semestre":"2025-S2","loc_min":3.4,"loc_max":4.9,"loc_mid":4.15,"sale_min":1150.0,"sale_max":1500.0,"sup":"L","tipologia":"Abitazioni civili","stato":"NORMALE","trend":0.0,"trend_from":"2023-S2"}},{"type":"Feature","geometry":{"type":"Polygon","coordinates":[[[13.31782,38.13654],[13.31821,38.13616],[13.31908,38.13499],[13.32025,38.1336],[13.32038,38.13363],[13.32112,38.13271],[13.32104,38.13254],[13.3215,38.13204],[13.322,38.13229],[13.32264,38.13154],[13.32224,38.13132],[13.32256,38.13099],[13.32239,38.13082],[13.32082,38.12976],[13.32147,38.12901],[13.32167,38.12895],[13.32232,38.12716],[13.32208,38.12673],[13.32159,38.12685],[13.32042,38.12685],[13.31742,38.12677],[13.31745,38.12569],[13.31756,38.12547],[13.31757,38.12404],[13.31773,38.12375],[13.31962,38.12325],[13.32147,38.12302],[13.32415,38.12279],[13.32563,38.12271],[13.32694,38.12259],[13.32818,38.12239],[13.32833,38.12237],[13.32859,38.12485],[13.32865,38.12492],[13.32843,38.12506],[13.32867,38.12745],[13.32907,38.12771],[13.32913,38.12833],[13.32936,38.12847],[13.32907,38.12928],[13.32929,38.13094],[13.32909,38.13096],[13.32955,38.13429],[13.33146,38.13474],[13.3314,38.13482],[13.32961,38.1344],[13.3297,38.13548],[13.3301,38.13564],[13.33003,38.13621],[13.33016,38.13693],[13.33038,38.13873],[13.33024,38.1388],[13.33034,38.13954],[13.33057,38.13988],[13.33041,38.14009],[13.3306,38.14185],[13.33047,38.14256],[13.33019,38.14319],[13.3296,38.1441],[13.32905,38.14473],[13.32807,38.14573],[13.32699,38.14511],[13.32736,38.14475],[13.32819,38.1435],[13.32839,38.14296],[13.32815,38.1428],[13.32789,38.14225],[13.32798,38.14206],[13.32725,38.14087],[13.32707,38.14015],[13.32727,38.13979],[13.32673,38.13966],[13.32723,38.13921],[13.32702,38.13897],[13.3261,38.13875],[13.32546,38.13851],[13.32487,38.13867],[13.3235,38.13837],[13.32347,38.13827],[13.32346,38.13806],[13.32262,38.13793],[13.3208,38.13773],[13.31755,38.13696],[13.31782,38.13654]]]},"properties":{"zona":"D10","linkzona":"PA00006103","fascia":"D","fascia_label":"Periferica","descr":"DI BLASI-RUGGIERI-DA VINCI-ANGELICO-BADIA-MICHELANGELO-MANDALA","semestre":"2025-S2","loc_min":3.9,"loc_max":5.3,"loc_mid":4.6,"sale_min":1150.0,"sale_max":1550.0,"sup":"L","tipologia":"Abitazioni civili","stato":"NORMALE","trend":0.0,"trend_from":"2023-S2"}},{"type":"Feature","geometry":{"type":"Polygon","coordinates":[[[13.33558,38.09698],[13.33549,38.09576],[13.33663,38.09492],[13.33663,38.09485],[13.33679,38.09481],[13.34021,38.0923],[13.34257,38.09053],[13.34292,38.09054],[13.34346,38.09015],[13.34303,38.08962],[13.34352,38.09009],[13.3442,38.09024],[13.34454,38.08989],[13.34423,38.08941],[13.34528,38.08863],[13.34542,38.08829],[13.34587,38.08856],[13.34601,38.08816],[13.34733,38.08737],[13.34865,38.08675],[13.34916,38.08686],[13.34998,38.08756],[13.35105,38.08912],[13.35152,38.08949],[13.35291,38.09036],[13.35171,38.09244],[13.35156,38.0929],[13.35176,38.09327],[13.35271,38.09327],[13.3531,38.09342],[13.35321,38.09366],[13.35281,38.09385],[13.35241,38.0946],[13.35239,38.09483],[13.35161,38.09522],[13.35156,38.09544],[13.351,38.09572],[13.35029,38.09535],[13.34986,38.09585],[13.34899,38.09539],[13.34883,38.09565],[13.3489,38.09715],[13.34872,38.09719],[13.34737,38.09608],[13.34718,38.09584],[13.34653,38.09568],[13.34622,38.09602],[13.34481,38.09728],[13.34519,38.0978],[13.34596,38.09903],[13.34511,38.09971],[13.34621,38.10074],[13.3456,38.10049],[13.34524,38.10078],[13.3457,38.10116],[13.34548,38.10135],[13.34507,38.1011],[13.34452,38.10098],[13.34406,38.10159],[13.34365,38.1017],[13.34357,38.10245],[13.34395,38.10281],[13.34404,38.10325],[13.34375,38.10382],[13.34313,38.10371],[13.34206,38.10446],[13.34175,38.10486],[13.34048,38.10346],[13.33921,38.10227],[13.3386,38.1016],[13.33791,38.09992],[13.33762,38.0995],[13.33608,38.09768],[13.33558,38.09698]]]},"properties":{"zona":"D11","linkzona":"PA00006144","fascia":"D","fascia_label":"Periferica","descr":"ZONA DI ESPANSIONE TRA VIA ALTOFONTE E VIA ROCCELLA","semestre":"2025-S2","loc_min":3.0,"loc_max":4.4,"loc_mid":3.7,"sale_min":960.0,"sale_max":1400.0,"sup":"L","tipologia":"Abitazioni civili","stato":"NORMALE","trend":0.0,"trend_from":"2023-S2"}}]}